1 0
0.999977 0.00677138
0.999912 0.0132282
0.999808 0.0194956
0.999668 0.0256469
0.999492 0.0317263
0.99928 0.0377605
0.999032 0.0437661
0.998749 0.0497532
0.99843 0.0557278
0.998076 0.0616937
0.997686 0.0676533
0.99726 0.0736079
0.996798 0.0795582
0.996301 0.0855046
0.995768 0.0914473
0.995199 0.0973863
0.994594 0.103321
0.993954 0.109253
0.993278 0.11518
0.992566 0.121103
0.991818 0.127022
0.991035 0.132936
0.990216 0.138845
0.989362 0.144749
0.988472 0.150648
0.987547 0.156542
0.986586 0.162429
0.985589 0.168311
0.984557 0.174187
0.98349 0.180057
0.982387 0.18592
0.98125 0.191776
0.980076 0.197626
0.978868 0.203468
0.977624 0.209303
0.976346 0.21513
0.975032 0.22095
0.973683 0.226761
0.972299 0.232565
0.97088 0.23836
0.969426 0.244146
0.967938 0.249924
0.966414 0.255692
0.964856 0.261452
0.963263 0.267201
0.961636 0.272942
0.959974 0.278672
0.958277 0.284392
0.956546 0.290102
0.954781 0.295802
0.952981 0.30149
0.951147 0.307168
0.949279 0.312835
0.947376 0.318491
0.94544 0.324135
0.943469 0.329767
0.941465 0.335387
0.939427 0.340995
0.937355 0.346591
0.935249 0.352175
0.93311 0.357745
0.930937 0.363303
0.92873 0.368848
0.926491 0.374379
0.924218 0.379897
0.921911 0.385401
0.919572 0.390891
0.917199 0.396366
0.914794 0.401828
0.912355 0.407275
0.909884 0.412707
0.90738 0.418125
0.904843 0.423527
0.902274 0.428914
0.899672 0.434285
0.897038 0.439641
0.894372 0.444981
0.891673 0.450304
0.888943 0.455612
0.88618 0.460902
0.883386 0.466177
0.88056 0.471434
0.877702 0.476674
0.874812 0.481897
0.871891 0.487103
0.868939 0.492291
0.865955 0.497461
0.862941 0.502613
0.859895 0.507747
0.856818 0.512862
0.853711 0.517959
0.850572 0.523037
0.847404 0.528097
0.844204 0.533137
0.840975 0.538158
0.837715 0.543159
0.834424 0.548141
0.831104 0.553102
0.827754 0.558044
0.824374 0.562966
0.820965 0.567867
0.817526 0.572747
0.814057 0.577607
0.81056 0.582446
0.807033 0.587263
0.803477 0.59206
0.799892 0.596835
0.796278 0.601588
0.792636 0.60632
0.788965 0.611029
0.785266 0.615717
0.781538 0.620382
0.777783 0.625024
0.773999 0.629644
0.770188 0.634241
0.766349 0.638815
0.762482 0.643366
0.758588 0.647893
0.754666 0.652397
0.750718 0.656878
0.746742 0.661334
0.74274 0.665767
0.738711 0.670175
0.734655 0.674559
0.730573 0.678918
0.726464 0.683253
0.72233 0.687563
0.718169 0.691848
0.713983 0.696108
0.709771 0.700343
0.705533 0.704552
0.70127 0.708736
0.696982 0.712894
0.692669 0.717026
0.688331 0.721132
0.683968 0.725212
0.679581 0.729265
0.675169 0.733292
0.670733 0.737292
0.666273 0.741266
0.661789 0.745212
0.657281 0.749132
0.652749 0.753024
0.648194 0.756889
0.643616 0.760726
0.639015 0.764536
0.63439 0.768318
0.629743 0.772072
0.625074 0.775798
0.620381 0.779496
0.615667 0.783165
0.610931 0.786806
0.606172 0.790418
0.601392 0.794002
0.59659 0.797556
0.591767 0.801082
0.586923 0.804579
0.582057 0.808046
0.577171 0.811484
0.572264 0.814892
0.567336 0.818271
0.562389 0.821619
0.557421 0.824938
0.552433 0.828227
0.547425 0.831486
0.542398 0.834715
0.537351 0.837913
0.532285 0.841081
0.5272 0.844218
0.522096 0.847324
0.516974 0.850399
0.511833 0.853444
0.506673 0.856457
0.501496 0.85944
0.496301 0.862391
0.491088 0.86531
0.485857 0.868198
0.480609 0.871055
0.475344 0.87388
0.470062 0.876673
0.464763 0.879434
0.459448 0.882163
0.454116 0.884859
0.448768 0.887524
0.443404 0.890156
0.438025 0.892756
0.432629 0.895324
0.427219 0.897858
0.421793 0.90036
0.416352 0.90283
0.410897 0.905266
0.405427 0.907669
0.399942 0.91004
0.394443 0.912377
0.388931 0.914681
0.383404 0.916952
0.377864 0.919189
0.372311 0.921393
0.366744 0.923563
0.361165 0.925699
0.355572 0.927802
0.349967 0.929871
0.34435 0.931906
0.338721 0.933908
0.33308 0.935875
0.327427 0.937808
0.321762 0.939707
0.316087 0.941571
0.3104 0.943402
0.304702 0.945198
0.298994 0.946959
0.293275 0.948686
0.287546 0.950379
0.281807 0.952037
0.276058 0.95366
0.270299 0.955249
0.264531 0.956802
0.258754 0.958321
0.252968 0.959805
0.247173 0.961254
0.24137 0.962668
0.235558 0.964047
0.229738 0.965391
0.22391 0.966699
0.218075 0.967973
0.212232 0.969211
0.206382 0.970414
0.200525 0.971582
0.194661 0.972714
0.18879 0.973811
0.182913 0.974872
0.17703 0.975898
0.171141 0.976888
0.165246 0.977843
0.159346 0.978762
0.15344 0.979646
0.147529 0.980494
0.141614 0.981306
0.135693 0.982082
0.129769 0.982823
0.12384 0.983528
0.117907 0.984197
0.11197 0.984831
0.10603 0.985428
0.100087 0.98599
0.0941399 0.986516
0.0881904 0.987006
0.0822381 0.98746
0.0762835 0.987878
0.0703266 0.98826
0.0643677 0.988607
0.0584069 0.988917
0.0524447 0.989192
0.046481 0.98943
0.0405162 0.989633
0.0345506 0.989799
0.0285842 0.98993
0.0226173 0.990025
0.0166502 0.990083
0.010683 0.990106
0.00471607 0.990093
-0.0012505 0.990043
-0.00721645 0.989958
-0.0131815 0.989837
-0.0191456 0.98968
-0.0251083 0.989487
-0.0310696 0.989258
-0.0370291 0.988993
-0.0429867 0.988693
-0.0489422 0.988356
-0.0548953 0.987984
-0.0608457 0.987575
-0.0667934 0.987131
-0.072738 0.986651
-0.0786794 0.986136
-0.0846173 0.985584
-0.0905515 0.984997
-0.0964818 0.984374
-0.102408 0.983716
-0.10833 0.983021
-0.114247 0.982292
-0.12016 0.981526
-0.126067 0.980725
-0.13197 0.979889
-0.137867 0.979017
-0.143758 0.978109
-0.149643 0.977167
-0.155523 0.976188
-0.161396 0.975175
-0.167262 0.974126
-0.173122 0.973042
-0.178975 0.971923
-0.184821 0.970768
-0.190659 0.969579
-0.19649 0.968354
-0.202313 0.967095
-0.208128 0.9658
-0.213935 0.964471
-0.219734 0.963107
-0.225524 0.961708
-0.231305 0.960274
-0.237077 0.958806
-0.24284 0.957302
-0.248593 0.955765
-0.254337 0.954193
-0.26007 0.952586
-0.265794 0.950945
-0.271507 0.94927
-0.27721 0.947561
-0.282902 0.945817
-0.288584 0.944039
-0.294254 0.942228
-0.299913 0.940382
-0.30556 0.938503
-0.311195 0.936589
-0.316819 0.934642
-0.32243 0.932662
-0.328029 0.930647
-0.333616 0.928599
-0.33919 0.926518
-0.344751 0.924404
-0.350298 0.922256
-0.355833 0.920075
-0.361353 0.917861
-0.366861 0.915614
-0.372354 0.913334
-0.377833 0.911021
-0.383297 0.908676
-0.388747 0.906298
-0.394183 0.903887
-0.399603 0.901444
-0.405008 0.898969
-0.410399 0.896461
-0.415773 0.893921
-0.421132 0.89135
-0.426475 0.888746
-0.431802 0.88611
-0.437112 0.883443
-0.442406 0.880744
-0.447684 0.878013
-0.452944 0.875251
-0.458188 0.872457
-0.463414 0.869633
-0.468623 0.866777
-0.473815 0.86389
-0.478988 0.860972
-0.484144 0.858024
-0.489282 0.855045
-0.494401 0.852035
-0.499502 0.848995
-0.504584 0.845924
-0.509647 0.842824
-0.514691 0.839693
-0.519716 0.836532
-0.524722 0.833342
-0.529708 0.830121
-0.534674 0.826871
-0.539621 0.823592
-0.544547 0.820283
-0.549453 0.816945
-0.554338 0.813578
-0.559203 0.810182
-0.564048 0.806756
-0.568871 0.803303
-0.573673 0.79982
-0.578454 0.79631
-0.583213 0.79277
-0.587951 0.789203
-0.592667 0.785608
-0.597361 0.781984
-0.602033 0.778333
-0.606682 0.774654
-0.611309 0.770948
-0.615914 0.767214
-0.620496 0.763453
-0.625055 0.759665
-0.62959 0.75585
-0.634103 0.752008
-0.638592 0.74814
-0.643058 0.744245
-0.6475 0.740323
-0.651918 0.736376
-0.656312 0.732402
-0.660681 0.728402
-0.665027 0.724377
-0.669348 0.720326
-0.673644 0.716249
-0.677916 0.712147
-0.682163 0.70802
-0.686385 0.703867
-0.690581 0.69969
-0.694752 0.695488
-0.698898 0.691262
-0.703018 0.687011
-0.707112 0.682736
-0.71118 0.678437
-0.715223 0.674114
-0.719239 0.669767
-0.723228 0.665396
-0.727191 0.661002
-0.731128 0.656584
-0.735038 0.652144
-0.738921 0.64768
-0.742777 0.643194
-0.746606 0.638685
-0.750407 0.634153
-0.754182 0.6296
-0.757928 0.625024
-0.761647 0.620426
-0.765339 0.615806
-0.769002 0.611164
-0.772637 0.606501
-0.776244 0.601817
-0.779823 0.597111
-0.783374 0.592385
-0.786896 0.587638
-0.790389 0.58287
-0.793853 0.578081
-0.797289 0.573272
-0.800696 0.568444
-0.804073 0.563595
-0.807422 0.558726
-0.810741 0.553838
-0.81403 0.548931
-0.81729 0.544004
-0.820521 0.539058
-0.823721 0.534093
-0.826892 0.52911
-0.830033 0.524108
-0.833144 0.519088
-0.836224 0.514049
-0.839274 0.508993
-0.842294 0.503918
-0.845283 0.498826
-0.848242 0.493717
-0.85117 0.48859
-0.854067 0.483447
-0.856933 0.478286
-0.859769 0.473109
-0.862573 0.467915
-0.865346 0.462705
-0.868088 0.457478
-0.870798 0.452236
-0.873477 0.446978
-0.876124 0.441704
-0.87874 0.436415
-0.881324 0.431111
-0.883876 0.425792
-0.886397 0.420457
-0.888885 0.415109
-0.891341 0.409745
-0.893766 0.404368
-0.896158 0.398976
-0.898517 0.393571
-0.900845 0.388151
-0.90314 0.382719
-0.905402 0.377273
-0.907632 0.371813
-0.909829 0.366341
-0.911993 0.360857
-0.914125 0.355359
-0.916224 0.349849
-0.918289 0.344328
-0.920322 0.338794
-0.922322 0.333248
-0.924288 0.327691
-0.926221 0.322122
-0.928121 0.316543
-0.929988 0.310952
-0.931821 0.30535
-0.933621 0.299738
-0.935387 0.294116
-0.93712 0.288483
-0.938819 0.28284
-0.940484 0.277188
-0.942116 0.271526
-0.943714 0.265854
-0.945278 0.260173
-0.946808 0.254484
-0.948304 0.248785
-0.949766 0.243078
-0.951194 0.237362
-0.952588 0.231639
-0.953948 0.225907
-0.955274 0.220167
-0.956565 0.21442
-0.957822 0.208665
-0.959045 0.202904
-0.960234 0.197135
-0.961388 0.191359
-0.962508 0.185577
-0.963593 0.179788
-0.964644 0.173994
-0.96566 0.168193
-0.966641 0.162386
-0.967589 0.156574
-0.968501 0.150756
-0.969379 0.144933
-0.970222 0.139106
-0.97103 0.133273
-0.971804 0.127436
-0.972543 0.121594
-0.973247 0.115748
-0.973916 0.109899
-0.974551 0.104045
-0.975151 0.0981883
-0.975716 0.0923278
-0.976245 0.0864643
-0.976741 0.0805977
-0.977201 0.0747285
-0.977626 0.0688566
-0.978016 0.0629824
-0.978371 0.0571061
-0.978692 0.0512279
-0.978977 0.0453479
-0.979228 0.0394663
-0.979443 0.0335835
-0.979623 0.0276995
-0.979769 0.0218146
-0.979879 0.015929
-0.979954 0.0100429
-0.979995 0.00415644
-0.98 -0.00173009
-0.979971 -0.00761652
-0.979906 -0.0135026
-0.979806 -0.0193883
-0.979672 -0.0252732
-0.979502 -0.0311572
-0.979297 -0.03704
-0.979058 -0.0429216
-0.978783 -0.0488016
-0.978473 -0.0546799
-0.978129 -0.0605562
-0.977749 -0.0664304
-0.977335 -0.0723023
-0.976885 -0.0781716
-0.976401 -0.0840381
-0.975882 -0.0899017
-0.975328 -0.0957622
-0.974739 -0.101619
-0.974116 -0.107473
-0.973457 -0.113323
-0.972764 -0.119168
-0.972036 -0.12501
-0.971273 -0.130847
-0.970475 -0.13668
-0.969643 -0.142508
-0.968776 -0.148331
-0.967875 -0.154148
-0.966939 -0.159961
-0.965968 -0.165768
-0.964963 -0.171568
-0.963923 -0.177363
-0.962849 -0.183152
-0.96174 -0.188935
-0.960597 -0.19471
-0.95942 -0.200479
-0.958208 -0.206241
-0.956962 -0.211996
-0.955682 -0.217744
-0.954367 -0.223483
-0.953019 -0.229215
-0.951636 -0.234939
-0.950219 -0.240655
-0.948768 -0.246363
-0.947284 -0.252062
-0.945765 -0.257752
-0.944212 -0.263433
-0.942626 -0.269105
-0.941006 -0.274767
-0.939352 -0.28042
-0.937664 -0.286063
-0.935943 -0.291696
-0.934189 -0.297319
-0.9324 -0.302932
-0.930579 -0.308534
-0.928724 -0.314125
-0.926836 -0.319706
-0.924914 -0.325275
-0.922959 -0.330833
-0.920971 -0.336379
-0.918951 -0.341913
-0.916897 -0.347436
-0.91481 -0.352946
-0.91269 -0.358445
-0.910538 -0.36393
-0.908353 -0.369403
-0.906135 -0.374863
-0.903885 -0.38031
-0.901602 -0.385744
-0.899286 -0.391164
-0.896939 -0.396571
-0.894559 -0.401963
-0.892147 -0.407342
-0.889703 -0.412707
-0.887227 -0.418057
-0.884719 -0.423392
-0.882179 -0.428713
-0.879607 -0.434018
-0.877004 -0.439309
-0.874369 -0.444584
-0.871703 -0.449843
-0.869005 -0.455087
-0.866275 -0.460315
-0.863515 -0.465527
-0.860723 -0.470723
-0.857901 -0.475902
-0.855047 -0.481064
-0.852163 -0.48621
-0.849248 -0.491338
-0.846302 -0.496449
-0.843325 -0.501543
-0.840318 -0.50662
-0.837281 -0.511678
-0.834213 -0.516719
-0.831116 -0.521742
-0.827988 -0.526746
-0.82483 -0.531732
-0.821643 -0.536699
-0.818425 -0.541648
-0.815178 -0.546577
-0.811902 -0.551487
-0.808596 -0.556378
-0.805261 -0.561249
-0.801896 -0.566101
-0.798503 -0.570933
-0.79508 -0.575745
-0.791629 -0.580536
-0.788149 -0.585307
-0.78464 -0.590058
-0.781103 -0.594788
-0.777537 -0.599497
-0.773944 -0.604184
-0.770322 -0.608851
-0.766672 -0.613496
-0.762994 -0.61812
-0.759288 -0.622722
-0.755555 -0.627302
-0.751794 -0.631859
-0.748006 -0.636395
-0.744191 -0.640908
-0.740348 -0.645399
-0.736479 -0.649867
-0.732582 -0.654312
-0.728659 -0.658734
-0.724709 -0.663133
-0.720733 -0.667508
-0.716731 -0.67186
-0.712702 -0.676188
-0.708647 -0.680492
-0.704567 -0.684772
-0.70046 -0.689028
-0.696328 -0.69326
-0.69217 -0.697467
-0.687987 -0.70165
-0.683779 -0.705808
-0.679546 -0.709941
-0.675288 -0.714048
-0.671005 -0.718131
-0.666698 -0.722188
-0.662365 -0.72622
-0.658009 -0.730226
-0.653629 -0.734206
-0.649224 -0.73816
-0.644796 -0.742088
-0.640344 -0.745989
-0.635868 -0.749865
-0.631369 -0.753713
-0.626846 -0.757535
-0.622301 -0.76133
-0.617732 -0.765098
-0.613141 -0.768839
-0.608527 -0.772553
-0.603891 -0.776239
-0.599232 -0.779898
-0.594552 -0.783529
-0.589849 -0.787132
-0.585124 -0.790708
-0.580378 -0.794255
-0.57561 -0.797774
-0.570821 -0.801264
-0.566011 -0.804726
-0.56118 -0.80816
-0.556328 -0.811565
-0.551455 -0.814941
-0.546562 -0.818287
-0.541649 -0.821605
-0.536715 -0.824894
-0.531762 -0.828153
-0.526788 -0.831382
-0.521795 -0.834582
-0.516783 -0.837753
-0.511751 -0.840893
-0.5067 -0.844003
-0.501631 -0.847084
-0.496542 -0.850134
-0.491435 -0.853154
-0.48631 -0.856143
-0.481167 -0.859102
-0.476005 -0.86203
-0.470826 -0.864927
-0.465629 -0.867793
-0.460414 -0.870629
-0.455183 -0.873433
-0.449934 -0.876206
-0.444668 -0.878947
-0.439386 -0.881658
-0.434087 -0.884336
-0.428771 -0.886983
-0.42344 -0.889599
-0.418092 -0.892182
-0.412729 -0.894734
-0.40735 -0.897253
-0.401956 -0.89974
-0.396547 -0.902195
-0.391122 -0.904618
-0.385683 -0.907008
-0.380229 -0.909366
-0.374761 -0.911691
-0.369278 -0.913984
-0.363782 -0.916243
-0.358271 -0.91847
-0.352747 -0.920664
-0.34721 -0.922824
-0.341659 -0.924952
-0.336095 -0.927046
-0.330519 -0.929107
-0.324929 -0.931135
-0.319328 -0.933129
-0.313714 -0.93509
-0.308088 -0.937016
-0.30245 -0.93891
-0.2968 -0.940769
-0.291139 -0.942595
-0.285467 -0.944386
-0.279784 -0.946144
-0.27409 -0.947868
-0.268385 -0.949557
-0.26267 -0.951212
-0.256945 -0.952833
-0.25121 -0.95442
-0.245465 -0.955972
-0.23971 -0.95749
-0.233946 -0.958973
-0.228173 -0.960422
-0.222391 -0.961836
-0.2166 -0.963215
-0.2108 -0.964559
-0.204992 -0.965869
-0.199177 -0.967144
-0.193353 -0.968384
-0.187521 -0.969588
-0.181682 -0.970758
-0.175836 -0.971893
-0.169983 -0.972993
-0.164123 -0.974057
-0.158256 -0.975086
-0.152383 -0.97608
-0.146503 -0.977039
-0.140618 -0.977962
-0.134727 -0.97885
-0.12883 -0.979703
-0.122928 -0.98052
-0.117021 -0.981302
-0.111109 -0.982048
-0.105192 -0.982758
-0.0992706 -0.983433
-0.093345 -0.984072
-0.0874154 -0.984676
-0.081482 -0.985244
-0.0755449 -0.985776
-0.0696045 -0.986273
-0.0636608 -0.986733
-0.0577143 -0.987158
-0.0517649 -0.987548
-0.0458131 -0.987901
-0.0398589 -0.988218
-0.0339026 -0.9885
-0.0279445 -0.988746
-0.0219847 -0.988956
-0.0160235 -0.98913
-0.0100611 -0.989268
-0.00409763 -0.98937
0.00186658 -0.989436
0.00783134 -0.989467
0.0137964 -0.989461
0.0197617 -0.98942
0.0257268 -0.989342
0.0316916 -0.989229
0.0376558 -0.989079
0.0436193 -0.988894
0.0495818 -0.988673
0.0555431 -0.988415
0.061503 -0.988122
0.0674613 -0.987793
0.0734177 -0.987428
0.079372 -0.987027
0.085324 -0.98659
0.0912735 -0.986118
0.0972203 -0.985609
0.103164 -0.985065
0.109105 -0.984484
0.115042 -0.983868
0.120976 -0.983216
0.126905 -0.982529
0.132831 -0.981805
0.138753 -0.981046
0.14467 -0.980251
0.150582 -0.97942
0.156489 -0.978554
0.162391 -0.977652
0.168288 -0.976715
0.17418 -0.975741
0.180065 -0.974733
0.185944 -0.973689
0.191818 -0.972609
0.197684 -0.971494
0.203544 -0.970343
0.209398 -0.969158
0.215244 -0.967936
0.221083 -0.96668
0.226914 -0.965388
0.232737 -0.964061
0.238553 -0.962699
0.24436 -0.961302
0.250159 -0.95987
0.25595 -0.958403
0.261731 -0.956901
0.267504 -0.955364
0.273267 -0.953792
0.279021 -0.952186
0.284765 -0.950544
0.290499 -0.948868
0.296223 -0.947158
0.301937 -0.945413
0.30764 -0.943633
0.313333 -0.941819
0.319014 -0.939971
0.324685 -0.938088
0.330344 -0.936171
0.335991 -0.93422
0.341627 -0.932235
0.34725 -0.930216
0.352862 -0.928163
0.358461 -0.926076
0.364048 -0.923956
0.369621 -0.921801
0.375182 -0.919613
0.380729 -0.917392
0.386263 -0.915137
0.391783 -0.912848
0.39729 -0.910527
0.402782 -0.908172
0.40826 -0.905784
0.413724 -0.903363
0.419173 -0.900909
0.424607 -0.898422
0.430026 -0.895902
0.43543 -0.89335
0.440818 -0.890765
0.446191 -0.888147
0.451548 -0.885497
0.456889 -0.882815
0.462213 -0.880101
0.467521 -0.877354
0.472813 -0.874576
0.478087 -0.871765
0.483345 -0.868923
0.488585 -0.866049
0.493808 -0.863144
0.499014 -0.860207
0.504201 -0.857238
0.50937 -0.854239
0.514522 -0.851208
0.519655 -0.848146
0.524769 -0.845053
0.529865 -0.84193
0.534941 -0.838776
0.539999 -0.835591
0.545037 -0.832375
0.550056 -0.82913
0.555054 -0.825854
0.560034 -0.822548
0.564993 -0.819212
0.569931 -0.815846
0.57485 -0.81245
0.579748 -0.809025
0.584625 -0.80557
0.589481 -0.802086
0.594316 -0.798573
0.599129 -0.79503
0.603921 -0.791459
0.608692 -0.787859
0.61344 -0.78423
0.618167 -0.780572
0.622871 -0.776886
0.627553 -0.773172
0.632213 -0.76943
0.63685 -0.765659
0.641464 -0.761861
0.646055 -0.758034
0.650622 -0.754181
0.655167 -0.750299
0.659687 -0.746391
0.664184 -0.742455
0.668657 -0.738492
0.673107 -0.734503
0.677532 -0.730486
0.681932 -0.726443
0.686308 -0.722374
0.690659 -0.718278
0.694986 -0.714156
0.699288 -0.710008
0.703564 -0.705835
0.707815 -0.701635
0.71204 -0.69741
0.71624 -0.69316
0.720415 -0.688884
0.724563 -0.684584
0.728685 -0.680258
0.732781 -0.675908
0.736851 -0.671533
0.740894 -0.667134
0.74491 -0.66271
0.7489 -0.658263
0.752862 -0.653791
0.756798 -0.649296
0.760706 -0.644777
0.764587 -0.640234
0.76844 -0.635669
0.772266 -0.63108
0.776064 -0.626468
0.779834 -0.621834
0.783575 -0.617177
0.787289 -0.612497
0.790974 -0.607795
0.794631 -0.603072
0.798259 -0.598326
0.801858 -0.593558
0.805429 -0.588769
0.80897 -0.583959
0.812483 -0.579127
0.815966 -0.574275
0.81942 -0.569401
0.822844 -0.564507
0.826238 -0.559592
0.829603 -0.554657
0.832938 -0.549702
0.836243 -0.544727
0.839518 -0.539732
0.842762 -0.534718
0.845976 -0.529684
0.84916 -0.524631
0.852313 -0.519559
0.855436 -0.514468
0.858527 -0.509358
0.861588 -0.50423
0.864618 -0.499084
0.867616 -0.493919
0.870583 -0.488737
0.873519 -0.483537
0.876424 -0.478319
0.879297 -0.473084
0.882138 -0.467832
0.884947 -0.462563
0.887725 -0.457277
0.89047 -0.451975
0.893184 -0.446656
0.895865 -0.441321
0.898514 -0.43597
0.901131 -0.430604
0.903715 -0.425221
0.906267 -0.419824
0.908786 -0.414411
0.911273 -0.408983
0.913726 -0.40354
0.916147 -0.398083
0.918535 -0.392611
0.920889 -0.387125
0.923211 -0.381625
0.925499 -0.376111
0.927754 -0.370583
0.929975 -0.365043
0.932163 -0.359489
0.934318 -0.353922
0.936439 -0.348342
0.938526 -0.342749
0.940579 -0.337144
0.942599 -0.331527
0.944584 -0.325898
0.946536 -0.320257
0.948453 -0.314605
0.950336 -0.308941
0.952186 -0.303266
0.954 -0.29758
0.955781 -0.291883
0.957527 -0.286176
0.959239 -0.280459
0.960916 -0.274731
0.962559 -0.268993
0.964167 -0.263246
0.96574 -0.257489
0.967278 -0.251723
0.968782 -0.245947
0.970251 -0.240163
0.971685 -0.23437
0.973084 -0.228569
0.974448 -0.222759
0.975777 -0.216942
0.977071 -0.211116
0.978329 -0.205283
0.979553 -0.199442
0.980741 -0.193595
0.981894 -0.18774
0.983012 -0.181879
0.984094 -0.17601
0.985141 -0.170136
0.986152 -0.164255
0.987128 -0.158369
0.988069 -0.152477
0.988974 -0.146579
0.989843 -0.140676
0.990677 -0.134768
0.991475 -0.128855
0.992237 -0.122937
0.992964 -0.117015
0.993655 -0.111089
0.994311 -0.105159
0.994931 -0.0992248
0.995514 -0.0932872
0.996062 -0.0873462
0.996575 -0.081402
0.997051 -0.0754549
0.997492 -0.0695051
0.997896 -0.0635528
0.998265 -0.0575982
0.998598 -0.0516415
0.998895 -0.0456829
0.999157 -0.0397227
0.999382 -0.0337611
0.999571 -0.0277983
0.999724 -0.0218344
0.999842 -0.0158698
0.999923 -0.00990461
0.999969 -0.00393906
0.999978 0.00202663
0.999952 0.00799225
0.99989 0.0139576
0.999792 0.0199224
0.999657 0.0258865
0.999487 0.0318497
0.999281 0.0378117
0.999039 0.0437723
0.998762 0.0497314
0.998448 0.0556887
0.998098 0.0616439
0.997713 0.067597
0.997291 0.0735476
0.996834 0.0794955
0.996341 0.0854406
0.995812 0.0913826
0.995248 0.0973213
0.994647 0.103256
0.994011 0.109188
0.993339 0.115115
0.992631 0.121039
0.991888 0.126958
0.991109 0.132872
0.990295 0.138782
0.989445 0.144686
0.988559 0.150586
0.987638 0.15648
0.986681 0.162368
0.985689 0.16825
0.984661 0.174127
0.983598 0.179997
0.9825 0.18586
0.981366 0.191717
0.980197 0.197567
0.978993 0.20341
0.977754 0.209246
0.976479 0.215074
0.97517 0.220894
0.973825 0.226706
0.972445 0.23251
0.971031 0.238306
0.969581 0.244093
0.968097 0.249871
0.966578 0.25564
0.965024 0.2614
0.963435 0.267151
0.961812 0.272892
0.960154 0.278623
0.958462 0.284344
0.956735 0.290054
0.954974 0.295755
0.953179 0.301444
0.951349 0.307123
0.949485 0.312791
0.947587 0.318447
0.945655 0.324092
0.943688 0.329725
0.941688 0.335346
0.939654 0.340955
0.937587 0.346552
0.935485 0.352137
0.93335 0.357708
0.931182 0.363267
0.92898 0.368812
0.926744 0.374345
0.924475 0.379863
0.922173 0.385368
0.919838 0.390859
0.91747 0.396336
0.915069 0.401799
0.912634 0.407247
0.910167 0.412681
0.907668 0.418099
0.905135 0.423503
0.90257 0.428891
0.899973 0.434263
0.897343 0.43962
0.894681 0.444961
0.891987 0.450286
0.889261 0.455595
0.886503 0.460887
0.883713 0.466163
0.880891 0.471421
0.878037 0.476663
0.875152 0.481887
0.872235 0.487094
0.869287 0.492284
0.866308 0.497455
0.863298 0.502609
0.860256 0.507745
0.857184 0.512862
0.85408 0.51796
0.850946 0.52304
0.847782 0.528101
0.844587 0.533143
0.841361 0.538165
0.838106 0.543168
0.83482 0.548151
0.831504 0.553115
0.828158 0.558059
0.824782 0.562982
0.821377 0.567885
0.817942 0.572767
0.814478 0.577629
0.810985 0.58247
0.807462 0.587289
0.80391 0.592088
0.800329 0.596865
0.79672 0.60162
0.793082 0.606354
0.789415 0.611065
0.78572 0.615755
0.781997 0.620422
0.778246 0.625067
0.774466 0.629689
0.770659 0.634288
0.766824 0.638864
0.762961 0.643418
0.759071 0.647947
0.755154 0.652454
0.751209 0.656937
0.747238 0.661395
0.74324 0.66583
0.739214 0.670241
0.735163 0.674628
0.731085 0.67899
0.72698 0.683327
0.72285 0.68764
0.718693 0.691928
0.714511 0.69619
0.710303 0.700428
0.706069 0.70464
0.70181 0.708826
0.697526 0.712987
0.693216 0.717122
0.688882 0.721231
0.684523 0.725313
0.68014 0.72937
0.675731 0.7334
0.671299 0.737403
0.666843 0.74138
0.662362 0.745329
0.657858 0.749252
0.65333 0.753147
0.648779 0.757015
0.644204 0.760856
0.639606 0.764669
0.634986 0.768454
0.630342 0.772211
0.625676 0.77594
0.620987 0.779642
0.616276 0.783314
0.611543 0.786959
0.606788 0.790574
0.602011 0.794161
0.597213 0.797719
0.592393 0.801249
0.587552 0.804749
0.58269 0.80822
0.577807 0.811661
0.572903 0.815073
0.567979 0.818455
0.563034 0.821808
0.558069 0.825131
0.553084 0.828423
0.54808 0.831686
0.543055 0.834918
0.538012 0.838121
0.532948 0.841292
0.527866 0.844433
0.522765 0.847543
0.517646 0.850623
0.512507 0.853671
0.507351 0.856689
0.502176 0.859675
0.496983 0.86263
0.491773 0.865554
0.486545 0.868446
0.481299 0.871307
0.476037 0.874136
0.470757 0.876933
0.465461 0.879698
0.460148 0.882432
0.454818 0.885133
0.449473 0.887802
0.444111 0.890439
0.438733 0.893043
0.43334 0.895615
0.427932 0.898154
0.422508 0.90066
0.417069 0.903134
0.411615 0.905575
0.406147 0.907983
0.400664 0.910358
0.395167 0.912699
0.389656 0.915008
0.384132 0.917283
0.378593 0.919525
0.373041 0.921733
0.367476 0.923908
0.361898 0.926049
0.356307 0.928157
0.350704 0.930231
0.345088 0.93227
0.33946 0.934276
0.33382 0.936248
0.328168 0.938186
0.322505 0.94009
0.31683 0.941959
0.311144 0.943794
0.305447 0.945595
0.29974 0.947362
0.294022 0.949094
0.288293 0.950791
0.282555 0.952454
0.276807 0.954082
0.271049 0.955675
0.265281 0.957234
0.259505 0.958757
0.253719 0.960246
0.247924 0.9617
0.242121 0.963119
0.23631 0.964503
0.23049 0.965851
0.224663 0.967165
0.218827 0.968443
0.212984 0.969686
0.207134 0.970894
0.201277 0.972067
0.195412 0.973204
0.189542 0.974305
0.183664 0.975372
0.177781 0.976402
0.171891 0.977397
0.165996 0.978357
0.160095 0.979281
0.154189 0.980169
0.148277 0.981022
0.142361 0.981839
0.13644 0.982621
0.130514 0.983366
0.124584 0.984076
0.11865 0.98475
0.112713 0.985388
0.106771 0.985991
0.100827 0.986557
0.0948788 0.987088
0.0889279 0.987582
0.0829743 0.988041
0.0770183 0.988464
0.0710599 0.988851
0.0650994 0.989202
0.0591371 0.989517
0.0531731 0.989796
0.0472078 0.990039
0.0412412 0.990246
0.0352737 0.990418
0.0293054 0.990553
0.0233366 0.990652
0.0173674 0.990715
0.0113982 0.990742
0.00542906 0.990733
-0.000539708 0.990689
-0.00650791 0.990608
-0.0124753 0.990491
-0.0184417 0.990338
-0.0244069 0.99015
-0.0303707 0.989925
-0.0363328 0.989664
-0.042293 0.989368
-0.0482511 0.989036
-0.0542069 0.988667
-0.0601601 0.988263
-0.0661106 0.987823
-0.0720581 0.987347
-0.0780024 0.986836
-0.0839433 0.986288
-0.0898805 0.985705
-0.095814 0.985086
-0.101743 0.984431
-0.107668 0.983741
-0.113589 0.983015
-0.119505 0.982253
-0.125416 0.981456
-0.131321 0.980623
-0.137222 0.979755
-0.143116 0.978851
-0.149005 0.977912
-0.154888 0.976937
-0.160765 0.975927
-0.166635 0.974882
-0.172499 0.973801
-0.178356 0.972685
-0.184205 0.971534
-0.190048 0.970348
-0.195882 0.969126
-0.20171 0.96787
-0.207529 0.966578
-0.21334 0.965252
-0.219142 0.963891
-0.224936 0.962495
-0.230721 0.961064
-0.236498 0.959598
-0.242265 0.958098
-0.248022 0.956563
-0.25377 0.954994
-0.259508 0.95339
-0.265236 0.951751
-0.270954 0.950079
-0.276661 0.948372
-0.282358 0.946631
-0.288044 0.944855
-0.293718 0.943046
-0.299382 0.941203
-0.305034 0.939325
-0.310674 0.937414
-0.316302 0.935469
-0.321918 0.93349
-0.327522 0.931478
-0.333113 0.929432
-0.338692 0.927353
-0.344257 0.92524
-0.34981 0.923094
-0.355349 0.920915
-0.360875 0.918702
-0.366387 0.916457
-0.371885 0.914179
-0.377368 0.911867
-0.382838 0.909523
-0.388293 0.907147
-0.393733 0.904737
-0.399159 0.902295
-0.404569 0.899821
-0.409964 0.897315
-0.415344 0.894776
-0.420708 0.892205
-0.426055 0.889602
-0.431387 0.886967
-0.436703 0.8843
-0.442002 0.881602
-0.447285 0.878872
-0.45255 0.876111
-0.457799 0.873318
-0.463031 0.870494
-0.468245 0.867638
-0.473441 0.864752
-0.47862 0.861835
-0.483781 0.858886
-0.488923 0.855907
-0.494048 0.852898
-0.499154 0.849858
-0.504241 0.846787
-0.509309 0.843686
-0.514358 0.840556
-0.519388 0.837395
-0.524399 0.834204
-0.52939 0.830983
-0.534362 0.827733
-0.539313 0.824453
-0.544244 0.821144
-0.549155 0.817805
-0.554046 0.814437
-0.558916 0.811041
-0.563765 0.807615
-0.568593 0.80416
-0.5734 0.800677
-0.578186 0.797166
-0.58295 0.793626
-0.587693 0.790057
-0.592414 0.786461
-0.597113 0.782837
-0.601789 0.779184
-0.606444 0.775504
-0.611076 0.771797
-0.615685 0.768062
-0.620272 0.7643
-0.624835 0.76051
-0.629376 0.756694
-0.633893 0.752851
-0.638387 0.74898
-0.642857 0.745084
-0.647304 0.741161
-0.651726 0.737212
-0.656125 0.733236
-0.660499 0.729235
-0.664849 0.725207
-0.669175 0.721154
-0.673476 0.717076
-0.677752 0.712972
-0.682003 0.708843
-0.686229 0.704689
-0.69043 0.70051
-0.694605 0.696306
-0.698755 0.692077
-0.702879 0.687824
-0.706977 0.683547
-0.71105 0.679245
-0.715096 0.67492
-0.719116 0.670571
-0.72311 0.666198
-0.727077 0.661801
-0.731018 0.657381
-0.734931 0.652938
-0.738818 0.648472
-0.742678 0.643983
-0.746511 0.639472
-0.750316 0.634938
-0.754094 0.630381
-0.757844 0.625803
-0.761567 0.621202
-0.765262 0.616579
-0.768929 0.611935
-0.772567 0.607269
-0.776178 0.602582
-0.77976 0.597874
-0.783314 0.593145
-0.786839 0.588395
-0.790336 0.583624
-0.793803 0.578833
-0.797242 0.574021
-0.800652 0.569189
-0.804033 0.564338
-0.807384 0.559466
-0.810706 0.554575
-0.813998 0.549665
-0.817261 0.544735
-0.820495 0.539786
-0.823698 0.534818
-0.826871 0.529832
-0.830015 0.524827
-0.833128 0.519804
-0.836211 0.514762
-0.839264 0.509703
-0.842286 0.504625
-0.845278 0.49953
-0.848239 0.494418
-0.851169 0.489288
-0.854068 0.484141
-0.856937 0.478978
-0.859774 0.473797
-0.862581 0.4686
-0.865356 0.463387
-0.868099 0.458158
-0.870812 0.452912
-0.873493 0.447651
-0.876142 0.442374
-0.87876 0.437082
-0.881345 0.431775
-0.883899 0.426453
-0.886421 0.421115
-0.888911 0.415763
-0.891369 0.410397
-0.893795 0.405017
-0.896189 0.399622
-0.89855 0.394213
-0.900878 0.388791
-0.903175 0.383356
-0.905438 0.377907
-0.907669 0.372444
-0.909868 0.366969
-0.912033 0.361482
-0.914166 0.355981
-0.916266 0.350469
-0.918332 0.344944
-0.920366 0.339407
-0.922367 0.333859
-0.924334 0.328299
-0.926268 0.322728
-0.928169 0.317145
-0.930036 0.311552
-0.93187 0.305947
-0.933671 0.300333
-0.935438 0.294707
-0.937171 0.289072
-0.93887 0.283427
-0.940536 0.277772
-0.942168 0.272107
-0.943767 0.266433
-0.945331 0.26075
-0.946861 0.255058
-0.948358 0.249357
-0.94982 0.243647
-0.951248 0.237929
-0.952643 0.232203
-0.954003 0.226469
-0.955328 0.220727
-0.95662 0.214978
-0.957877 0.209221
-0.9591 0.203457
-0.960289 0.197686
-0.961443 0.191909
-0.962562 0.186124
-0.963647 0.180334
-0.964698 0.174537
-0.965714 0.168734
-0.966696 0.162926
-0.967642 0.157112
-0.968555 0.151292
-0.969432 0.145468
-0.970275 0.139638
-0.971083 0.133804
-0.971856 0.127965
-0.972595 0.122122
-0.973299 0.116275
-0.973968 0.110424
-0.974602 0.104569
-0.975201 0.0987102
-0.975765 0.0928484
-0.976295 0.0869835
-0.976789 0.0811158
-0.977249 0.0752453
-0.977674 0.0693723
-0.978063 0.063497
-0.978418 0.0576196
-0.978738 0.0517403
-0.979022 0.0458593
-0.979272 0.0399769
-0.979487 0.0340932
-0.979667 0.0282084
-0.979811 0.0223227
-0.979921 0.0164363
-0.979996 0.0105495
-0.980035 0.00466248
-0.98004 -0.00122463
-0.98001 -0.00711159
-0.979944 -0.0129982
-0.979844 -0.0188842
-0.979709 -0.0247695
-0.979538 -0.0306539
-0.979333 -0.036537
-0.979092 -0.0424188
-0.978817 -0.048299
-0.978507 -0.0541774
-0.978162 -0.0600538
-0.977781 -0.065928
-0.977366 -0.0717999
-0.976916 -0.0776691
-0.976431 -0.0835356
-0.975911 -0.089399
-0.975357 -0.0952592
-0.974767 -0.101116
-0.974143 -0.106969
-0.973483 -0.112819
-0.972789 -0.118664
-0.972061 -0.124505
-0.971297 -0.130342
-0.970499 -0.136174
-0.969666 -0.142001
-0.968799 -0.147824
-0.967897 -0.153641
-0.96696 -0.159452
-0.965989 -0.165258
-0.964983 -0.171058
-0.963943 -0.176852
-0.962868 -0.18264
-0.961759 -0.188422
-0.960615 -0.194196
-0.959438 -0.199964
-0.958225 -0.205725
-0.956979 -0.211479
-0.955698 -0.217225
-0.954384 -0.222964
-0.953035 -0.228694
-0.951652 -0.234417
-0.950234 -0.240131
-0.948783 -0.245837
-0.947298 -0.251535
-0.945779 -0.257223
-0.944227 -0.262903
-0.94264 -0.268573
-0.94102 -0.274234
-0.939366 -0.279885
-0.937678 -0.285527
-0.935957 -0.291158
-0.934202 -0.296779
-0.932414 -0.30239
-0.930593 -0.30799
-0.928738 -0.313579
-0.92685 -0.319158
-0.924928 -0.324725
-0.922974 -0.330281
-0.920986 -0.335825
-0.918966 -0.341358
-0.916912 -0.346878
-0.914826 -0.352386
-0.912706 -0.357882
-0.910555 -0.363366
-0.90837 -0.368837
-0.906153 -0.374294
-0.903903 -0.379739
-0.901621 -0.38517
-0.899306 -0.390588
-0.896959 -0.395993
-0.89458 -0.401383
-0.892169 -0.406759
-0.889726 -0.412121
-0.88725 -0.417469
-0.884743 -0.422802
-0.882204 -0.42812
-0.879634 -0.433423
-0.877031 -0.438711
-0.874397 -0.443983
-0.871732 -0.44924
-0.869035 -0.454482
-0.866307 -0.459707
-0.863548 -0.464916
-0.860758 -0.470109
-0.857937 -0.475285
-0.855085 -0.480445
-0.852202 -0.485588
-0.849288 -0.490714
-0.846344 -0.495822
-0.843369 -0.500914
-0.840363 -0.505987
-0.837328 -0.511043
-0.834262 -0.516081
-0.831166 -0.521101
-0.82804 -0.526102
-0.824884 -0.531086
-0.821699 -0.53605
-0.818483 -0.540996
-0.815238 -0.545922
-0.811964 -0.55083
-0.80866 -0.555718
-0.805327 -0.560586
-0.801965 -0.565435
-0.798574 -0.570264
-0.795154 -0.575073
-0.791705 -0.579862
-0.788227 -0.58463
-0.784721 -0.589378
-0.781187 -0.594105
-0.777624 -0.598811
-0.774032 -0.603496
-0.770413 -0.60816
-0.766766 -0.612803
-0.763091 -0.617424
-0.759388 -0.622023
-0.755658 -0.6266
-0.7519 -0.631155
-0.748115 -0.635688
-0.744303 -0.640199
-0.740463 -0.644687
-0.736597 -0.649152
-0.732704 -0.653595
-0.728784 -0.658014
-0.724837 -0.66241
-0.720864 -0.666783
-0.716865 -0.671132
-0.71284 -0.675458
-0.708789 -0.67976
-0.704711 -0.684038
-0.700609 -0.688291
-0.69648 -0.692521
-0.692326 -0.696725
-0.688147 -0.700906
-0.683942 -0.705061
-0.679713 -0.709192
-0.675459 -0.713297
-0.67118 -0.717378
-0.666876 -0.721433
-0.662548 -0.725462
-0.658196 -0.729466
-0.653819 -0.733444
-0.649419 -0.737396
-0.644994 -0.741322
-0.640546 -0.745221
-0.636075 -0.749095
-0.63158 -0.752941
-0.627062 -0.756762
-0.622521 -0.760555
-0.617956 -0.764321
-0.61337 -0.76806
-0.60876 -0.771772
-0.604128 -0.775457
-0.599474 -0.779114
-0.594798 -0.782744
-0.5901 -0.786345
-0.585379 -0.789919
-0.580638 -0.793465
-0.575875 -0.796982
-0.57109 -0.800471
-0.566285 -0.803932
-0.561458 -0.807364
-0.556611 -0.810768
-0.551743 -0.814143
-0.546855 -0.817488
-0.541946 -0.820805
-0.537017 -0.824093
-0.532069 -0.827351
-0.5271 -0.830579
-0.522112 -0.833778
-0.517105 -0.836948
-0.512078 -0.840087
-0.507032 -0.843197
-0.501967 -0.846277
-0.496884 -0.849326
-0.491782 -0.852345
-0.486662 -0.855334
-0.481523 -0.858292
-0.476367 -0.86122
-0.471193 -0.864117
-0.466001 -0.866983
-0.460791 -0.869818
-0.455565 -0.872622
-0.450321 -0.875395
-0.44506 -0.878137
-0.439783 -0.880847
-0.434489 -0.883526
-0.429179 -0.886173
-0.423853 -0.888788
-0.41851 -0.891372
-0.413152 -0.893924
-0.407778 -0.896444
-0.402389 -0.898931
-0.396985 -0.901387
-0.391566 -0.90381
-0.386132 -0.906201
-0.380683 -0.908559
-0.37522 -0.910885
-0.369742 -0.913178
-0.364251 -0.915439
-0.358746 -0.917666
-0.353227 -0.919861
-0.347694 -0.922023
-0.342149 -0.924151
-0.33659 -0.926247
-0.331018 -0.928309
-0.325434 -0.930338
-0.319838 -0.932333
-0.314229 -0.934295
-0.308608 -0.936223
-0.302975 -0.938118
-0.29733 -0.939979
-0.291674 -0.941806
-0.286007 -0.943599
-0.280329 -0.945359
-0.27464 -0.947084
-0.26894 -0.948775
-0.26323 -0.950432
-0.257509 -0.952055
-0.251779 -0.953644
-0.246039 -0.955198
-0.240289 -0.956718
-0.23453 -0.958203
-0.228761 -0.959654
-0.222984 -0.96107
-0.217197 -0.962452
-0.211403 -0.963799
-0.2056 -0.965111
-0.199788 -0.966388
-0.193969 -0.967631
-0.188142 -0.968838
-0.182308 -0.970011
-0.176466 -0.971148
-0.170617 -0.972251
-0.164761 -0.973318
-0.158899 -0.97435
-0.15303 -0.975347
-0.147155 -0.976309
-0.141274 -0.977235
-0.135387 -0.978126
-0.129494 -0.978982
-0.123596 -0.979802
-0.117693 -0.980587
-0.111785 -0.981336
-0.105872 -0.98205
-0.0999547 -0.982728
-0.0940331 -0.983371
-0.0881073 -0.983978
-0.0821777 -0.984549
-0.0762444 -0.985085
-0.0703077 -0.985585
-0.0643677 -0.98605
-0.0584247 -0.986478
-0.0524789 -0.986871
-0.0465306 -0.987228
-0.0405799 -0.98755
-0.034627 -0.987835
-0.0286723 -0.988085
-0.0227158 -0.988299
-0.0167579 -0.988477
-0.0107986 -0.988619
-0.00483835 -0.988725
0.00112275 -0.988795
0.00708446 -0.98883
0.0130466 -0.988829
0.0190089 -0.988791
0.0249711 -0.988718
0.0309331 -0.988609
0.0368945 -0.988464
0.0428553 -0.988283
0.0488152 -0.988066
0.0547739 -0.987813
0.0607313 -0.987524
0.0666871 -0.9872
0.072641 -0.986839
0.078593 -0.986443
0.0845427 -0.98601
0.09049 -0.985542
0.0964346 -0.985038
0.102376 -0.984498
0.108315 -0.983923
0.11425 -0.983311
0.120182 -0.982664
0.12611 -0.981981
0.132034 -0.981262
0.137953 -0.980508
0.143869 -0.979718
0.149779 -0.978892
0.155685 -0.97803
0.161586 -0.977133
0.167481 -0.976201
0.173371 -0.975232
0.179255 -0.974229
0.185134 -0.973189
0.191006 -0.972115
0.196871 -0.971004
0.20273 -0.969859
0.208583 -0.968678
0.214428 -0.967462
0.220266 -0.96621
0.226096 -0.964924
0.231919 -0.963602
0.237734 -0.962245
0.243541 -0.960853
0.249339 -0.959425
0.255129 -0.957963
0.26091 -0.956466
0.266682 -0.954934
0.272445 -0.953368
0.278199 -0.951766
0.283943 -0.95013
0.289677 -0.948459
0.295401 -0.946753
0.301115 -0.945013
0.306818 -0.943239
0.312511 -0.94143
0.318193 -0.939586
0.323863 -0.937709
0.329523 -0.935797
0.335171 -0.933851
0.340807 -0.931871
0.346431 -0.929857
0.352043 -0.927808
0.357643 -0.925727
0.36323 -0.923611
0.368804 -0.921461
0.374366 -0.919278
0.379914 -0.917062
0.385449 -0.914812
0.39097 -0.912528
0.396478 -0.910211
0.401972 -0.907861
0.407451 -0.905478
0.412916 -0.903062
0.418366 -0.900613
0.423802 -0.89813
0.429222 -0.895616
0.434628 -0.893068
0.440018 -0.890488
0.445392 -0.887875
0.45075 -0.88523
0.456093 -0.882552
0.461419 -0.879843
0.466729 -0.877101
0.472022 -0.874327
0.477299 -0.871521
0.482558 -0.868683
0.487801 -0.865814
0.493026 -0.862913
0.498233 -0.859981
0.503423 -0.857017
0.508595 -0.854022
0.513748 -0.850995
0.518884 -0.847938
0.524 -0.84485
0.529098 -0.84173
0.534177 -0.83858
0.539237 -0.8354
0.544278 -0.832189
0.5493 -0.828947
0.554301 -0.825676
0.559283 -0.822374
0.564245 -0.819042
0.569187 -0.81568
0.574108 -0.812289
0.579009 -0.808868
0.583889 -0.805417
0.588748 -0.801937
0.593586 -0.798427
0.598402 -0.794889
0.603198 -0.791321
0.607971 -0.787725
0.612723 -0.7841
0.617453 -0.780446
0.62216 -0.776764
0.626846 -0.773053
0.631509 -0.769315
0.636149 -0.765548
0.640766 -0.761753
0.645361 -0.75793
0.649932 -0.75408
0.65448 -0.750203
0.659004 -0.746297
0.663505 -0.742365
0.667981 -0.738406
0.672434 -0.73442
0.676863 -0.730406
0.681267 -0.726367
0.685647 -0.722301
0.690002 -0.718208
0.694332 -0.714089
0.698638 -0.709945
0.702918 -0.705774
0.707173 -0.701578
0.711402 -0.697356
0.715606 -0.693108
0.719784 -0.688836
0.723937 -0.684538
0.728063 -0.680216
0.732163 -0.675868
0.736237 -0.671496
0.740284 -0.6671
0.744304 -0.662679
0.748298 -0.658234
0.752265 -0.653765
0.756204 -0.649272
0.760117 -0.644756
0.764002 -0.640216
0.76786 -0.635653
0.771689 -0.631067
0.775492 -0.626457
0.779266 -0.621825
0.783012 -0.617171
0.78673 -0.612494
0.790419 -0.607794
0.794081 -0.603072
0.797713 -0.598329
0.801317 -0.593564
0.804892 -0.588777
0.808438 -0.583968
0.811954 -0.579139
0.815442 -0.574288
0.8189 -0.569417
0.822329 -0.564525
0.825728 -0.559612
0.829097 -0.554679
0.832436 -0.549726
0.835746 -0.544752
0.839025 -0.539759
0.842274 -0.534747
0.845493 -0.529714
0.848681 -0.524663
0.851839 -0.519593
0.854966 -0.514503
0.858062 -0.509395
0.861127 -0.504269
0.864161 -0.499124
0.867165 -0.493961
0.870136 -0.48878
0.873077 -0.483582
0.875986 -0.478365
0.878863 -0.473132
0.881709 -0.467881
0.884523 -0.462613
0.887305 -0.457329
0.890056 -0.452028
0.892774 -0.44671
0.89546 -0.441376
0.898113 -0.436026
0.900735 -0.430661
0.903324 -0.42528
0.90588 -0.419883
0.908404 -0.414471
0.910895 -0.409044
0.913353 -0.403602
0.915778 -0.398146
0.91817 -0.392675
0.92053 -0.38719
0.922856 -0.381691
0.925149 -0.376178
0.927408 -0.370651
0.929634 -0.365111
0.931827 -0.359558
0.933986 -0.353991
0.936111 -0.348412
0.938203 -0.34282
0.940261 -0.337216
0.942285 -0.3316
0.944275 -0.325971
0.946231 -0.320331
0.948153 -0.314679
0.950041 -0.309016
0.951895 -0.303341
0.953714 -0.297656
0.955499 -0.29196
0.95725 -0.286253
0.958966 -0.280536
0.960648 -0.274808
0.962295 -0.269071
0.963908 -0.263324
0.965485 -0.257567
0.967028 -0.251802
0.968537 -0.246027
0.97001 -0.240243
0.971448 -0.23445
0.972852 -0.228649
0.97422 -0.22284
0.975554 -0.217022
0.976852 -0.211197
0.978115 -0.205364
0.979343 -0.199523
0.980536 -0.193676
0.981693 -0.187821
0.982815 -0.18196
0.983902 -0.176092
0.984954 -0.170217
0.985969 -0.164337
0.98695 -0.15845
0.987895 -0.152558
0.988804 -0.146661
0.989678 -0.140758
0.990516 -0.134849
0.991319 -0.128936
0.992086 -0.123019
0.992817 -0.117097
0.993512 -0.11117
0.994172 -0.10524
0.994796 -0.0993057
0.995384 -0.0933679
0.995937 -0.0874268
0.996454 -0.0814825
0.996934 -0.0755352
0.997379 -0.0695852
0.997788 -0.0636327
0.998161 -0.0576778
0.998499 -0.0517209
0.9988 -0.0457621
0.999066 -0.0398017
0.999295 -0.0338398
0.999489 -0.0278766
0.999646 -0.0219125
0.999768 -0.0159476
0.999854 -0.00998205
0.999904 -0.00401617
0.999918 0.00194987
0.999896 0.00791584
0.999838 0.0138815
0.999744 0.0198467
0.999614 0.0258112
0.999448 0.0317748
0.999246 0.0377372
0.999009 0.0436983
0.998735 0.0496578
0.998425 0.0556155
0.99808 0.0615712
0.997699 0.0675247
0.997282 0.0734758
0.996829 0.0794242
0.99634 0.0853698
0.995815 0.0913123
0.995255 0.0972515
0.994659 0.103187
0.994027 0.109119
0.993359 0.115047
0.992656 0.120971
0.991917 0.126891
0.991142 0.132806
0.990332 0.138716
0.989486 0.144621
0.988604 0.150521
0.987687 0.156416
0.986735 0.162305
0.985747 0.168188
0.984723 0.174065
0.983665 0.179935
0.98257 0.1858
0.981441 0.191657
0.980276 0.197508
0.979076 0.203352
0.977841 0.209188
0.976571 0.215016
0.975266 0.220837
0.973925 0.22665
0.97255 0.232455
0.971139 0.238252
0.969694 0.244039
0.968214 0.249818
0.966699 0.255588
0.965149 0.261349
0.963565 0.267101
0.961946 0.272842
0.960292 0.278574
0.958604 0.284296
0.956882 0.290008
0.955125 0.295709
0.953333 0.3014
0.951508 0.307079
0.949648 0.312748
0.947754 0.318405
0.945826 0.324051
0.943864 0.329685
0.941869 0.335307
0.939839 0.340918
0.937775 0.346515
0.935678 0.352101
0.933547 0.357673
0.931383 0.363233
0.929185 0.36878
0.926954 0.374313
0.924689 0.379833
0.922391 0.385339
0.92006 0.390831
0.917696 0.396309
0.915299 0.401773
0.912869 0.407223
0.910407 0.412657
0.907911 0.418077
0.905383 0.423482
0.902822 0.428871
0.900229 0.434245
0.897604 0.439603
0.894946 0.444946
0.892256 0.450272
0.889534 0.455582
0.88678 0.460876
0.883994 0.466153
0.881176 0.471413
0.878327 0.476656
0.875446 0.481882
0.872534 0.48709
0.86959 0.492281
0.866615 0.497454
0.863609 0.502609
0.860571 0.507746
0.857503 0.512865
0.854404 0.517965
0.851275 0.523047
0.848114 0.528109
0.844923 0.533153
0.841702 0.538177
0.838451 0.543182
0.835169 0.548167
0.831857 0.553132
0.828516 0.558077
0.825144 0.563003
0.821743 0.567907
0.818312 0.572792
0.814852 0.577655
0.811363 0.582498
0.807844 0.58732
0.804297 0.59212
0.80072 0.596899
0.797115 0.601656
0.793481 0.606392
0.789819 0.611106
0.786128 0.615797
0.782409 0.620467
0.778661 0.625114
0.774886 0.629738
0.771083 0.634339
0.767252 0.638918
0.763393 0.643473
0.759507 0.648005
0.755594 0.652514
0.751654 0.656999
0.747686 0.66146
0.743692 0.665898
0.739671 0.670311
0.735623 0.6747
0.731549 0.679065
0.727449 0.683405
0.723322 0.68772
0.719169 0.69201
0.714991 0.696275
0.710787 0.700516
0.706557 0.70473
0.702302 0.708919
0.698022 0.713083
0.693716 0.71722
0.689386 0.721332
0.685031 0.725418
0.680651 0.729477
0.676246 0.73351
0.671818 0.737516
0.667365 0.741495
0.662889 0.745448
0.658388 0.749374
0.653864 0.753272
0.649316 0.757143
0.644745 0.760987
0.640151 0.764803
0.635534 0.768591
0.630894 0.772352
0.626231 0.776084
0.621546 0.779788
0.616839 0.783465
0.612109 0.787112
0.607358 0.790731
0.602584 0.794322
0.597789 0.797883
0.592973 0.801416
0.588135 0.804919
0.583277 0.808394
0.578397 0.811839
0.573496 0.815254
0.568575 0.81864
0.563634 0.821996
0.558672 0.825323
0.55369 0.828619
0.548689 0.831885
0.543668 0.835122
0.538627 0.838327
0.533567 0.841503
0.528488 0.844648
0.52339 0.847762
0.518273 0.850845
0.513137 0.853898
0.507984 0.856919
0.502812 0.859909
0.497622 0.862868
0.492414 0.865796
0.487189 0.868693
0.481946 0.871557
0.476686 0.87439
0.471409 0.877192
0.466115 0.879961
0.460805 0.882698
0.455478 0.885404
0.450135 0.888077
0.444775 0.890718
0.4394 0.893326
0.434009 0.895903
0.428603 0.898446
0.423182 0.900957
0.417745 0.903435
0.412293 0.90588
0.406827 0.908293
0.401346 0.910672
0.395852 0.913018
0.390342 0.915331
0.38482 0.917611
0.379283 0.919857
0.373733 0.92207
0.36817 0.92425
0.362593 0.926395
0.357004 0.928507
0.351402 0.930586
0.345788 0.93263
0.340161 0.934641
0.334523 0.936617
0.328872 0.93856
0.32321 0.940468
0.317537 0.942342
0.311852 0.944182
0.306157 0.945988
0.30045 0.947759
0.294733 0.949496
0.289006 0.951198
0.283269 0.952865
0.277521 0.954498
0.271764 0.956096
0.265998 0.95766
0.260222 0.959188
0.254437 0.960682
0.248643 0.96214
0.24284 0.963564
0.237029 0.964953
0.23121 0.966306
0.225383 0.967625
0.219548 0.968908
0.213705 0.970156
0.207855 0.971369
0.201998 0.972546
0.196134 0.973688
0.190263 0.974795
0.184386 0.975866
0.178502 0.976901
0.172613 0.977901
0.166717 0.978866
0.160816 0.979795
0.154909 0.980688
0.148998 0.981546
0.143081 0.982368
0.137159 0.983154
0.131233 0.983904
0.125303 0.984619
0.119368 0.985298
0.11343 0.985941
0.107488 0.986548
0.101542 0.987119
0.0955935 0.987655
0.0896417 0.988154
0.0836871 0.988618
0.0777299 0.989045
0.0717704 0.989437
0.0658087 0.989793
0.0598452 0.990113
0.0538799 0.990397
0.0479132 0.990644
0.0419452 0.990856
0.0359761 0.991032
0.0300063 0.991172
0.0240359 0.991276
0.018065 0.991343
0.0120941 0.991375
0.00612316 0.991371
0.000152534 0.991331
-0.00581758 0.991254
-0.011787 0.991142
-0.0177554 0.990994
-0.0237227 0.99081
-0.0296886 0.990589
-0.0356529 0.990333
-0.0416154 0.990041
-0.0475758 0.989713
-0.0535339 0.989349
-0.0594896 0.988949
-0.0654426 0.988513
-0.0713926 0.988042
-0.0773395 0.987534
-0.0832831 0.986991
-0.0892231 0.986412
-0.0951593 0.985797
-0.101091 0.985147
-0.107019 0.98446
-0.112943 0.983738
-0.118862 0.98298
-0.124776 0.982187
-0.130684 0.981358
-0.136588 0.980494
-0.142486 0.979594
-0.148378 0.978658
-0.154264 0.977687
-0.160144 0.976681
-0.166018 0.975639
-0.171885 0.974562
-0.177745 0.97345
-0.183599 0.972302
-0.189444 0.971119
-0.195283 0.969902
-0.201114 0.968649
-0.206936 0.96736
-0.212751 0.966037
-0.218558 0.964679
-0.224356 0.963287
-0.230145 0.961859
-0.235925 0.960396
-0.241696 0.958899
-0.247457 0.957367
-0.253209 0.955801
-0.258952 0.9542
-0.264684 0.952564
-0.270406 0.950895
-0.276117 0.94919
-0.281818 0.947452
-0.287508 0.945679
-0.293187 0.943872
-0.298855 0.942032
-0.304511 0.940157
-0.310156 0.938248
-0.315788 0.936305
-0.321409 0.934329
-0.327017 0.932319
-0.332613 0.930275
-0.338196 0.928198
-0.343767 0.926088
-0.349324 0.923944
-0.354868 0.921766
-0.360398 0.919556
-0.365915 0.917312
-0.371417 0.915036
-0.376906 0.912726
-0.382381 0.910384
-0.38784 0.908009
-0.393286 0.905601
-0.398716 0.903161
-0.404131 0.900688
-0.409531 0.898183
-0.414915 0.895645
-0.420284 0.893076
-0.425637 0.890474
-0.430974 0.887841
-0.436295 0.885175
-0.441599 0.882478
-0.446886 0.879749
-0.452157 0.876988
-0.457411 0.874196
-0.462647 0.871373
-0.467867 0.868518
-0.473068 0.865633
-0.478252 0.862716
-0.483418 0.859768
-0.488566 0.85679
-0.493695 0.853781
-0.498806 0.850741
-0.503898 0.847671
-0.508972 0.84457
-0.514026 0.84144
-0.519061 0.838279
-0.524077 0.835088
-0.529073 0.831868
-0.53405 0.828617
-0.539006 0.825337
-0.543943 0.822028
-0.548859 0.818689
-0.553754 0.815321
-0.558629 0.811924
-0.563484 0.808498
-0.568317 0.805043
-0.573129 0.801559
-0.57792 0.798047
-0.582689 0.794507
-0.587437 0.790938
-0.592163 0.78734
-0.596867 0.783715
-0.601548 0.780062
-0.606208 0.776381
-0.610845 0.772673
-0.615459 0.768937
-0.62005 0.765174
-0.624619 0.761383
-0.629164 0.757566
-0.633686 0.753721
-0.638185 0.74985
-0.64266 0.745952
-0.647111 0.742028
-0.651539 0.738077
-0.655942 0.7341
-0.660321 0.730097
-0.664676 0.726068
-0.669006 0.722014
-0.673311 0.717933
-0.677592 0.713828
-0.681848 0.709697
-0.686078 0.705541
-0.690284 0.70136
-0.694464 0.697154
-0.698618 0.692924
-0.702747 0.688669
-0.706849 0.684389
-0.710926 0.680086
-0.714977 0.675758
-0.719001 0.671407
-0.722999 0.667032
-0.726971 0.662633
-0.730915 0.658211
-0.734833 0.653766
-0.738724 0.649297
-0.742588 0.644806
-0.746425 0.640292
-0.750234 0.635755
-0.754016 0.631197
-0.75777 0.626615
-0.761497 0.622012
-0.765195 0.617387
-0.768866 0.61274
-0.772509 0.608072
-0.776123 0.603382
-0.779709 0.598671
-0.783266 0.593939
-0.786795 0.589186
-0.790295 0.584413
-0.793766 0.579619
-0.797209 0.574804
-0.800622 0.56997
-0.804006 0.565115
-0.807361 0.560241
-0.810686 0.555347
-0.813982 0.550433
-0.817248 0.5455
-0.820484 0.540549
-0.82369 0.535578
-0.826867 0.530588
-0.830013 0.52558
-0.83313 0.520554
-0.836215 0.515509
-0.839271 0.510446
-0.842296 0.505366
-0.84529 0.500268
-0.848254 0.495152
-0.851187 0.49002
-0.854089 0.48487
-0.85696 0.479703
-0.8598 0.474519
-0.862609 0.469319
-0.865386 0.464103
-0.868133 0.45887
-0.870847 0.453621
-0.87353 0.448357
-0.876182 0.443077
-0.878802 0.437782
-0.881389 0.432471
-0.883945 0.427146
-0.88647 0.421805
-0.888962 0.41645
-0.891421 0.411081
-0.893849 0.405697
-0.896244 0.400299
-0.898607 0.394887
-0.900938 0.389462
-0.903236 0.384023
-0.905501 0.378571
-0.907733 0.373106
-0.909933 0.367627
-0.9121 0.362137
-0.914234 0.356633
-0.916335 0.351117
-0.918404 0.34559
-0.920439 0.34005
-0.92244 0.334498
-0.924409 0.328935
-0.926344 0.323361
-0.928246 0.317775
-0.930114 0.312179
-0.931949 0.306572
-0.933751 0.300954
-0.935519 0.295326
-0.937253 0.289688
-0.938953 0.284039
-0.94062 0.278381
-0.942253 0.272714
-0.943851 0.267037
-0.945416 0.261351
-0.946947 0.255656
-0.948444 0.249952
-0.949907 0.24424
-0.951336 0.23852
-0.952731 0.232791
-0.954091 0.227054
-0.955417 0.22131
-0.956709 0.215558
-0.957967 0.209798
-0.95919 0.204032
-0.960379 0.198258
-0.961533 0.192478
-0.962653 0.186692
-0.963738 0.180899
-0.964789 0.175099
-0.965805 0.169294
-0.966786 0.163484
-0.967733 0.157667
-0.968645 0.151846
-0.969523 0.146019
-0.970365 0.140187
-0.971173 0.134351
-0.971946 0.12851
-0.972685 0.122665
-0.973388 0.116816
-0.974057 0.110963
-0.974691 0.105106
-0.97529 0.0992456
-0.975854 0.093382
-0.976383 0.0875154
-0.976877 0.0816459
-0.977336 0.0757737
-0.97776 0.0698991
-0.978149 0.0640222
-0.978504 0.0581433
-0.978823 0.0522625
-0.979107 0.0463801
-0.979356 0.0404963
-0.979571 0.0346112
-0.97975 0.0287251
-0.979894 0.0228382
-0.980003 0.0169506
-0.980077 0.0110626
-0.980116 0.00517447
-0.98012 -0.000713711
-0.980089 -0.00660169
-0.980023 -0.0124893
-0.979922 -0.0183762
-0.979786 -0.0242624
-0.979615 -0.0301475
-0.979409 -0.0360315
-0.979168 -0.041914
-0.978892 -0.0477948
-0.978581 -0.0536739
-0.978235 -0.0595509
-0.977854 -0.0654256
-0.977438 -0.0712979
-0.976987 -0.0771676
-0.976501 -0.0830344
-0.975981 -0.0888982
-0.975425 -0.0947587
-0.974835 -0.100616
-0.97421 -0.106469
-0.97355 -0.112319
-0.972855 -0.118164
-0.972126 -0.124005
-0.971362 -0.129842
-0.970563 -0.135674
-0.969729 -0.141501
-0.968861 -0.147323
-0.967958 -0.15314
-0.967021 -0.158951
-0.966049 -0.164757
-0.965042 -0.170557
-0.964002 -0.17635
-0.962926 -0.182138
-0.961816 -0.187919
-0.960672 -0.193693
-0.959494 -0.19946
-0.958281 -0.20522
-0.957034 -0.210973
-0.955753 -0.216719
-0.954438 -0.222457
-0.953088 -0.228186
-0.951705 -0.233908
-0.950287 -0.239622
-0.948836 -0.245327
-0.94735 -0.251023
-0.945831 -0.256711
-0.944278 -0.262389
-0.942691 -0.268058
-0.94107 -0.273718
-0.939416 -0.279368
-0.937728 -0.285008
-0.936007 -0.290638
-0.934252 -0.296258
-0.932463 -0.301867
-0.930642 -0.307466
-0.928787 -0.313054
-0.926899 -0.318631
-0.924977 -0.324196
-0.923023 -0.32975
-0.921035 -0.335293
-0.919014 -0.340824
-0.916961 -0.346343
-0.914875 -0.351849
-0.912755 -0.357343
-0.910604 -0.362825
-0.908419 -0.368294
-0.906202 -0.37375
-0.903953 -0.379192
-0.901671 -0.384622
-0.899356 -0.390038
-0.89701 -0.39544
-0.894631 -0.400828
-0.892221 -0.406202
-0.889778 -0.411562
-0.887303 -0.416908
-0.884797 -0.422238
-0.882258 -0.427554
-0.879688 -0.432855
-0.877087 -0.438141
-0.874454 -0.443411
-0.871789 -0.448666
-0.869093 -0.453905
-0.866366 -0.459128
-0.863608 -0.464335
-0.860819 -0.469525
-0.857998 -0.474699
-0.855147 -0.479856
-0.852266 -0.484997
-0.849353 -0.49012
-0.84641 -0.495226
-0.843436 -0.500315
-0.840432 -0.505386
-0.837398 -0.510439
-0.834334 -0.515475
-0.831239 -0.520492
-0.828115 -0.525491
-0.824961 -0.530472
-0.821776 -0.535434
-0.818563 -0.540377
-0.81532 -0.545301
-0.812047 -0.550205
-0.808745 -0.555091
-0.805414 -0.559957
-0.802053 -0.564803
-0.798664 -0.569629
-0.795246 -0.574436
-0.791799 -0.579222
-0.788324 -0.583988
-0.78482 -0.588733
-0.781287 -0.593457
-0.777727 -0.598161
-0.774138 -0.602843
-0.770521 -0.607504
-0.766876 -0.612144
-0.763203 -0.616763
-0.759503 -0.621359
-0.755775 -0.625934
-0.75202 -0.630486
-0.748238 -0.635017
-0.744428 -0.639525
-0.740591 -0.64401
-0.736728 -0.648473
-0.732837 -0.652913
-0.72892 -0.65733
-0.724977 -0.661723
-0.721007 -0.666094
-0.717011 -0.67044
-0.712989 -0.674764
-0.708941 -0.679063
-0.704867 -0.683338
-0.700767 -0.687589
-0.696642 -0.691816
-0.692491 -0.696019
-0.688315 -0.700197
-0.684114 -0.70435
-0.679888 -0.708478
-0.675637 -0.712581
-0.671362 -0.716659
-0.667062 -0.720712
-0.662737 -0.724739
-0.658389 -0.728741
-0.654016 -0.732717
-0.649619 -0.736667
-0.645199 -0.74059
-0.640754 -0.744488
-0.636287 -0.748359
-0.631796 -0.752204
-0.627282 -0.756022
-0.622745 -0.759813
-0.618184 -0.763578
-0.613602 -0.767315
-0.608996 -0.771025
-0.604369 -0.774708
-0.599719 -0.778363
-0.595047 -0.781991
-0.590353 -0.785591
-0.585637 -0.789163
-0.5809 -0.792707
-0.576141 -0.796223
-0.571361 -0.799711
-0.56656 -0.80317
-0.561738 -0.806601
-0.556895 -0.810003
-0.552032 -0.813376
-0.547148 -0.816721
-0.542244 -0.820036
-0.53732 -0.823322
-0.532376 -0.826579
-0.527412 -0.829807
-0.522428 -0.833005
-0.517426 -0.836173
-0.512404 -0.839312
-0.507363 -0.842421
-0.502303 -0.845499
-0.497224 -0.848548
-0.492127 -0.851566
-0.487012 -0.854554
-0.481878 -0.857512
-0.476727 -0.860439
-0.471557 -0.863335
-0.46637 -0.866201
-0.461166 -0.869035
-0.455944 -0.871839
-0.450705 -0.874612
-0.44545 -0.877353
-0.440177 -0.880063
-0.434889 -0.882741
-0.429583 -0.885388
-0.424262 -0.888004
-0.418925 -0.890587
-0.413572 -0.893139
-0.408203 -0.895659
-0.402819 -0.898147
-0.39742 -0.900602
-0.392006 -0.903026
-0.386577 -0.905417
-0.381133 -0.907776
-0.375675 -0.910102
-0.370203 -0.912395
-0.364717 -0.914656
-0.359216 -0.916885
-0.353703 -0.91908
-0.348175 -0.921242
-0.342635 -0.923372
-0.337081 -0.925468
-0.331515 -0.927531
-0.325936 -0.929561
-0.320344 -0.931557
-0.31474 -0.93352
-0.309124 -0.935449
-0.303497 -0.937345
-0.297857 -0.939207
-0.292206 -0.941036
-0.286544 -0.94283
-0.280871 -0.944591
-0.275187 -0.946318
-0.269492 -0.948011
-0.263787 -0.949669
-0.258071 -0.951294
-0.252346 -0.952884
-0.24661 -0.95444
-0.240865 -0.955962
-0.235111 -0.957449
-0.229347 -0.958902
-0.223575 -0.96032
-0.217793 -0.961704
-0.212003 -0.963053
-0.206205 -0.964367
-0.200399 -0.965646
-0.194584 -0.966891
-0.188762 -0.968101
-0.182932 -0.969276
-0.177095 -0.970416
-0.171251 -0.97152
-0.165399 -0.97259
-0.159541 -0.973625
-0.153677 -0.974625
-0.147806 -0.975589
-0.14193 -0.976518
-0.136047 -0.977412
-0.130159 -0.97827
-0.124265 -0.979094
-0.118367 -0.979881
-0.112463 -0.980634
-0.106554 -0.981351
-0.100641 -0.982032
-0.0947235 -0.982678
-0.0888018 -0.983288
-0.0828762 -0.983863
-0.076947 -0.984402
-0.0710142 -0.984905
-0.0650782 -0.985373
-0.0591391 -0.985805
-0.0531972 -0.986202
-0.0472526 -0.986562
-0.0413057 -0.986887
-0.0353565 -0.987176
-0.0294054 -0.98743
-0.0234526 -0.987647
-0.0174982 -0.987829
-0.0115425 -0.987975
-0.00558566 -0.988085
0.000372031 -0.988159
0.00633038 -0.988198
0.0122892 -0.9882
0.0182482 -0.988167
0.0242072 -0.988098
0.0301661 -0.987993
0.0361244 -0.987852
0.0420822 -0.987675
0.0480391 -0.987462
0.0539949 -0.987214
0.0599493 -0.986929
0.0659023 -0.986609
0.0718535 -0.986253
0.0778028 -0.985861
0.0837499 -0.985433
0.0896945 -0.984969
0.0956366 -0.984469
0.101576 -0.983934
0.107512 -0.983363
0.113445 -0.982756
0.119374 -0.982113
0.1253 -0.981435
0.131222 -0.980721
0.137139 -0.979971
0.143053 -0.979186
0.148961 -0.978364
0.154865 -0.977508
0.160764 -0.976615
0.166658 -0.975687
0.172546 -0.974724
0.178428 -0.973725
0.184305 -0.97269
0.190175 -0.971621
0.19604 -0.970515
0.201897 -0.969375
0.207748 -0.968199
0.213592 -0.966987
0.219429 -0.965741
0.225258 -0.964459
0.23108 -0.963142
0.236893 -0.96179
0.242699 -0.960403
0.248497 -0.958981
0.254286 -0.957523
0.260066 -0.956031
0.265838 -0.954504
0.2716 -0.952943
0.277353 -0.951346
0.283096 -0.949715
0.28883 -0.948049
0.294554 -0.946348
0.300267 -0.944613
0.30597 -0.942844
0.311663 -0.94104
0.317345 -0.939201
0.323015 -0.937329
0.328675 -0.935422
0.334323 -0.933481
0.339959 -0.931506
0.345583 -0.929497
0.351196 -0.927454
0.356796 -0.925377
0.362383 -0.923266
0.367958 -0.921122
0.37352 -0.918944
0.379069 -0.916732
0.384605 -0.914487
0.390127 -0.912208
0.395635 -0.909896
0.401129 -0.907551
0.40661 -0.905173
0.412075 -0.902762
0.417527 -0.900317
0.422963 -0.89784
0.428385 -0.89533
0.433792 -0.892787
0.439183 -0.890212
0.444558 -0.887604
0.449918 -0.884964
0.455262 -0.882291
0.46059 -0.879586
0.465901 -0.876849
0.471196 -0.87408
0.476474 -0.871279
0.481736 -0.868446
0.48698 -0.865581
0.492207 -0.862685
0.497416 -0.859757
0.502608 -0.856798
0.507781 -0.853807
0.512937 -0.850786
0.518074 -0.847733
0.523193 -0.844649
0.528293 -0.841534
0.533375 -0.838389
0.538437 -0.835213
0.54348 -0.832006
0.548504 -0.828769
0.553508 -0.825502
0.558492 -0.822204
0.563457 -0.818877
0.568401 -0.815519
0.573325 -0.812132
0.578228 -0.808715
0.583111 -0.805268
0.587973 -0.801792
0.592814 -0.798287
0.597633 -0.794753
0.602431 -0.791189
0.607208 -0.787597
0.611963 -0.783976
0.616696 -0.780326
0.621407 -0.776648
0.626095 -0.772941
0.630761 -0.769206
0.635404 -0.765443
0.640025 -0.761652
0.644623 -0.757833
0.649197 -0.753987
0.653748 -0.750113
0.658276 -0.746211
0.66278 -0.742283
0.667261 -0.738327
0.671717 -0.734344
0.676149 -0.730335
0.680557 -0.726299
0.68494 -0.722236
0.689299 -0.718147
0.693633 -0.714031
0.697942 -0.70989
0.702226 -0.705723
0.706485 -0.701529
0.710718 -0.697311
0.714926 -0.693067
0.719108 -0.688797
0.723264 -0.684503
0.727395 -0.680183
0.731499 -0.675839
0.735576 -0.67147
0.739627 -0.667076
0.743652 -0.662658
0.74765 -0.658216
0.751621 -0.65375
0.755564 -0.64926
0.759481 -0.644746
0.76337 -0.640209
0.767232 -0.635649
0.771066 -0.631065
0.774873 -0.626459
0.778651 -0.621829
0.782401 -0.617177
0.786124 -0.612502
0.789818 -0.607805
0.793483 -0.603086
0.79712 -0.598345
0.800728 -0.593582
0.804307 -0.588797
0.807858 -0.583991
0.811379 -0.579164
0.814871 -0.574315
0.818333 -0.569446
0.821766 -0.564556
0.82517 -0.559645
0.828544 -0.554714
0.831888 -0.549763
0.835202 -0.544791
0.838485 -0.5398
0.841739 -0.53479
0.844962 -0.529759
0.848155 -0.52471
0.851317 -0.519641
0.854449 -0.514553
0.85755 -0.509447
0.860619 -0.504322
0.863658 -0.499179
0.866666 -0.494018
0.869642 -0.488838
0.872588 -0.483641
0.875501 -0.478426
0.878383 -0.473194
0.881234 -0.467945
0.884052 -0.462678
0.886839 -0.457395
0.889594 -0.452095
0.892317 -0.446779
0.895008 -0.441447
0.897666 -0.436098
0.900292 -0.430734
0.902886 -0.425353
0.905447 -0.419958
0.907975 -0.414547
0.910471 -0.409121
0.912933 -0.40368
0.915363 -0.398225
0.91776 -0.392755
0.920124 -0.387271
0.922455 -0.381772
0.924753 -0.37626
0.927017 -0.370735
0.929247 -0.365195
0.931445 -0.359643
0.933609 -0.354077
0.935739 -0.348499
0.937835 -0.342908
0.939898 -0.337304
0.941926 -0.331688
0.943921 -0.32606
0.945882 -0.320421
0.947809 -0.314769
0.949701 -0.309106
0.951559 -0.303432
0.953384 -0.297747
0.955173 -0.292052
0.956929 -0.286345
0.958649 -0.280628
0.960336 -0.274901
0.961988 -0.269164
0.963605 -0.263418
0.965187 -0.257661
0.966735 -0.251896
0.968247 -0.246121
0.969725 -0.240337
0.971168 -0.234545
0.972577 -0.228744
0.97395 -0.222935
0.975288 -0.217117
0.97659 -0.211292
0.977858 -0.205459
0.979091 -0.199619
0.980288 -0.193771
0.98145 -0.187917
0.982576 -0.182055
0.983668 -0.176187
0.984724 -0.170313
0.985744 -0.164432
0.986729 -0.158546
0.987678 -0.152654
0.988592 -0.146756
0.98947 -0.140853
0.990313 -0.134944
0.99112 -0.129031
0.991892 -0.123113
0.992627 -0.117191
0.993327 -0.111264
0.993991 -0.105334
0.99462 -0.0993994
0.995213 -0.0934614
0.995769 -0.08752
0.99629 -0.0815754
0.996776 -0.0756278
0.997225 -0.0696774
0.997638 -0.0637246
0.998016 -0.0577694
0.998358 -0.0518121
0.998663 -0.0458529
0.998933 -0.0398921
0.999167 -0.0339298
0.999365 -0.0279662
0.999527 -0.0220017
0.999653 -0.0160363
0.999743 -0.0100703
0.999798 -0.00410393
0.999816 0.0018626
0.999798 0.00782908
0.999744 0.0137953
0.999655 0.019761
0.999529 0.025726
0.999367 0.0316902
0.99917 0.0376531
0.998937 0.0436148
0.998667 0.0495749
0.998362 0.0555332
0.998021 0.0614895
0.997644 0.0674436
0.997231 0.0733953
0.996782 0.0793444
0.996298 0.0852906
0.995777 0.0912338
0.995221 0.0971737
0.994629 0.10311
0.994002 0.109043
0.993338 0.114972
0.992639 0.120896
0.991904 0.126816
0.991134 0.132732
0.990328 0.138643
0.989486 0.144549
0.988609 0.15045
0.987696 0.156345
0.986748 0.162235
0.985764 0.168119
0.984745 0.173997
0.98369 0.179868
0.9826 0.185733
0.981475 0.191592
0.980314 0.197443
0.979118 0.203288
0.977887 0.209125
0.976621 0.214954
0.97532 0.220776
0.973984 0.22659
0.972613 0.232396
0.971206 0.238193
0.969765 0.243982
0.968289 0.249762
0.966778 0.255533
0.965233 0.261295
0.963653 0.267047
0.962038 0.27279
0.960388 0.278523
0.958704 0.284246
0.956986 0.289958
0.955233 0.295661
0.953446 0.301352
0.951625 0.307033
0.949769 0.312703
0.947879 0.318361
0.945956 0.324008
0.943998 0.329643
0.942006 0.335266
0.939981 0.340878
0.937921 0.346477
0.935828 0.352063
0.933702 0.357637
0.931541 0.363198
0.929348 0.368746
0.927121 0.37428
0.92486 0.379802
0.922566 0.385309
0.92024 0.390802
0.91788 0.396282
0.915487 0.401747
0.913061 0.407198
0.910602 0.412634
0.908111 0.418055
0.905587 0.423461
0.903031 0.428851
0.900442 0.434227
0.89782 0.439586
0.895167 0.44493
0.892481 0.450258
0.889763 0.455569
0.887013 0.460864
0.884231 0.466143
0.881418 0.471405
0.878573 0.476649
0.875696 0.481877
0.872788 0.487087
0.869848 0.492279
0.866877 0.497454
0.863875 0.502611
0.860842 0.507749
0.857778 0.51287
0.854683 0.517971
0.851557 0.523055
0.848401 0.528119
0.845214 0.533164
0.841997 0.53819
0.83875 0.543196
0.835472 0.548183
0.832165 0.55315
0.828827 0.558098
0.82546 0.563025
0.822063 0.567931
0.818636 0.572817
0.815181 0.577683
0.811695 0.582528
0.808181 0.587351
0.804637 0.592154
0.801065 0.596934
0.797464 0.601694
0.793834 0.606432
0.790175 0.611147
0.786489 0.615841
0.782773 0.620513
0.77903 0.625162
0.775259 0.629788
0.77146 0.634392
0.767633 0.638973
0.763778 0.64353
0.759896 0.648065
0.755987 0.652576
0.752051 0.657063
0.748087 0.661527
0.744097 0.665966
0.74008 0.670382
0.736036 0.674773
0.731966 0.67914
0.727869 0.683483
0.723747 0.687801
0.719598 0.692094
0.715424 0.696361
0.711223 0.700604
0.706998 0.704821
0.702746 0.709013
0.69847 0.713179
0.694168 0.71732
0.689842 0.721434
0.68549 0.725522
0.681114 0.729584
0.676714 0.73362
0.672289 0.737629
0.66784 0.741611
0.663367 0.745567
0.658871 0.749495
0.65435 0.753397
0.649806 0.757271
0.645239 0.761117
0.640648 0.764937
0.636035 0.768728
0.631399 0.772492
0.62674 0.776227
0.622058 0.779935
0.617354 0.783614
0.612628 0.787265
0.60788 0.790887
0.60311 0.794481
0.598319 0.798046
0.593506 0.801582
0.588671 0.805088
0.583816 0.808566
0.57894 0.812015
0.574043 0.815434
0.569125 0.818823
0.564187 0.822183
0.559228 0.825513
0.55425 0.828813
0.549251 0.832083
0.544233 0.835322
0.539196 0.838532
0.534139 0.841711
0.529063 0.844859
0.523968 0.847977
0.518854 0.851065
0.513722 0.854121
0.508571 0.857146
0.503402 0.86014
0.498215 0.863103
0.49301 0.866035
0.487788 0.868935
0.482548 0.871804
0.477291 0.874641
0.472017 0.877446
0.466725 0.88022
0.461418 0.882961
0.456093 0.885671
0.450753 0.888348
0.445396 0.890993
0.440023 0.893606
0.434635 0.896186
0.429231 0.898734
0.423812 0.901249
0.418378 0.903731
0.412929 0.906181
0.407465 0.908597
0.401986 0.910981
0.396493 0.913332
0.390986 0.915649
0.385466 0.917933
0.379931 0.920184
0.374383 0.922401
0.368822 0.924585
0.363247 0.926735
0.35766 0.928852
0.35206 0.930935
0.346448 0.932984
0.340823 0.934999
0.335186 0.93698
0.329537 0.938927
0.323877 0.94084
0.318205 0.942719
0.312522 0.944563
0.306828 0.946374
0.301123 0.948149
0.295407 0.949891
0.289681 0.951598
0.283945 0.95327
0.278199 0.954908
0.272443 0.95651
0.266677 0.958079
0.260902 0.959612
0.255118 0.96111
0.249325 0.962574
0.243524 0.964002
0.237714 0.965396
0.231895 0.966754
0.226069 0.968077
0.220234 0.969365
0.214392 0.970618
0.208543 0.971836
0.202686 0.973018
0.196823 0.974165
0.190952 0.975276
0.185075 0.976352
0.179192 0.977393
0.173302 0.978398
0.167407 0.979367
0.161506 0.980301
0.155599 0.981199
0.149688 0.982062
0.143771 0.982888
0.137849 0.983679
0.131923 0.984435
0.125992 0.985154
0.120057 0.985838
0.114119 0.986486
0.108176 0.987098
0.10223 0.987674
0.0962806 0.988215
0.0903282 0.988719
0.084373 0.989187
0.0784151 0.98962
0.0724548 0.990016
0.0664923 0.990377
0.0605278 0.990702
0.0545616 0.99099
0.0485938 0.991243
0.0426247 0.991459
0.0366545 0.99164
0.0306835 0.991784
0.0247118 0.991893
0.0187396 0.991965
0.0127673 0.992002
0.0067949 0.992002
0.000822767 0.991967
-0.00514892 0.991895
-0.0111199 0.991788
-0.0170901 0.991644
-0.0230591 0.991464
-0.0290268 0.991249
-0.0349929 0.990997
-0.0409573 0.990709
-0.0469197 0.990386
-0.0528799 0.990026
-0.0588377 0.989631
-0.0647928 0.9892
-0.0707451 0.988732
-0.0766943 0.988229
-0.0826402 0.98769
-0.0885825 0.987116
-0.0945211 0.986505
-0.100456 0.985859
-0.106386 0.985177
-0.112312 0.984459
-0.118234 0.983705
-0.12415 0.982916
-0.130062 0.982091
-0.135968 0.981231
-0.141869 0.980335
-0.147764 0.979403
-0.153654 0.978436
-0.159537 0.977434
-0.165414 0.976396
-0.171284 0.975323
-0.177147 0.974214
-0.183004 0.97307
-0.188853 0.971891
-0.194695 0.970677
-0.200529 0.969428
-0.206355 0.968143
-0.212173 0.966824
-0.217983 0.965469
-0.223785 0.96408
-0.229577 0.962656
-0.235361 0.961196
-0.241136 0.959703
-0.246901 0.958174
-0.252657 0.956611
-0.258403 0.955013
-0.264139 0.953381
-0.269865 0.951714
-0.275581 0.950013
-0.281286 0.948277
-0.28698 0.946508
-0.292663 0.944704
-0.298335 0.942866
-0.303995 0.940994
-0.309644 0.939088
-0.315281 0.937148
-0.320906 0.935174
-0.326519 0.933167
-0.332119 0.931125
-0.337706 0.929051
-0.343281 0.926943
-0.348843 0.924801
-0.354391 0.922626
-0.359926 0.920418
-0.365447 0.918176
-0.370955 0.915902
-0.376448 0.913595
-0.381927 0.911254
-0.387391 0.908881
-0.392841 0.906475
-0.398276 0.904037
-0.403696 0.901566
-0.409101 0.899063
-0.41449 0.896527
-0.419864 0.893959
-0.425222 0.891359
-0.430563 0.888727
-0.435889 0.886063
-0.441198 0.883367
-0.44649 0.880639
-0.451766 0.87788
-0.457025 0.875089
-0.462266 0.872267
-0.467491 0.869413
-0.472697 0.866529
-0.477886 0.863613
-0.483057 0.860666
-0.48821 0.857688
-0.493344 0.85468
-0.49846 0.851641
-0.503558 0.848572
-0.508636 0.845472
-0.513696 0.842342
-0.518736 0.839181
-0.523757 0.835991
-0.528758 0.832771
-0.53374 0.829521
-0.538701 0.826241
-0.543643 0.822932
-0.548564 0.819593
-0.553465 0.816225
-0.558345 0.812828
-0.563204 0.809402
-0.568043 0.805947
-0.57286 0.802463
-0.577656 0.798951
-0.58243 0.79541
-0.587183 0.791841
-0.591914 0.788243
-0.596623 0.784617
-0.60131 0.780964
-0.605974 0.777282
-0.610616 0.773573
-0.615235 0.769837
-0.619832 0.766072
-0.624405 0.762281
-0.628956 0.758463
-0.633483 0.754617
-0.637986 0.750745
-0.642466 0.746846
-0.646923 0.742921
-0.651355 0.738969
-0.655763 0.734991
-0.660147 0.730986
-0.664507 0.726956
-0.668842 0.7229
-0.673152 0.718819
-0.677438 0.714712
-0.681698 0.710579
-0.685933 0.706422
-0.690143 0.702239
-0.694328 0.698032
-0.698487 0.693799
-0.70262 0.689543
-0.706728 0.685261
-0.710809 0.680956
-0.714864 0.676627
-0.718893 0.672273
-0.722896 0.667896
-0.726872 0.663495
-0.730821 0.659071
-0.734743 0.654624
-0.738638 0.650153
-0.742507 0.64566
-0.746348 0.641143
-0.750161 0.636605
-0.753947 0.632043
-0.757706 0.62746
-0.761436 0.622854
-0.765139 0.618227
-0.768814 0.613577
-0.77246 0.608906
-0.776079 0.604214
-0.779669 0.5995
-0.78323 0.594766
-0.786763 0.59001
-0.790266 0.585234
-0.793742 0.580437
-0.797188 0.57562
-0.800604 0.570782
-0.803992 0.565925
-0.80735 0.561048
-0.810679 0.556151
-0.813979 0.551235
-0.817248 0.546299
-0.820488 0.541344
-0.823698 0.53637
-0.826878 0.531378
-0.830027 0.526367
-0.833147 0.521337
-0.836236 0.516289
-0.839295 0.511224
-0.842323 0.50614
-0.84532 0.501039
-0.848287 0.49592
-0.851223 0.490784
-0.854128 0.485631
-0.857002 0.480461
-0.859845 0.475274
-0.862656 0.470071
-0.865436 0.464851
-0.868185 0.459615
-0.870903 0.454363
-0.873588 0.449096
-0.876242 0.443813
-0.878864 0.438514
-0.881455 0.4332
-0.884013 0.427871
-0.88654 0.422527
-0.889034 0.417169
-0.891496 0.411796
-0.893926 0.406409
-0.896323 0.401008
-0.898688 0.395593
-0.901021 0.390164
-0.903321 0.384722
-0.905588 0.379266
-0.907822 0.373798
-0.910024 0.368316
-0.912193 0.362822
-0.914329 0.357315
-0.916432 0.351796
-0.918501 0.346265
-0.920538 0.340722
-0.922541 0.335167
-0.924511 0.329601
-0.926448 0.324023
-0.928351 0.318434
-0.930221 0.312835
-0.932057 0.307224
-0.93386 0.301603
-0.935629 0.295972
-0.937364 0.290331
-0.939066 0.284679
-0.940733 0.279018
-0.942367 0.273347
-0.943967 0.267667
-0.945533 0.261978
-0.947065 0.25628
-0.948563 0.250573
-0.950027 0.244858
-0.951456 0.239135
-0.952851 0.233403
-0.954212 0.227663
-0.955539 0.221916
-0.956832 0.216161
-0.95809 0.210399
-0.959313 0.204629
-0.960503 0.198853
-0.961657 0.19307
-0.962777 0.187281
-0.963863 0.181485
-0.964914 0.175683
-0.96593 0.169875
-0.966912 0.164062
-0.967859 0.158243
-0.968771 0.152419
-0.969649 0.146589
-0.970492 0.140755
-0.9713 0.134916
-0.972073 0.129073
-0.972811 0.123225
-0.973515 0.117374
-0.974183 0.111518
-0.974817 0.105659
-0.975416 0.0997967
-0.97598 0.0939309
-0.976509 0.0880621
-0.977002 0.0821905
-0.977461 0.0763162
-0.977885 0.0704395
-0.978274 0.0645606
-0.978628 0.0586797
-0.978947 0.052797
-0.979231 0.0469127
-0.97948 0.041027
-0.979693 0.0351401
-0.979872 0.0292522
-0.980016 0.0233636
-0.980124 0.0174744
-0.980198 0.0115848
-0.980236 0.005695
-0.98024 -0.000194714
-0.980208 -0.00608419
-0.980142 -0.0119732
-0.98004 -0.0178616
-0.979903 -0.0237491
-0.979732 -0.0296355
-0.979525 -0.0355207
-0.979283 -0.0414044
-0.979006 -0.0472864
-0.978695 -0.0531666
-0.978348 -0.0590446
-0.977966 -0.0649204
-0.97755 -0.0707937
-0.977098 -0.0766643
-0.976612 -0.082532
-0.97609 -0.0883966
-0.975534 -0.0942578
-0.974943 -0.100116
-0.974317 -0.10597
-0.973657 -0.11182
-0.972961 -0.117666
-0.972231 -0.123508
-0.971466 -0.129345
-0.970666 -0.135177
-0.969832 -0.141005
-0.968963 -0.146827
-0.96806 -0.152644
-0.967121 -0.158456
-0.966149 -0.164261
-0.965142 -0.170061
-0.9641 -0.175855
-0.963024 -0.181642
-0.961913 -0.187423
-0.960769 -0.193197
-0.959589 -0.198965
-0.958376 -0.204725
-0.957128 -0.210477
-0.955847 -0.216223
-0.954531 -0.22196
-0.95318 -0.227689
-0.951796 -0.233411
-0.950378 -0.239124
-0.948926 -0.244828
-0.94744 -0.250524
-0.94592 -0.256211
-0.944366 -0.261889
-0.942779 -0.267557
-0.941158 -0.273216
-0.939503 -0.278865
-0.937815 -0.284505
-0.936093 -0.290134
-0.934338 -0.295753
-0.932549 -0.301361
-0.930727 -0.306959
-0.928872 -0.312546
-0.926983 -0.318121
-0.925061 -0.323686
-0.923106 -0.329239
-0.921119 -0.33478
-0.919098 -0.34031
-0.917044 -0.345827
-0.914958 -0.351332
-0.912838 -0.356825
-0.910686 -0.362305
-0.908502 -0.367773
-0.906285 -0.373227
-0.904035 -0.378668
-0.901754 -0.384096
-0.899439 -0.389511
-0.897093 -0.394911
-0.894715 -0.400298
-0.892304 -0.40567
-0.889861 -0.411028
-0.887387 -0.416372
-0.884881 -0.421701
-0.882343 -0.427015
-0.879773 -0.432314
-0.877172 -0.437598
-0.874539 -0.442866
-0.871875 -0.448119
-0.86918 -0.453356
-0.866453 -0.458577
-0.863696 -0.463781
-0.860907 -0.46897
-0.858088 -0.474142
-0.855237 -0.479297
-0.852356 -0.484435
-0.849445 -0.489556
-0.846502 -0.49466
-0.84353 -0.499747
-0.840527 -0.504816
-0.837494 -0.509867
-0.83443 -0.5149
-0.831337 -0.519915
-0.828214 -0.524911
-0.82506 -0.52989
-0.821878 -0.534849
-0.818665 -0.53979
-0.815423 -0.544711
-0.812152 -0.549614
-0.808852 -0.554497
-0.805522 -0.55936
-0.802163 -0.564204
-0.798775 -0.569028
-0.795359 -0.573832
-0.791914 -0.578616
-0.78844 -0.583379
-0.784938 -0.588122
-0.781407 -0.592844
-0.777848 -0.597545
-0.774261 -0.602225
-0.770647 -0.606883
-0.767004 -0.611521
-0.763333 -0.616137
-0.759635 -0.620731
-0.755909 -0.625303
-0.752156 -0.629853
-0.748376 -0.634381
-0.744569 -0.638886
-0.740735 -0.643369
-0.736873 -0.647829
-0.732985 -0.652267
-0.729071 -0.656681
-0.72513 -0.661072
-0.721163 -0.66544
-0.717169 -0.669785
-0.71315 -0.674105
-0.709104 -0.678402
-0.705033 -0.682675
-0.700937 -0.686924
-0.696814 -0.691148
-0.692667 -0.695348
-0.688494 -0.699524
-0.684296 -0.703675
-0.680073 -0.707801
-0.675825 -0.711902
-0.671553 -0.715977
-0.667256 -0.720028
-0.662935 -0.724053
-0.65859 -0.728052
-0.65422 -0.732026
-0.649827 -0.735974
-0.64541 -0.739895
-0.640969 -0.743791
-0.636505 -0.74766
-0.632018 -0.751502
-0.627507 -0.755318
-0.622974 -0.759108
-0.618417 -0.76287
-0.613838 -0.766605
-0.609237 -0.770314
-0.604613 -0.773994
-0.599967 -0.777648
-0.595299 -0.781274
-0.590609 -0.784872
-0.585897 -0.788442
-0.581164 -0.791985
-0.576409 -0.795499
-0.571634 -0.798985
-0.566837 -0.802442
-0.562019 -0.805872
-0.55718 -0.809272
-0.552321 -0.812644
-0.547442 -0.815987
-0.542542 -0.819301
-0.537622 -0.822586
-0.532683 -0.825841
-0.527723 -0.829067
-0.522744 -0.832264
-0.517746 -0.835431
-0.512729 -0.838569
-0.507692 -0.841676
-0.502637 -0.844754
-0.497563 -0.847801
-0.49247 -0.850819
-0.48736 -0.853806
-0.482231 -0.856762
-0.477084 -0.859689
-0.471919 -0.862584
-0.466737 -0.865449
-0.461538 -0.868283
-0.456321 -0.871086
-0.451087 -0.873857
-0.445836 -0.876598
-0.440569 -0.879308
-0.435285 -0.881986
-0.429984 -0.884632
-0.424668 -0.887247
-0.419336 -0.88983
-0.413988 -0.892382
-0.408624 -0.894902
-0.403245 -0.897389
-0.397851 -0.899845
-0.392442 -0.902268
-0.387018 -0.904659
-0.381579 -0.907018
-0.376126 -0.909344
-0.370659 -0.911638
-0.365178 -0.913899
-0.359682 -0.916128
-0.354174 -0.918323
-0.348651 -0.920486
-0.343116 -0.922616
-0.337567 -0.924713
-0.332006 -0.926776
-0.326432 -0.928807
-0.320846 -0.930804
-0.315247 -0.932768
-0.309636 -0.934698
-0.304013 -0.936595
-0.298379 -0.938458
-0.292733 -0.940287
-0.287076 -0.942083
-0.281408 -0.943845
-0.275729 -0.945572
-0.270039 -0.947266
-0.264339 -0.948926
-0.258628 -0.950552
-0.252908 -0.952144
-0.247177 -0.953701
-0.241437 -0.955224
-0.235688 -0.956713
-0.229929 -0.958168
-0.224162 -0.959587
-0.218385 -0.960973
-0.2126 -0.962324
-0.206807 -0.96364
-0.201005 -0.964921
-0.195195 -0.966168
-0.189378 -0.967379
-0.183553 -0.968556
-0.17772 -0.969698
-0.171881 -0.970805
-0.166034 -0.971878
-0.160181 -0.972915
-0.154322 -0.973916
-0.148456 -0.974883
-0.142583 -0.975815
-0.136705 -0.976711
-0.130822 -0.977572
-0.124933 -0.978398
-0.119038 -0.979189
-0.113139 -0.979944
-0.107235 -0.980663
-0.101326 -0.981347
-0.095413 -0.981996
-0.0894957 -0.982609
-0.0835744 -0.983187
-0.0776494 -0.983729
-0.0717208 -0.984236
-0.065789 -0.984707
-0.059854 -0.985142
-0.0539162 -0.985542
-0.0479757 -0.985906
-0.0420328 -0.986234
-0.0360876 -0.986527
-0.0301404 -0.986783
-0.0241914 -0.987004
-0.0182409 -0.98719
-0.012289 -0.987339
-0.00633591 -0.987453
-0.000381919 -0.987531
0.00557278 -0.987573
0.011528 -0.987579
0.0174834 -0.98755
0.023439 -0.987484
0.0293943 -0.987383
0.0353493 -0.987246
0.0413037 -0.987073
0.0472573 -0.986864
0.0532098 -0.98662
0.0591611 -0.986339
0.0651109 -0.986023
0.071059 -0.985671
0.0770053 -0.985283
0.0829494 -0.98486
0.0888911 -0.9844
0.0948303 -0.983905
0.100767 -0.983374
0.1067 -0.982807
0.11263 -0.982205
0.118557 -0.981566
0.12448 -0.980892
0.130399 -0.980183
0.136315 -0.979437
0.142225 -0.978657
0.148132 -0.97784
0.154033 -0.976988
0.15993 -0.9761
0.165821 -0.975177
0.171708 -0.974218
0.177588 -0.973224
0.183463 -0.972194
0.189331 -0.971129
0.195193 -0.970028
0.201049 -0.968892
0.206898 -0.967721
0.212741 -0.966515
0.218576 -0.965273
0.224404 -0.963996
0.230224 -0.962684
0.236036 -0.961337
0.241841 -0.959954
0.247637 -0.958537
0.253425 -0.957085
0.259204 -0.955598
0.264974 -0.954076
0.270736 -0.952519
0.276488 -0.950927
0.28223 -0.949301
0.287963 -0.94764
0.293686 -0.945945
0.299399 -0.944215
0.305101 -0.94245
0.310793 -0.940651
0.316474 -0.938818
0.322144 -0.93695
0.327804 -0.935048
0.333451 -0.933112
0.339087 -0.931142
0.344711 -0.929138
0.350324 -0.9271
0.355924 -0.925028
0.361511 -0.922923
0.367086 -0.920783
0.372648 -0.91861
0.378197 -0.916404
0.383733 -0.914164
0.389256 -0.91189
0.394764 -0.909583
0.400259 -0.907243
0.40574 -0.90487
0.411206 -0.902464
0.416658 -0.900024
0.422096 -0.897552
0.427518 -0.895047
0.432926 -0.892509
0.438318 -0.889939
0.443694 -0.887336
0.449055 -0.8847
0.4544 -0.882032
0.459729 -0.879332
0.465042 -0.8766
0.470338 -0.873836
0.475617 -0.87104
0.48088 -0.868212
0.486126 -0.865352
0.491354 -0.86246
0.496565 -0.859537
0.501758 -0.856583
0.506933 -0.853597
0.512091 -0.85058
0.51723 -0.847532
0.522351 -0.844452
0.527453 -0.841342
0.532536 -0.838201
0.5376 -0.83503
0.542646 -0.831828
0.547672 -0.828595
0.552678 -0.825332
0.557664 -0.822039
0.562631 -0.818716
0.567578 -0.815363
0.572504 -0.81198
0.57741 -0.808568
0.582295 -0.805126
0.587159 -0.801654
0.592003 -0.798153
0.596825 -0.794623
0.601626 -0.791064
0.606405 -0.787475
0.611163 -0.783859
0.615899 -0.780213
0.620612 -0.776539
0.625304 -0.772836
0.629973 -0.769105
0.634619 -0.765346
0.639243 -0.761559
0.643843 -0.757744
0.648421 -0.753902
0.652976 -0.750032
0.657507 -0.746134
0.662014 -0.742209
0.666497 -0.738257
0.670957 -0.734278
0.675393 -0.730272
0.679804 -0.72624
0.684191 -0.72218
0.688553 -0.718095
0.692891 -0.713983
0.697204 -0.709845
0.701491 -0.705681
0.705754 -0.701492
0.709991 -0.697276
0.714202 -0.693036
0.718388 -0.688769
0.722548 -0.684478
0.726682 -0.680162
0.73079 -0.675821
0.734871 -0.671455
0.738926 -0.667064
0.742955 -0.662649
0.746957 -0.65821
0.750931 -0.653747
0.754879 -0.64926
0.7588 -0.64475
0.762693 -0.640215
0.766559 -0.635658
0.770397 -0.631077
0.774208 -0.626473
0.777991 -0.621846
0.781745 -0.617197
0.785472 -0.612524
0.78917 -0.60783
0.79284 -0.603113
0.796481 -0.598375
0.800093 -0.593614
0.803677 -0.588832
0.807232 -0.584028
0.810757 -0.579203
0.814254 -0.574357
0.817721 -0.56949
0.821158 -0.564602
0.824566 -0.559694
0.827944 -0.554765
0.831293 -0.549816
0.834611 -0.544846
0.837899 -0.539857
0.841158 -0.534848
0.844385 -0.52982
0.847583 -0.524772
0.85075 -0.519706
0.853886 -0.51462
0.856991 -0.509515
0.860066 -0.504392
0.863109 -0.499251
0.866121 -0.494091
0.869102 -0.488913
0.872052 -0.483718
0.87497 -0.478505
0.877857 -0.473274
0.880712 -0.468026
0.883536 -0.462761
0.886327 -0.457479
0.889087 -0.452181
0.891814 -0.446866
0.89451 -0.441535
0.897173 -0.436187
0.899803 -0.430824
0.902402 -0.425445
0.904967 -0.420051
0.907501 -0.414641
0.910001 -0.409216
0.912469 -0.403777
0.914903 -0.398322
0.917305 -0.392853
0.919674 -0.38737
0.922009 -0.381873
0.924311 -0.376361
0.92658 -0.370836
0.928816 -0.365298
0.931018 -0.359746
0.933186 -0.354181
0.935321 -0.348604
0.937422 -0.343013
0.939489 -0.33741
0.941523 -0.331795
0.943522 -0.326168
0.945488 -0.320529
0.947419 -0.314878
0.949317 -0.309216
0.95118 -0.303542
0.953009 -0.297858
0.954803 -0.292162
0.956563 -0.286456
0.958289 -0.28074
0.95998 -0.275013
0.961636 -0.269276
0.963258 -0.26353
0.964845 -0.257774
0.966397 -0.252009
0.967915 -0.246234
0.969397 -0.24045
0.970845 -0.234658
0.972258 -0.228857
0.973635 -0.223048
0.974978 -0.217231
0.976286 -0.211406
0.977558 -0.205573
0.978795 -0.199733
0.979997 -0.193885
0.981163 -0.18803
0.982295 -0.182169
0.983391 -0.176301
0.984451 -0.170426
0.985476 -0.164546
0.986465 -0.158659
0.987419 -0.152767
0.988338 -0.146868
0.989221 -0.140965
0.990068 -0.135057
0.99088 -0.129143
0.991655 -0.123225
0.992396 -0.117302
0.9931 -0.111376
0.993769 -0.105445
0.994402 -0.0995099
0.994999 -0.0935715
0.99556 -0.0876297
0.996086 -0.0816846
0.996575 -0.0757366
0.997029 -0.0697859
0.997447 -0.0638326
0.997829 -0.0578769
0.998175 -0.0519191
0.998485 -0.0459595
0.99876 -0.0399981
0.998998 -0.0340352
0.9992 -0.0280711
0.999367 -0.022106
0.999497 -0.01614
0.999592 -0.0101735
0.99965 -0.00420649
0.999673 0.00176066
0.99966 0.00772777
0.99961 0.0136946
0.999525 0.019661
0.999404 0.0256267
0.999246 0.0315915
0.999053 0.0375552
0.998824 0.0435176
0.998559 0.0494784
0.998258 0.0554375
0.997921 0.0613946
0.997549 0.0673494
0.99714 0.0733019
0.996696 0.0792518
0.996215 0.0851988
0.995699 0.0911428
0.995147 0.0970835
0.99456 0.103021
0.993936 0.108954
0.993277 0.114884
0.992582 0.120809
0.991851 0.126731
0.991085 0.132647
0.990283 0.138559
0.989446 0.144466
0.988573 0.150368
0.987664 0.156264
0.98672 0.162155
0.98574 0.168039
0.984725 0.173918
0.983675 0.179791
0.982589 0.185657
0.981468 0.191516
0.980312 0.197369
0.97912 0.203214
0.977893 0.209052
0.976631 0.214883
0.975334 0.220706
0.974002 0.226521
0.972635 0.232328
0.971233 0.238126
0.969796 0.243916
0.968324 0.249697
0.966817 0.255469
0.965276 0.261232
0.9637 0.266986
0.962089 0.27273
0.960444 0.278464
0.958764 0.284188
0.95705 0.289902
0.955301 0.295605
0.953518 0.301298
0.951701 0.30698
0.949849 0.312651
0.947963 0.31831
0.946044 0.323958
0.94409 0.329595
0.942102 0.335219
0.940081 0.340832
0.938026 0.346432
0.935937 0.35202
0.933814 0.357595
0.931658 0.363158
0.929468 0.368707
0.927245 0.374243
0.924989 0.379765
0.922699 0.385274
0.920377 0.390769
0.918021 0.39625
0.915632 0.401716
0.91321 0.407168
0.910756 0.412606
0.908269 0.418028
0.905749 0.423436
0.903196 0.428828
0.900611 0.434205
0.897994 0.439566
0.895344 0.444911
0.892663 0.45024
0.889949 0.455553
0.887203 0.46085
0.884425 0.46613
0.881616 0.471393
0.878775 0.476639
0.875902 0.481868
0.872998 0.48708
0.870062 0.492274
0.867095 0.497451
0.864097 0.502609
0.861068 0.507749
0.858008 0.512871
0.854917 0.517975
0.851796 0.52306
0.848644 0.528126
0.845461 0.533173
0.842248 0.538201
0.839005 0.543209
0.835731 0.548198
0.832427 0.553167
0.829094 0.558116
0.825731 0.563045
0.822338 0.567953
0.818915 0.572841
0.815463 0.577709
0.811982 0.582555
0.808472 0.587381
0.804932 0.592185
0.801364 0.596968
0.797767 0.60173
0.794141 0.60647
0.790486 0.611187
0.786803 0.615883
0.783092 0.620557
0.779353 0.625208
0.775586 0.629837
0.771791 0.634443
0.767968 0.639026
0.764117 0.643586
0.760239 0.648122
0.756334 0.652635
0.752401 0.657125
0.748442 0.661591
0.744455 0.666033
0.740442 0.670451
0.736402 0.674845
0.732336 0.679215
0.728244 0.68356
0.724125 0.68788
0.71998 0.692175
0.715809 0.696445
0.711613 0.700691
0.707391 0.704911
0.703144 0.709105
0.698871 0.713274
0.694573 0.717417
0.69025 0.721534
0.685903 0.725625
0.681531 0.72969
0.677134 0.733728
0.672713 0.73774
0.668268 0.741725
0.663799 0.745683
0.659306 0.749615
0.654789 0.753519
0.650249 0.757396
0.645685 0.761246
0.641098 0.765068
0.636488 0.768862
0.631856 0.772629
0.6272 0.776367
0.622522 0.780078
0.617822 0.78376
0.613099 0.787414
0.608355 0.79104
0.603589 0.794637
0.598801 0.798205
0.593991 0.801744
0.58916 0.805254
0.584308 0.808735
0.579435 0.812187
0.574542 0.815609
0.569627 0.819002
0.564692 0.822365
0.559737 0.825699
0.554762 0.829002
0.549767 0.832276
0.544752 0.835519
0.539718 0.838732
0.534664 0.841915
0.529592 0.845067
0.5245 0.848188
0.519389 0.851279
0.51426 0.854339
0.509112 0.857368
0.503946 0.860366
0.498762 0.863333
0.49356 0.866268
0.488341 0.869172
0.483104 0.872045
0.47785 0.874886
0.472578 0.877695
0.46729 0.880472
0.461985 0.883218
0.456663 0.885931
0.451325 0.888613
0.445971 0.891262
0.440601 0.893879
0.435216 0.896463
0.429814 0.899015
0.424398 0.901534
0.418966 0.904021
0.413519 0.906474
0.408058 0.908895
0.402582 0.911283
0.397091 0.913638
0.391587 0.91596
0.386068 0.918248
0.380536 0.920503
0.37499 0.922725
0.369431 0.924913
0.363859 0.927068
0.358274 0.929189
0.352676 0.931276
0.347065 0.933329
0.341442 0.935349
0.335807 0.937335
0.33016 0.939286
0.324502 0.941204
0.318832 0.943087
0.31315 0.944936
0.307458 0.946751
0.301755 0.948532
0.296041 0.950278
0.290316 0.951989
0.284581 0.953666
0.278837 0.955308
0.273082 0.956916
0.267318 0.958489
0.261544 0.960027
0.255762 0.96153
0.24997 0.962998
0.244169 0.964431
0.23836 0.96583
0.232543 0.967193
0.226717 0.968521
0.220884 0.969814
0.215043 0.971071
0.209194 0.972294
0.203338 0.973481
0.197475 0.974632
0.191606 0.975749
0.185729 0.976829
0.179847 0.977875
0.173958 0.978885
0.168063 0.979859
0.162162 0.980798
0.156256 0.981701
0.150344 0.982568
0.144428 0.9834
0.138506 0.984196
0.13258 0.984956
0.126649 0.98568
0.120715 0.986369
0.114776 0.987022
0.108833 0.987639
0.102887 0.98822
0.0969373 0.988765
0.0909846 0.989274
0.085029 0.989748
0.0790707 0.990185
0.0731099 0.990586
0.0671469 0.990952
0.0611818 0.991281
0.0552149 0.991575
0.0492465 0.991832
0.0432766 0.992054
0.0373056 0.992239
0.0313337 0.992388
0.0253611 0.992502
0.0193879 0.992579
0.0134145 0.99262
0.00744105 0.992625
0.00146775 0.992594
-0.00450517 0.992528
-0.0104775 0.992425
-0.0164489 0.992286
-0.0224194 0.992111
-0.0283885 0.9919
-0.0343562 0.991653
-0.0403222 0.99137
-0.0462862 0.991051
-0.0522481 0.990696
-0.0582077 0.990305
-0.0641646 0.989879
-0.0701187 0.989416
-0.0760699 0.988917
-0.0820177 0.988383
-0.0879621 0.987813
-0.0939029 0.987206
-0.0998397 0.986564
-0.105772 0.985887
-0.111701 0.985173
-0.117625 0.984424
-0.123544 0.983639
-0.129458 0.982819
-0.135366 0.981962
-0.14127 0.981071
-0.147168 0.980143
-0.15306 0.97918
-0.158945 0.978182
-0.164825 0.977148
-0.170698 0.976079
-0.176564 0.974975
-0.182424 0.973835
-0.188276 0.97266
-0.194121 0.971449
-0.199958 0.970204
-0.205787 0.968923
-0.211609 0.967608
-0.217422 0.966257
-0.223227 0.964871
-0.229023 0.96345
-0.23481 0.961995
-0.240588 0.960505
-0.246357 0.95898
-0.252116 0.95742
-0.257866 0.955826
-0.263606 0.954197
-0.269335 0.952533
-0.275055 0.950835
-0.280763 0.949103
-0.286461 0.947337
-0.292148 0.945536
-0.297824 0.943701
-0.303488 0.941832
-0.309141 0.939929
-0.314782 0.937992
-0.320411 0.936022
-0.326028 0.934017
-0.331632 0.931979
-0.337224 0.929907
-0.342803 0.927801
-0.348369 0.925662
-0.353921 0.92349
-0.359461 0.921284
-0.364986 0.919046
-0.370498 0.916774
-0.375996 0.914469
-0.381479 0.912131
-0.386948 0.90976
-0.392403 0.907356
-0.397842 0.90492
-0.403267 0.902451
-0.408676 0.89995
-0.41407 0.897416
-0.419448 0.89485
-0.424811 0.892252
-0.430157 0.889622
-0.435488 0.886959
-0.440802 0.884265
-0.446099 0.881539
-0.451379 0.878781
-0.456643 0.875992
-0.461889 0.873171
-0.467118 0.870319
-0.47233 0.867436
-0.477524 0.864522
-0.4827 0.861576
-0.487857 0.8586
-0.492997 0.855592
-0.498118 0.852555
-0.50322 0.849486
-0.508304 0.846387
-0.513368 0.843258
-0.518414 0.840098
-0.523439 0.836909
-0.528446 0.833689
-0.533432 0.83044
-0.538399 0.827161
-0.543346 0.823852
-0.548272 0.820514
-0.553178 0.817146
-0.558063 0.81375
-0.562928 0.810324
-0.567771 0.806869
-0.572594 0.803385
-0.577395 0.799873
-0.582174 0.796332
-0.586932 0.792763
-0.591668 0.789165
-0.596382 0.785539
-0.601074 0.781885
-0.605744 0.778204
-0.610391 0.774494
-0.615015 0.770757
-0.619617 0.766993
-0.624195 0.763201
-0.628751 0.759382
-0.633283 0.755536
-0.637792 0.751663
-0.642277 0.747763
-0.646738 0.743837
-0.651175 0.739884
-0.655588 0.735905
-0.659977 0.7319
-0.664342 0.727869
-0.668682 0.723812
-0.672997 0.719729
-0.677288 0.715621
-0.681553 0.711487
-0.685793 0.707328
-0.690008 0.703144
-0.694198 0.698935
-0.698361 0.694701
-0.7025 0.690443
-0.706612 0.68616
-0.710698 0.681853
-0.714758 0.677522
-0.718791 0.673167
-0.722799 0.668788
-0.726779 0.664386
-0.730733 0.65996
-0.73466 0.65551
-0.73856 0.651038
-0.742433 0.646542
-0.746278 0.642024
-0.750096 0.637483
-0.753887 0.632919
-0.75765 0.628334
-0.761385 0.623726
-0.765092 0.619096
-0.768771 0.614444
-0.772422 0.609771
-0.776044 0.605076
-0.779638 0.60036
-0.783204 0.595623
-0.786741 0.590865
-0.790249 0.586086
-0.793728 0.581287
-0.797178 0.576467
-0.800599 0.571627
-0.80399 0.566767
-0.807352 0.561887
-0.810685 0.556987
-0.813988 0.552068
-0.817262 0.547129
-0.820505 0.542171
-0.823719 0.537195
-0.826902 0.532199
-0.830055 0.527185
-0.833179 0.522153
-0.836271 0.517102
-0.839333 0.512033
-0.842365 0.506946
-0.845366 0.501842
-0.848336 0.49672
-0.851275 0.491581
-0.854183 0.486425
-0.85706 0.481251
-0.859906 0.476061
-0.862721 0.470855
-0.865504 0.465632
-0.868256 0.460393
-0.870976 0.455137
-0.873665 0.449867
-0.876322 0.44458
-0.878947 0.439278
-0.88154 0.433961
-0.884101 0.428628
-0.88663 0.423281
-0.889127 0.417919
-0.891592 0.412543
-0.894024 0.407153
-0.896424 0.401748
-0.898791 0.39633
-0.901126 0.390897
-0.903428 0.385452
-0.905698 0.379993
-0.907935 0.374521
-0.910139 0.369036
-0.912309 0.363538
-0.914447 0.358028
-0.916552 0.352505
-0.918624 0.346971
-0.920662 0.341424
-0.922668 0.335866
-0.924639 0.330296
-0.926578 0.324715
-0.928483 0.319123
-0.930354 0.31352
-0.932192 0.307906
-0.933996 0.302281
-0.935767 0.296647
-0.937504 0.291002
-0.939207 0.285347
-0.940876 0.279682
-0.942511 0.274008
-0.944112 0.268325
-0.945679 0.262633
-0.947212 0.256931
-0.948711 0.251221
-0.950176 0.245502
-0.951607 0.239775
-0.953003 0.23404
-0.954365 0.228298
-0.955693 0.222547
-0.956986 0.216789
-0.958245 0.211023
-0.959469 0.205251
-0.960659 0.199471
-0.961815 0.193685
-0.962935 0.187893
-0.964022 0.182094
-0.965073 0.176289
-0.96609 0.170478
-0.967072 0.164662
-0.96802 0.15884
-0.968932 0.153013
-0.96981 0.14718
-0.970653 0.141343
-0.971462 0.135502
-0.972235 0.129656
-0.972974 0.123805
-0.973677 0.117951
-0.974346 0.112093
-0.97498 0.106231
-0.975579 0.100366
-0.976143 0.0944973
-0.976671 0.0886259
-0.977165 0.0827517
-0.977624 0.0768749
-0.978048 0.0709957
-0.978437 0.0651144
-0.97879 0.0592311
-0.979109 0.053346
-0.979393 0.0474594
-0.979641 0.0415714
-0.979855 0.0356822
-0.980033 0.0297922
-0.980176 0.0239014
-0.980285 0.01801
-0.980358 0.0121183
-0.980396 0.00622654
-0.980399 0.000334832
-0.980367 -0.00555659
-0.9803 -0.0114475
-0.980198 -0.0173377
-0.98006 -0.0232271
-0.979888 -0.0291153
-0.979681 -0.0350022
-0.979438 -0.0408876
-0.979161 -0.0467712
-0.978849 -0.0526529
-0.978501 -0.0585325
-0.978119 -0.0644098
-0.977702 -0.0702845
-0.97725 -0.0761565
-0.976762 -0.0820256
-0.97624 -0.0878914
-0.975683 -0.093754
-0.975092 -0.0996129
-0.974465 -0.105468
-0.973804 -0.111319
-0.973107 -0.117166
-0.972377 -0.123009
-0.971611 -0.128847
-0.97081 -0.134681
-0.969975 -0.140509
-0.969106 -0.146332
-0.968201 -0.15215
-0.967262 -0.157962
-0.966289 -0.163769
-0.965281 -0.169569
-0.964239 -0.175364
-0.963162 -0.181151
-0.96205 -0.186933
-0.960905 -0.192707
-0.959725 -0.198475
-0.958511 -0.204235
-0.957262 -0.209988
-0.95598 -0.215734
-0.954663 -0.221471
-0.953312 -0.227201
-0.951927 -0.232922
-0.950508 -0.238635
-0.949055 -0.24434
-0.947569 -0.250035
-0.946048 -0.255722
-0.944494 -0.2614
-0.942906 -0.267068
-0.941284 -0.272727
-0.939629 -0.278375
-0.93794 -0.284014
-0.936217 -0.289643
-0.934461 -0.295261
-0.932672 -0.300869
-0.930849 -0.306467
-0.928993 -0.312053
-0.927104 -0.317628
-0.925182 -0.323192
-0.923227 -0.328744
-0.921239 -0.334284
-0.919217 -0.339813
-0.917163 -0.34533
-0.915076 -0.350834
-0.912957 -0.356326
-0.910805 -0.361805
-0.90862 -0.367272
-0.906402 -0.372725
-0.904153 -0.378165
-0.901871 -0.383592
-0.899556 -0.389005
-0.89721 -0.394404
-0.894831 -0.399789
-0.89242 -0.40516
-0.889978 -0.410517
-0.887503 -0.415859
-0.884997 -0.421187
-0.882459 -0.426499
-0.87989 -0.431797
-0.877289 -0.437079
-0.874656 -0.442346
-0.871992 -0.447597
-0.869297 -0.452832
-0.866571 -0.458052
-0.863814 -0.463255
-0.861025 -0.468441
-0.858206 -0.473611
-0.855356 -0.478765
-0.852476 -0.483901
-0.849565 -0.48902
-0.846623 -0.494123
-0.843651 -0.499207
-0.840648 -0.504274
-0.837616 -0.509323
-0.834553 -0.514354
-0.831461 -0.519367
-0.828338 -0.524362
-0.825186 -0.529338
-0.822004 -0.534296
-0.818793 -0.539234
-0.815552 -0.544154
-0.812281 -0.549054
-0.808982 -0.553935
-0.805653 -0.558796
-0.802296 -0.563638
-0.798909 -0.56846
-0.795494 -0.573261
-0.79205 -0.578043
-0.788578 -0.582804
-0.785077 -0.587544
-0.781548 -0.592264
-0.777991 -0.596962
-0.774405 -0.60164
-0.770792 -0.606297
-0.767151 -0.610932
-0.763482 -0.615545
-0.759786 -0.620137
-0.756062 -0.624707
-0.752311 -0.629254
-0.748532 -0.63378
-0.744727 -0.638283
-0.740894 -0.642764
-0.737035 -0.647221
-0.73315 -0.651656
-0.729237 -0.656068
-0.725298 -0.660457
-0.721333 -0.664823
-0.717342 -0.669165
-0.713325 -0.673483
-0.709282 -0.677778
-0.705213 -0.682048
-0.701119 -0.686295
-0.696999 -0.690517
-0.692854 -0.694715
-0.688684 -0.698888
-0.684489 -0.703036
-0.680269 -0.70716
-0.676024 -0.711259
-0.671754 -0.715332
-0.66746 -0.71938
-0.663142 -0.723403
-0.6588 -0.7274
-0.654433 -0.731372
-0.650043 -0.735317
-0.645629 -0.739237
-0.641192 -0.74313
-0.636731 -0.746997
-0.632247 -0.750837
-0.62774 -0.754651
-0.62321 -0.758439
-0.618657 -0.762199
-0.614081 -0.765932
-0.609483 -0.769638
-0.604863 -0.773317
-0.60022 -0.776969
-0.595556 -0.780593
-0.590869 -0.784189
-0.586161 -0.787757
-0.581432 -0.791298
-0.576681 -0.79481
-0.571909 -0.798295
-0.567116 -0.80175
-0.562302 -0.805178
-0.557467 -0.808577
-0.552612 -0.811947
-0.547737 -0.815288
-0.542841 -0.8186
-0.537926 -0.821884
-0.53299 -0.825138
-0.528035 -0.828363
-0.52306 -0.831558
-0.518066 -0.834724
-0.513053 -0.83786
-0.508021 -0.840966
-0.50297 -0.844042
-0.4979 -0.847088
-0.492812 -0.850105
-0.487706 -0.853091
-0.482582 -0.856046
-0.477439 -0.858971
-0.472279 -0.861866
-0.467102 -0.864729
-0.461906 -0.867562
-0.456694 -0.870364
-0.451465 -0.873135
-0.446219 -0.875875
-0.440956 -0.878584
-0.435677 -0.881261
-0.430381 -0.883907
-0.42507 -0.886521
-0.419742 -0.889104
-0.414399 -0.891655
-0.40904 -0.894174
-0.403666 -0.896662
-0.398277 -0.899117
-0.392872 -0.90154
-0.387453 -0.903931
-0.38202 -0.906289
-0.376571 -0.908616
-0.371109 -0.910909
-0.365633 -0.91317
-0.360143 -0.915399
-0.354639 -0.917595
-0.349122 -0.919757
-0.343591 -0.921887
-0.338048 -0.923984
-0.332491 -0.926048
-0.326922 -0.928079
-0.321341 -0.930077
-0.315747 -0.932041
-0.310141 -0.933971
-0.304523 -0.935869
-0.298894 -0.937732
-0.293253 -0.939563
-0.287601 -0.941359
-0.281938 -0.943122
-0.276264 -0.94485
-0.270579 -0.946545
-0.264884 -0.948206
-0.259179 -0.949833
-0.253463 -0.951426
-0.247738 -0.952984
-0.242003 -0.954509
-0.236258 -0.955999
-0.230505 -0.957454
-0.224742 -0.958876
-0.218971 -0.960262
-0.21319 -0.961615
-0.207402 -0.962932
-0.201605 -0.964215
-0.1958 -0.965463
-0.189988 -0.966677
-0.184168 -0.967856
-0.17834 -0.969
-0.172506 -0.970109
-0.166664 -0.971183
-0.160816 -0.972222
-0.154961 -0.973225
-0.149099 -0.974194
-0.143232 -0.975128
-0.137359 -0.976027
-0.13148 -0.97689
-0.125596 -0.977718
-0.119706 -0.978511
-0.113811 -0.979269
-0.107912 -0.979991
-0.102007 -0.980677
-0.0960987 -0.981329
-0.0901859 -0.981945
-0.0842691 -0.982525
-0.0783485 -0.98307
-0.0724244 -0.983579
-0.0664969 -0.984053
-0.0605663 -0.984491
-0.0546328 -0.984894
-0.0486966 -0.985261
-0.0427579 -0.985592
-0.0368169 -0.985888
-0.0308739 -0.986148
-0.024929 -0.986372
-0.0189826 -0.986561
-0.0130347 -0.986714
-0.00708561 -0.986831
-0.00113557 -0.986912
0.00481522 -0.986958
0.0107665 -0.986968
0.0167182 -0.986942
0.0226699 -0.98688
0.0286216 -0.986782
0.0345729 -0.986649
0.0405236 -0.98648
0.0464736 -0.986275
0.0524226 -0.986034
0.0583704 -0.985758
0.0643167 -0.985445
0.0702615 -0.985097
0.0762043 -0.984713
0.0821451 -0.984294
0.0880837 -0.983838
0.0940197 -0.983347
0.0999529 -0.98282
0.105883 -0.982258
0.11181 -0.981659
0.117734 -0.981025
0.123654 -0.980356
0.129571 -0.97965
0.135483 -0.978909
0.141391 -0.978133
0.147295 -0.977321
0.153194 -0.976473
0.159088 -0.97559
0.164977 -0.974671
0.17086 -0.973716
0.176738 -0.972727
0.182611 -0.971702
0.188477 -0.970641
0.194337 -0.969545
0.200191 -0.968414
0.206038 -0.967247
0.211878 -0.966046
0.217711 -0.964809
0.223537 -0.963536
0.229355 -0.962229
0.235166 -0.960887
0.240969 -0.959509
0.246763 -0.958097
0.25255 -0.95665
0.258327 -0.955167
0.264096 -0.95365
0.269856 -0.952098
0.275607 -0.950512
0.281348 -0.94889
0.28708 -0.947234
0.292801 -0.945544
0.298513 -0.943819
0.304215 -0.942059
0.309906 -0.940265
0.315586 -0.938437
0.321255 -0.936574
0.326913 -0.934677
0.33256 -0.932747
0.338196 -0.930782
0.34382 -0.928783
0.349431 -0.92675
0.355031 -0.924683
0.360618 -0.922582
0.366193 -0.920448
0.371755 -0.91828
0.377304 -0.916078
0.382839 -0.913843
0.388362 -0.911575
0.39387 -0.909273
0.399365 -0.906938
0.404846 -0.90457
0.410313 -0.902168
0.415765 -0.899734
0.421203 -0.897267
0.426626 -0.894767
0.432034 -0.892234
0.437426 -0.889668
0.442803 -0.88707
0.448165 -0.88444
0.453511 -0.881777
0.45884 -0.879082
0.464154 -0.876355
0.469451 -0.873595
0.474732 -0.870804
0.479995 -0.867981
0.485242 -0.865126
0.490471 -0.862239
0.495684 -0.859321
0.500878 -0.856372
0.506055 -0.853391
0.511214 -0.850378
0.516354 -0.847335
0.521476 -0.84426
0.52658 -0.841155
0.531665 -0.838019
0.536731 -0.834852
0.541778 -0.831655
0.546806 -0.828427
0.551814 -0.825169
0.556803 -0.82188
0.561771 -0.818562
0.56672 -0.815213
0.571648 -0.811835
0.576556 -0.808427
0.581444 -0.804989
0.58631 -0.801522
0.591156 -0.798026
0.595981 -0.7945
0.600784 -0.790945
0.605566 -0.787361
0.610326 -0.783749
0.615064 -0.780107
0.61978 -0.776437
0.624475 -0.772739
0.629146 -0.769012
0.633796 -0.765258
0.638422 -0.761475
0.643026 -0.757664
0.647606 -0.753825
0.652164 -0.749959
0.656698 -0.746066
0.661208 -0.742145
0.665695 -0.738197
0.670158 -0.734222
0.674596 -0.73022
0.679011 -0.726191
0.683401 -0.722135
0.687767 -0.718054
0.692108 -0.713946
0.696424 -0.709811
0.700715 -0.705651
0.704981 -0.701465
0.709221 -0.697253
0.713436 -0.693016
0.717626 -0.688753
0.721789 -0.684466
0.725927 -0.680153
0.730038 -0.675815
0.734124 -0.671452
0.738183 -0.667065
0.742215 -0.662653
0.746221 -0.658218
0.750199 -0.653758
0.754151 -0.649274
0.758076 -0.644766
0.761973 -0.640235
0.765843 -0.63568
0.769685 -0.631103
0.7735 -0.626502
0.777286 -0.621878
0.781045 -0.617231
0.784776 -0.612562
0.788478 -0.60787
0.792152 -0.603156
0.795797 -0.59842
0.799414 -0.593662
0.803002 -0.588883
0.806561 -0.584082
0.810091 -0.579259
0.813592 -0.574415
0.817063 -0.569551
0.820505 -0.564665
0.823917 -0.559759
0.8273 -0.554832
0.830653 -0.549885
0.833976 -0.544918
0.837269 -0.539932
0.840531 -0.534925
0.843764 -0.529899
0.846965 -0.524853
0.850137 -0.519788
0.853277 -0.514704
0.856387 -0.509602
0.859466 -0.504481
0.862515 -0.499341
0.865531 -0.494183
0.868517 -0.489007
0.871472 -0.483813
0.874395 -0.478602
0.877286 -0.473373
0.880146 -0.468127
0.882974 -0.462863
0.88577 -0.457583
0.888534 -0.452286
0.891267 -0.446972
0.893967 -0.441643
0.896634 -0.436297
0.89927 -0.430935
0.901873 -0.425557
0.904443 -0.420164
0.906981 -0.414755
0.909486 -0.409332
0.911959 -0.403893
0.914398 -0.39844
0.916805 -0.392972
0.919178 -0.38749
0.921518 -0.381993
0.923825 -0.376483
0.926099 -0.370959
0.928339 -0.365421
0.930546 -0.359871
0.932719 -0.354307
0.934859 -0.34873
0.936965 -0.34314
0.939037 -0.337538
0.941075 -0.331923
0.94308 -0.326297
0.94505 -0.320658
0.946986 -0.315008
0.948888 -0.309346
0.950756 -0.303673
0.95259 -0.297989
0.954389 -0.292294
0.956154 -0.286588
0.957884 -0.280872
0.95958 -0.275146
0.961241 -0.26941
0.962868 -0.263664
0.964459 -0.257908
0.966017 -0.252143
0.967539 -0.246368
0.969026 -0.240585
0.970479 -0.234793
0.971896 -0.228992
0.973278 -0.223183
0.974626 -0.217366
0.975938 -0.211541
0.977215 -0.205708
0.978457 -0.199868
0.979663 -0.19402
0.980835 -0.188165
0.981971 -0.182304
0.983071 -0.176436
0.984136 -0.170561
0.985166 -0.16468
0.98616 -0.158793
0.987119 -0.1529
0.988042 -0.147002
0.988929 -0.141098
0.989781 -0.13519
0.990597 -0.129276
0.991378 -0.123357
0.992123 -0.117435
0.992832 -0.111507
0.993505 -0.105576
0.994142 -0.0996407
0.994744 -0.0937019
0.99531 -0.0877596
0.99584 -0.0818141
0.996334 -0.0758656
0.996793 -0.0699143
0.997215 -0.0639604
0.997602 -0.0580042
0.997952 -0.0520458
0.998267 -0.0460855
0.998546 -0.0401235
0.998788 -0.0341601
0.998995 -0.0281953
0.999166 -0.0222295
0.999301 -0.0162628
0.9994 -0.0102955
0.999463 -0.00432785
0.99949 0.00164004
0.999481 0.00760791
0.999436 0.0135755
0.999355 0.0195427
0.999238 0.0255092
0.999085 0.0314749
0.998896 0.0374394
0.998672 0.0434026
0.998411 0.0493643
0.998114 0.0553242
0.997782 0.0612822
0.997414 0.067238
0.997009 0.0731914
0.996569 0.0791422
0.996093 0.0850902
0.995581 0.0910351
0.995034 0.0969768
0.99445 0.102915
0.993831 0.10885
0.993176 0.11478
0.992485 0.120707
0.991759 0.126629
0.990997 0.132547
0.990199 0.13846
0.989366 0.144367
0.988497 0.15027
0.987593 0.156168
0.986653 0.162059
0.985677 0.167945
0.984666 0.173825
0.98362 0.179699
0.982539 0.185566
0.981422 0.191427
0.980269 0.197281
0.979082 0.203127
0.977859 0.208966
0.976601 0.214798
0.975308 0.220622
0.97398 0.226439
0.972617 0.232247
0.971219 0.238046
0.969787 0.243837
0.968319 0.24962
0.966816 0.255393
0.965279 0.261157
0.963707 0.266912
0.9621 0.272657
0.960459 0.278393
0.958783 0.284118
0.957073 0.289833
0.955328 0.295538
0.953549 0.301232
0.951736 0.306915
0.949889 0.312588
0.948007 0.318249
0.946092 0.323898
0.944142 0.329536
0.942158 0.335162
0.940141 0.340776
0.93809 0.346378
0.936005 0.351967
0.933886 0.357544
0.931734 0.363108
0.929548 0.368658
0.927329 0.374196
0.925077 0.379719
0.922792 0.38523
0.920473 0.390726
0.918121 0.396208
0.915736 0.401677
0.913318 0.40713
0.910868 0.412569
0.908385 0.417993
0.905869 0.423402
0.90332 0.428796
0.900739 0.434175
0.898126 0.439537
0.89548 0.444884
0.892803 0.450215
0.890093 0.45553
0.887351 0.460828
0.884577 0.46611
0.881772 0.471375
0.878935 0.476623
0.876066 0.481853
0.873166 0.487067
0.870234 0.492263
0.867271 0.497441
0.864277 0.502601
0.861252 0.507743
0.858196 0.512867
0.855109 0.517972
0.851991 0.523059
0.848843 0.528127
0.845664 0.533176
0.842455 0.538206
0.839216 0.543216
0.835946 0.548206
0.832647 0.553177
0.829317 0.558128
0.825958 0.563059
0.822569 0.56797
0.81915 0.57286
0.815702 0.577729
0.812225 0.582578
0.808718 0.587406
0.805183 0.592212
0.801618 0.596997
0.798025 0.601761
0.794403 0.606503
0.790753 0.611223
0.787074 0.615921
0.783366 0.620596
0.779631 0.62525
0.775868 0.629881
0.772076 0.634489
0.768257 0.639074
0.764411 0.643636
0.760536 0.648175
0.756635 0.652691
0.752706 0.657183
0.748751 0.661651
0.744768 0.666096
0.740759 0.670516
0.736723 0.674912
0.73266 0.679284
0.728572 0.683631
0.724457 0.687954
0.720316 0.692252
0.716149 0.696525
0.711956 0.700773
0.707738 0.704995
0.703494 0.709192
0.699225 0.713364
0.694931 0.717509
0.690612 0.721629
0.686269 0.725723
0.6819 0.72979
0.677507 0.733831
0.67309 0.737846
0.668648 0.741834
0.664183 0.745795
0.659694 0.749729
0.65518 0.753636
0.650644 0.757516
0.646084 0.761369
0.641501 0.765194
0.636894 0.768991
0.632265 0.772761
0.627614 0.776502
0.622939 0.780216
0.618242 0.783901
0.613524 0.787559
0.608783 0.791187
0.60402 0.794787
0.599235 0.798358
0.594429 0.801901
0.589602 0.805414
0.584753 0.808898
0.579884 0.812353
0.574993 0.815779
0.570082 0.819175
0.565151 0.822542
0.560199 0.825879
0.555227 0.829185
0.550236 0.832462
0.545224 0.835709
0.540193 0.838926
0.535143 0.842112
0.530073 0.845267
0.524984 0.848393
0.519877 0.851487
0.514751 0.85455
0.509606 0.857583
0.504443 0.860585
0.499263 0.863555
0.494064 0.866494
0.488847 0.869402
0.483613 0.872278
0.478362 0.875123
0.473094 0.877936
0.467808 0.880718
0.462506 0.883467
0.457187 0.886184
0.451852 0.888869
0.446501 0.891523
0.441134 0.894143
0.435751 0.896732
0.430352 0.899288
0.424938 0.901811
0.419509 0.904301
0.414065 0.906759
0.408606 0.909184
0.403132 0.911576
0.397645 0.913935
0.392142 0.916261
0.386626 0.918554
0.381097 0.920813
0.375553 0.923039
0.369996 0.925232
0.364426 0.927391
0.358843 0.929516
0.353247 0.931608
0.347639 0.933665
0.342018 0.935689
0.336385 0.937679
0.330741 0.939636
0.325084 0.941558
0.319416 0.943445
0.313736 0.945299
0.308046 0.947118
0.302344 0.948903
0.296632 0.950654
0.290909 0.95237
0.285176 0.954051
0.279433 0.955698
0.27368 0.95731
0.267918 0.958888
0.262146 0.960431
0.256364 0.961938
0.250574 0.963411
0.244775 0.964849
0.238967 0.966252
0.233151 0.96762
0.227327 0.968953
0.221494 0.970251
0.215654 0.971513
0.209807 0.97274
0.203952 0.973932
0.19809 0.975088
0.192221 0.976209
0.186346 0.977295
0.180464 0.978345
0.174576 0.97936
0.168682 0.980339
0.162782 0.981283
0.156876 0.98219
0.150965 0.983063
0.145049 0.983899
0.139128 0.9847
0.133202 0.985465
0.127272 0.986195
0.121337 0.986888
0.115399 0.987546
0.109456 0.988168
0.10351 0.988754
0.0975606 0.989304
0.0916079 0.989818
0.0856523 0.990296
0.0796939 0.990738
0.073733 0.991145
0.0677697 0.991515
0.0618044 0.991849
0.0558372 0.992148
0.0498684 0.99241
0.0438981 0.992636
0.0379266 0.992827
0.0319541 0.992981
0.0259808 0.993099
0.020007 0.993181
0.0140329 0.993227
0.00805865 0.993237
0.00208451 0.993211
-0.00388931 0.993149
-0.00986257 0.993051
-0.0158351 0.992917
-0.0218066 0.992747
-0.0277769 0.992541
-0.0337457 0.992298
-0.039713 0.99202
-0.0456783 0.991706
-0.0516416 0.991356
-0.0576025 0.99097
-0.063561 0.990547
-0.0695166 0.990089
-0.0754694 0.989595
-0.0814189 0.989066
-0.087365 0.9885
-0.0933075 0.987898
-0.0992462 0.987261
-0.105181 0.986588
-0.111111 0.985879
-0.117037 0.985134
-0.122958 0.984354
-0.128874 0.983537
-0.134785 0.982686
-0.140691 0.981798
-0.146591 0.980875
-0.152485 0.979917
-0.158373 0.978923
-0.164255 0.977893
-0.170131 0.976828
-0.176 0.975728
-0.181862 0.974592
-0.187717 0.973421
-0.193564 0.972215
-0.199404 0.970974
-0.205236 0.969697
-0.211061 0.968385
-0.216877 0.967039
-0.222685 0.965657
-0.228484 0.96424
-0.234274 0.962788
-0.240055 0.961302
-0.245827 0.959781
-0.25159 0.958225
-0.257343 0.956634
-0.263086 0.955009
-0.268819 0.953349
-0.274542 0.951655
-0.280254 0.949926
-0.285955 0.948163
-0.291646 0.946366
-0.297325 0.944534
-0.302993 0.942669
-0.30865 0.940769
-0.314295 0.938835
-0.319927 0.936868
-0.325548 0.934866
-0.331156 0.932831
-0.336752 0.930762
-0.342335 0.92866
-0.347905 0.926524
-0.353462 0.924355
-0.359005 0.922152
-0.364535 0.919916
-0.370051 0.917647
-0.375553 0.915344
-0.38104 0.913009
-0.386514 0.910641
-0.391972 0.90824
-0.397416 0.905806
-0.402845 0.90334
-0.408259 0.900841
-0.413657 0.898309
-0.41904 0.895746
-0.424407 0.89315
-0.429758 0.890521
-0.435093 0.887861
-0.440412 0.885169
-0.445714 0.882445
-0.450999 0.879689
-0.456267 0.876902
-0.461518 0.874083
-0.466752 0.871233
-0.471968 0.868351
-0.477167 0.865438
-0.482347 0.862494
-0.48751 0.859519
-0.492654 0.856514
-0.49778 0.853477
-0.502888 0.85041
-0.507976 0.847312
-0.513046 0.844184
-0.518096 0.841026
-0.523127 0.837838
-0.528138 0.834619
-0.53313 0.831371
-0.538102 0.828092
-0.543053 0.824785
-0.547985 0.821447
-0.552896 0.81808
-0.557786 0.814684
-0.562655 0.811259
-0.567504 0.807805
-0.572331 0.804322
-0.577138 0.80081
-0.581922 0.797269
-0.586685 0.7937
-0.591426 0.790103
-0.596146 0.786477
-0.600843 0.782823
-0.605517 0.779142
-0.610169 0.775432
-0.614799 0.771695
-0.619406 0.76793
-0.623989 0.764138
-0.62855 0.760319
-0.633087 0.756473
-0.637601 0.752599
-0.642091 0.748699
-0.646558 0.744772
-0.651 0.740819
-0.655418 0.73684
-0.659812 0.732834
-0.664182 0.728802
-0.668527 0.724744
-0.672847 0.72066
-0.677143 0.716551
-0.681413 0.712417
-0.685658 0.708257
-0.689878 0.704072
-0.694073 0.699861
-0.698241 0.695627
-0.702385 0.691367
-0.706502 0.687083
-0.710593 0.682775
-0.714657 0.678442
-0.718696 0.674085
-0.722708 0.669705
-0.726693 0.665301
-0.730652 0.660873
-0.734584 0.656422
-0.738488 0.651948
-0.742366 0.647451
-0.746216 0.64293
-0.750039 0.638388
-0.753834 0.633822
-0.757601 0.629234
-0.761341 0.624625
-0.765053 0.619993
-0.768736 0.615339
-0.772392 0.610663
-0.776019 0.605966
-0.779617 0.601248
-0.783187 0.596509
-0.786728 0.591748
-0.790241 0.586967
-0.793724 0.582165
-0.797178 0.577343
-0.800604 0.5725
-0.803999 0.567637
-0.807366 0.562755
-0.810703 0.557852
-0.81401 0.55293
-0.817287 0.547989
-0.820535 0.543029
-0.823752 0.538049
-0.82694 0.533051
-0.830097 0.528034
-0.833224 0.522998
-0.83632 0.517945
-0.839386 0.512873
-0.842421 0.507783
-0.845426 0.502676
-0.8484 0.497551
-0.851342 0.492409
-0.854254 0.487249
-0.857135 0.482073
-0.859984 0.47688
-0.862802 0.47167
-0.865589 0.466444
-0.868344 0.461201
-0.871067 0.455943
-0.873759 0.450668
-0.876419 0.445378
-0.879047 0.440073
-0.881644 0.434753
-0.884208 0.429417
-0.88674 0.424066
-0.88924 0.418701
-0.891707 0.413321
-0.894142 0.407927
-0.896545 0.402519
-0.898915 0.397097
-0.901253 0.391662
-0.903558 0.386212
-0.90583 0.38075
-0.908069 0.375274
-0.910275 0.369786
-0.912449 0.364285
-0.914589 0.358771
-0.916696 0.353245
-0.91877 0.347706
-0.920811 0.342156
-0.922818 0.336594
-0.924792 0.331021
-0.926733 0.325436
-0.92864 0.319841
-0.930513 0.314234
-0.932353 0.308616
-0.934159 0.302988
-0.935931 0.29735
-0.93767 0.291702
-0.939375 0.286043
-0.941045 0.280375
-0.942682 0.274697
-0.944285 0.269011
-0.945854 0.263314
-0.947388 0.25761
-0.948889 0.251896
-0.950355 0.246174
-0.951787 0.240443
-0.953184 0.234705
-0.954548 0.228958
-0.955877 0.223204
-0.957171 0.217443
-0.958431 0.211674
-0.959656 0.205898
-0.960847 0.200115
-0.962004 0.194325
-0.963125 0.188529
-0.964212 0.182727
-0.965265 0.176919
-0.966283 0.171105
-0.967265 0.165285
-0.968214 0.15946
-0.969127 0.153629
-0.970006 0.147794
-0.970849 0.141954
-0.971658 0.136109
-0.972432 0.13026
-0.973171 0.124406
-0.973875 0.118549
-0.974544 0.112687
-0.975178 0.106823
-0.975777 0.100954
-0.976341 0.0950829
-0.97687 0.0892085
-0.977364 0.0833314
-0.977823 0.0774517
-0.978247 0.0715697
-0.978636 0.0656855
-0.97899 0.0597994
-0.979308 0.0539116
-0.979592 0.0480222
-0.97984 0.0421315
-0.980054 0.0362397
-0.980232 0.030347
-0.980375 0.0244536
-0.980483 0.0185598
-0.980556 0.0126656
-0.980594 0.00677134
-0.980597 0.000877208
-0.980564 -0.00501659
-0.980497 -0.0109099
-0.980394 -0.0168024
-0.980257 -0.022694
-0.980084 -0.0285844
-0.979876 -0.0344735
-0.979633 -0.040361
-0.979355 -0.0462467
-0.979043 -0.0521305
-0.978695 -0.0580121
-0.978312 -0.0638913
-0.977894 -0.0697679
-0.977441 -0.0756418
-0.976953 -0.0815126
-0.976431 -0.0873803
-0.975873 -0.0932445
-0.975281 -0.0991052
-0.974653 -0.104962
-0.973991 -0.110815
-0.973294 -0.116663
-0.972563 -0.122508
-0.971796 -0.128347
-0.970995 -0.134182
-0.970159 -0.140012
-0.969289 -0.145836
-0.968384 -0.151655
-0.967444 -0.157469
-0.96647 -0.163276
-0.965461 -0.169078
-0.964418 -0.174873
-0.96334 -0.180662
-0.962228 -0.186444
-0.961081 -0.19222
-0.959901 -0.197988
-0.958686 -0.203749
-0.957436 -0.209503
-0.956153 -0.215249
-0.954835 -0.220987
-0.953484 -0.226718
-0.952098 -0.23244
-0.950678 -0.238153
-0.949225 -0.243858
-0.947737 -0.249554
-0.946216 -0.255241
-0.944661 -0.260919
-0.943072 -0.266587
-0.941449 -0.272246
-0.939793 -0.277895
-0.938103 -0.283534
-0.93638 -0.289163
-0.934623 -0.294782
-0.932833 -0.300389
-0.93101 -0.305987
-0.929153 -0.311573
-0.927264 -0.317148
-0.925341 -0.322711
-0.923385 -0.328263
-0.921396 -0.333803
-0.919374 -0.339332
-0.917319 -0.344848
-0.915232 -0.350352
-0.913112 -0.355843
-0.910959 -0.361322
-0.908774 -0.366787
-0.906556 -0.37224
-0.904306 -0.37768
-0.902023 -0.383105
-0.899709 -0.388518
-0.897362 -0.393916
-0.894983 -0.399301
-0.892572 -0.404671
-0.890129 -0.410027
-0.887654 -0.415368
-0.885147 -0.420694
-0.882609 -0.426006
-0.88004 -0.431302
-0.877438 -0.436583
-0.874806 -0.441849
-0.872142 -0.447099
-0.869447 -0.452333
-0.86672 -0.457551
-0.863963 -0.462753
-0.861175 -0.467938
-0.858356 -0.473107
-0.855506 -0.478258
-0.852626 -0.483393
-0.849715 -0.488511
-0.846773 -0.493612
-0.843801 -0.498695
-0.840799 -0.50376
-0.837767 -0.508808
-0.834705 -0.513837
-0.831613 -0.518848
-0.828491 -0.523841
-0.825339 -0.528816
-0.822158 -0.533771
-0.818947 -0.538708
-0.815706 -0.543626
-0.812437 -0.548524
-0.809138 -0.553403
-0.80581 -0.558263
-0.802454 -0.563103
-0.799068 -0.567922
-0.795654 -0.572722
-0.792211 -0.577501
-0.788739 -0.58226
-0.785239 -0.586999
-0.781711 -0.591716
-0.778155 -0.596413
-0.774571 -0.601089
-0.770959 -0.605743
-0.767319 -0.610376
-0.763652 -0.614987
-0.759956 -0.619577
-0.756234 -0.624145
-0.752484 -0.62869
-0.748708 -0.633214
-0.744904 -0.637715
-0.741073 -0.642193
-0.737216 -0.646649
-0.733331 -0.651081
-0.729421 -0.655491
-0.725484 -0.659878
-0.721521 -0.664241
-0.717532 -0.668581
-0.713516 -0.672897
-0.709475 -0.677189
-0.705409 -0.681458
-0.701316 -0.685702
-0.697199 -0.689922
-0.693056 -0.694118
-0.688888 -0.698289
-0.684695 -0.702435
-0.680477 -0.706556
-0.676235 -0.710653
-0.671968 -0.714724
-0.667676 -0.71877
-0.663361 -0.722791
-0.659021 -0.726786
-0.654657 -0.730755
-0.65027 -0.734698
-0.645858 -0.738615
-0.641424 -0.742507
-0.636966 -0.746371
-0.632485 -0.75021
-0.62798 -0.754022
-0.623453 -0.757807
-0.618903 -0.761565
-0.614331 -0.765296
-0.609736 -0.769001
-0.605119 -0.772677
-0.600479 -0.776327
-0.595818 -0.779949
-0.591135 -0.783543
-0.586431 -0.78711
-0.581704 -0.790648
-0.576957 -0.794159
-0.572189 -0.797641
-0.567399 -0.801095
-0.562589 -0.804521
-0.557758 -0.807918
-0.552906 -0.811286
-0.548035 -0.814626
-0.543143 -0.817937
-0.538231 -0.821218
-0.533299 -0.824471
-0.528348 -0.827694
-0.523377 -0.830888
-0.518387 -0.834052
-0.513378 -0.837186
-0.50835 -0.840291
-0.503303 -0.843366
-0.498237 -0.846411
-0.493153 -0.849426
-0.488051 -0.85241
-0.482931 -0.855365
-0.477793 -0.858288
-0.472637 -0.861182
-0.467464 -0.864044
-0.462273 -0.866876
-0.457065 -0.869677
-0.45184 -0.872447
-0.446599 -0.875186
-0.44134 -0.877894
-0.436065 -0.88057
-0.430774 -0.883215
-0.425467 -0.885829
-0.420144 -0.888411
-0.414806 -0.890961
-0.409452 -0.893479
-0.404082 -0.895966
-0.398697 -0.898421
-0.393298 -0.900843
-0.387883 -0.903234
-0.382454 -0.905592
-0.377011 -0.907918
-0.371554 -0.910211
-0.366082 -0.912472
-0.360597 -0.9147
-0.355098 -0.916896
-0.349585 -0.919058
-0.34406 -0.921188
-0.338521 -0.923285
-0.332969 -0.925349
-0.327405 -0.92738
-0.321829 -0.929377
-0.31624 -0.931342
-0.310639 -0.933273
-0.305026 -0.93517
-0.299402 -0.937034
-0.293766 -0.938865
-0.288119 -0.940662
-0.282461 -0.942425
-0.276792 -0.944154
-0.271112 -0.94585
-0.265422 -0.947511
-0.259721 -0.949139
-0.254011 -0.950733
-0.24829 -0.952292
-0.24256 -0.953817
-0.236821 -0.955308
-0.231072 -0.956765
-0.225315 -0.958187
-0.219548 -0.959575
-0.213773 -0.960928
-0.207989 -0.962247
-0.202197 -0.963532
-0.196398 -0.964781
-0.19059 -0.965996
-0.184775 -0.967176
-0.178952 -0.968322
-0.173123 -0.969432
-0.167286 -0.970508
-0.161442 -0.971549
-0.155592 -0.972554
-0.149736 -0.973525
-0.143873 -0.974461
-0.138005 -0.975361
-0.132131 -0.976227
-0.126251 -0.977057
-0.120366 -0.977852
-0.114476 -0.978611
-0.108581 -0.979336
-0.102682 -0.980025
-0.0967779 -0.980678
-0.0908698 -0.981297
-0.0849576 -0.98188
-0.0790416 -0.982427
-0.073122 -0.982939
-0.0671991 -0.983415
-0.061273 -0.983856
-0.055344 -0.984261
-0.0494122 -0.984631
-0.0434779 -0.984965
-0.0375413 -0.985264
-0.0316027 -0.985527
-0.0256621 -0.985754
-0.0197199 -0.985946
-0.0137763 -0.986101
-0.00783145 -0.986222
-0.00188559 -0.986306
0.00406106 -0.986355
0.0100083 -0.986368
0.0159559 -0.986345
0.0219036 -0.986287
0.0278512 -0.986193
0.0337986 -0.986063
0.0397454 -0.985897
0.0456916 -0.985696
0.0516368 -0.985459
0.0575808 -0.985186
0.0635234 -0.984877
0.0694645 -0.984533
0.0754037 -0.984153
0.081341 -0.983737
0.0872759 -0.983285
0.0932085 -0.982798
0.0991383 -0.982275
0.105065 -0.981716
0.110989 -0.981122
0.11691 -0.980492
0.122827 -0.979827
0.12874 -0.979125
0.134649 -0.978389
0.140554 -0.977616
0.146455 -0.976808
0.152351 -0.975965
0.158242 -0.975086
0.164128 -0.974171
0.170009 -0.973222
0.175884 -0.972236
0.181754 -0.971215
0.187617 -0.970159
0.193475 -0.969068
0.199326 -0.967941
0.20517 -0.966779
0.211008 -0.965582
0.216839 -0.96435
0.222663 -0.963082
0.228479 -0.96178
0.234287 -0.960442
0.240088 -0.959069
0.245881 -0.957662
0.251665 -0.956219
0.257441 -0.954741
0.263208 -0.953229
0.268966 -0.951682
0.274715 -0.9501
0.280454 -0.948484
0.286184 -0.946833
0.291905 -0.945147
0.297615 -0.943427
0.303315 -0.941672
0.309005 -0.939883
0.314684 -0.93806
0.320352 -0.936202
0.326009 -0.93431
0.331655 -0.932385
0.337289 -0.930424
0.342912 -0.92843
0.348523 -0.926403
0.354122 -0.924341
0.359708 -0.922245
0.365282 -0.920116
0.370843 -0.917953
0.376392 -0.915756
0.381927 -0.913526
0.387449 -0.911263
0.392957 -0.908966
0.398452 -0.906636
0.403933 -0.904273
0.409399 -0.901877
0.414851 -0.899448
0.420289 -0.896985
0.425712 -0.89449
0.43112 -0.891963
0.436513 -0.889402
0.44189 -0.886809
0.447252 -0.884184
0.452598 -0.881526
0.457928 -0.878836
0.463242 -0.876114
0.46854 -0.87336
0.473821 -0.870573
0.479085 -0.867755
0.484333 -0.864905
0.489563 -0.862023
0.494776 -0.85911
0.499972 -0.856165
0.505149 -0.853189
0.510309 -0.850182
0.515451 -0.847144
0.520574 -0.844074
0.525679 -0.840974
0.530766 -0.837842
0.535833 -0.83468
0.540882 -0.831488
0.545911 -0.828265
0.55092 -0.825011
0.555911 -0.821728
0.560881 -0.818414
0.565831 -0.81507
0.570761 -0.811697
0.575671 -0.808293
0.580561 -0.80486
0.585429 -0.801398
0.590277 -0.797906
0.595104 -0.794385
0.599909 -0.790834
0.604693 -0.787255
0.609455 -0.783647
0.614196 -0.78001
0.618915 -0.776344
0.623611 -0.77265
0.628285 -0.768928
0.632937 -0.765178
0.637566 -0.761399
0.642172 -0.757593
0.646756 -0.753758
0.651316 -0.749896
0.655853 -0.746007
0.660366 -0.74209
0.664855 -0.738146
0.669321 -0.734175
0.673763 -0.730177
0.67818 -0.726153
0.682574 -0.722101
0.686942 -0.718023
0.691286 -0.713919
0.695606 -0.709789
0.6999 -0.705632
0.704169 -0.70145
0.708413 -0.697242
0.712631 -0.693009
0.716824 -0.68875
0.720991 -0.684465
0.725132 -0.680156
0.729247 -0.675822
0.733336 -0.671463
0.737399 -0.667079
0.741435 -0.662671
0.745444 -0.658239
0.749427 -0.653782
0.753382 -0.649302
0.75731 -0.644797
0.761212 -0.640269
0.765085 -0.635718
0.768932 -0.631143
0.77275 -0.626545
0.776541 -0.621924
0.780303 -0.617281
0.784038 -0.612614
0.787744 -0.607926
0.791422 -0.603215
0.795072 -0.598482
0.798693 -0.593727
0.802285 -0.58895
0.805848 -0.584151
0.809382 -0.579332
0.812887 -0.574491
0.816363 -0.569629
0.819809 -0.564746
0.823226 -0.559842
0.826613 -0.554918
0.82997 -0.549973
0.833297 -0.545009
0.836595 -0.540024
0.839862 -0.53502
0.843098 -0.529996
0.846305 -0.524952
0.849481 -0.51989
0.852626 -0.514808
0.85574 -0.509708
0.858824 -0.504588
0.861876 -0.499451
0.864898 -0.494295
0.867888 -0.489121
0.870847 -0.483929
0.873775 -0.478719
0.876671 -0.473492
0.879536 -0.468248
0.882368 -0.462986
0.885169 -0.457707
0.887938 -0.452412
0.890675 -0.4471
0.89338 -0.441772
0.896052 -0.436427
0.898693 -0.431067
0.9013 -0.425691
0.903876 -0.420299
0.906418 -0.414892
0.908928 -0.409469
0.911405 -0.404032
0.91385 -0.39858
0.916261 -0.393113
0.918639 -0.387632
0.920984 -0.382137
0.923296 -0.376628
0.925574 -0.371105
0.92782 -0.365568
0.930031 -0.360018
0.932209 -0.354455
0.934354 -0.348879
0.936465 -0.34329
0.938541 -0.337688
0.940585 -0.332075
0.942594 -0.326449
0.944569 -0.320811
0.94651 -0.315161
0.948417 -0.3095
0.95029 -0.303828
0.952128 -0.298144
0.953932 -0.29245
0.955702 -0.286745
0.957437 -0.281029
0.959137 -0.275303
0.960803 -0.269567
0.962435 -0.263821
0.964031 -0.258066
0.965593 -0.252301
0.96712 -0.246527
0.968613 -0.240744
0.97007 -0.234952
0.971492 -0.229151
0.972879 -0.223342
0.974231 -0.217525
0.975548 -0.2117
0.97683 -0.205867
0.978077 -0.200027
0.979288 -0.194179
0.980464 -0.188324
0.981605 -0.182463
0.98271 -0.176594
0.98378 -0.170719
0.984814 -0.164838
0.985813 -0.158951
0.986777 -0.153058
0.987704 -0.14716
0.988597 -0.141256
0.989453 -0.135347
0.990274 -0.129433
0.991059 -0.123514
0.991809 -0.11759
0.992522 -0.111663
0.9932 -0.105731
0.993843 -0.0997953
0.994449 -0.0938559
0.995019 -0.0879131
0.995554 -0.081967
0.996053 -0.076018
0.996516 -0.0700661
0.996943 -0.0641116
0.997334 -0.0581547
0.997689 -0.0521957
0.998008 -0.0462347
0.998291 -0.0402721
0.998539 -0.0343079
0.99875 -0.0283424
0.998926 -0.0223758
0.999065 -0.0164083
0.999168 -0.0104402
0.999236 -0.00447172
0.999267 0.00149701
0.999263 0.00746574
0.999222 0.0134343
0.999146 0.0194023
0.999033 0.0253698
0.998885 0.0313363
0.998701 0.0373018
0.99848 0.043266
0.998224 0.0492286
0.997932 0.0551896
0.997604 0.0611485
0.997239 0.0671054
0.99684 0.0730598
0.996404 0.0790117
0.995932 0.0849607
0.995425 0.0909067
0.994881 0.0968495
0.994302 0.102789
0.993687 0.108725
0.993036 0.114656
0.99235 0.120584
0.991628 0.126507
0.99087 0.132426
0.990077 0.13834
0.989248 0.14425
0.988383 0.150154
0.987483 0.156052
0.986547 0.161945
0.985576 0.167832
0.984569 0.173714
0.983527 0.179589
0.98245 0.185457
0.981337 0.191319
0.980189 0.197174
0.979006 0.203022
0.977787 0.208863
0.976533 0.214696
0.975244 0.220521
0.973921 0.226339
0.972562 0.232148
0.971168 0.237949
0.969739 0.243742
0.968275 0.249526
0.966777 0.2553
0.965244 0.261066
0.963676 0.266822
0.962073 0.272569
0.960436 0.278306
0.958764 0.284033
0.957058 0.289749
0.955317 0.295456
0.953542 0.301151
0.951733 0.306836
0.94989 0.31251
0.948012 0.318172
0.946101 0.323823
0.944155 0.329463
0.942175 0.335091
0.940162 0.340706
0.938115 0.346309
0.936034 0.3519
0.933919 0.357478
0.931771 0.363044
0.929589 0.368596
0.927374 0.374135
0.925126 0.379661
0.922844 0.385173
0.920529 0.390671
0.918181 0.396155
0.915801 0.401624
0.913387 0.40708
0.91094 0.41252
0.908461 0.417946
0.905949 0.423357
0.903404 0.428753
0.900827 0.434133
0.898218 0.439497
0.895576 0.444846
0.892902 0.450179
0.890196 0.455495
0.887458 0.460795
0.884689 0.466079
0.881887 0.471345
0.879054 0.476595
0.876189 0.481828
0.873293 0.487043
0.870365 0.492241
0.867406 0.497421
0.864416 0.502583
0.861394 0.507727
0.858342 0.512853
0.855259 0.51796
0.852145 0.523049
0.849001 0.528119
0.845826 0.533169
0.842621 0.538201
0.839385 0.543213
0.83612 0.548206
0.832824 0.553179
0.829498 0.558132
0.826143 0.563065
0.822757 0.567977
0.819343 0.572869
0.815899 0.577741
0.812425 0.582592
0.808922 0.587422
0.805391 0.59223
0.80183 0.597017
0.79824 0.601783
0.794622 0.606527
0.790976 0.611249
0.7873 0.61595
0.783597 0.620628
0.779865 0.625283
0.776106 0.629916
0.772318 0.634527
0.768503 0.639114
0.76466 0.643679
0.76079 0.64822
0.756892 0.652738
0.752967 0.657232
0.749015 0.661703
0.745036 0.66615
0.741031 0.670573
0.736999 0.674972
0.73294 0.679346
0.728855 0.683696
0.724744 0.688021
0.720606 0.692321
0.716443 0.696597
0.712254 0.700847
0.70804 0.705072
0.7038 0.709272
0.699535 0.713446
0.695244 0.717594
0.690929 0.721717
0.686589 0.725813
0.682224 0.729883
0.677835 0.733927
0.673421 0.737944
0.668983 0.741935
0.664521 0.745899
0.660036 0.749836
0.655526 0.753746
0.650993 0.757629
0.646437 0.761484
0.641857 0.765312
0.637254 0.769112
0.632629 0.772885
0.627981 0.77663
0.62331 0.780346
0.618617 0.784035
0.613901 0.787695
0.609164 0.791327
0.604404 0.79493
0.599623 0.798504
0.594821 0.80205
0.589997 0.805566
0.585152 0.809054
0.580285 0.812512
0.575398 0.815941
0.570491 0.81934
0.565563 0.82271
0.560614 0.82605
0.555646 0.82936
0.550657 0.83264
0.545649 0.835891
0.540621 0.83911
0.535574 0.8423
0.530508 0.845459
0.525422 0.848588
0.520318 0.851686
0.515195 0.854753
0.510054 0.857789
0.504894 0.860794
0.499716 0.863768
0.494521 0.866711
0.489307 0.869623
0.484076 0.872503
0.478828 0.875351
0.473562 0.878168
0.46828 0.880953
0.462981 0.883706
0.457665 0.886427
0.452333 0.889116
0.446984 0.891773
0.44162 0.894398
0.43624 0.89699
0.430844 0.89955
0.425433 0.902077
0.420006 0.904572
0.414565 0.907034
0.409108 0.909463
0.403638 0.911859
0.398152 0.914222
0.392653 0.916552
0.387139 0.918849
0.381612 0.921112
0.376071 0.923342
0.370516 0.925539
0.364949 0.927702
0.359368 0.929832
0.353775 0.931928
0.348168 0.93399
0.34255 0.936018
0.336919 0.938013
0.331277 0.939973
0.325622 0.941899
0.319956 0.943791
0.314279 0.94565
0.30859 0.947473
0.302891 0.949263
0.29718 0.951018
0.29146 0.952738
0.285728 0.954424
0.279987 0.956076
0.274236 0.957692
0.268475 0.959274
0.262705 0.960822
0.256925 0.962334
0.251136 0.963812
0.245339 0.965254
0.239533 0.966662
0.233718 0.968034
0.227895 0.969372
0.222064 0.970674
0.216226 0.971941
0.210379 0.973173
0.204526 0.97437
0.198665 0.975531
0.192797 0.976657
0.186923 0.977747
0.181042 0.978802
0.175155 0.979822
0.169262 0.980806
0.163363 0.981754
0.157458 0.982667
0.151548 0.983544
0.145632 0.984385
0.139712 0.985191
0.133787 0.985961
0.127857 0.986695
0.121923 0.987393
0.115985 0.988056
0.110043 0.988683
0.104098 0.989273
0.0981484 0.989828
0.092196 0.990347
0.0862406 0.990831
0.0802824 0.991278
0.0743216 0.991689
0.0683585 0.992064
0.0623932 0.992403
0.0564259 0.992707
0.050457 0.992974
0.0444866 0.993205
0.0385149 0.9934
0.0325421 0.993559
0.0265686 0.993682
0.0205944 0.993769
0.0146198 0.99382
0.00864509 0.993835
0.00267041 0.993814
-0.003304 0.993757
-0.00927791 0.993664
-0.0152511 0.993534
-0.0212234 0.993369
-0.0271945 0.993168
-0.0331643 0.99293
-0.0391324 0.992657
-0.0450988 0.992348
-0.0510631 0.992002
-0.0570251 0.991621
-0.0629847 0.991203
-0.0689416 0.99075
-0.0748956 0.990261
-0.0808465 0.989736
-0.086794 0.989175
-0.0927379 0.988578
-0.0986781 0.987945
-0.104614 0.987277
-0.110546 0.986572
-0.116474 0.985832
-0.122397 0.985056
-0.128314 0.984245
-0.134227 0.983398
-0.140135 0.982515
-0.146037 0.981596
-0.151933 0.980642
-0.157823 0.979653
-0.163708 0.978627
-0.169585 0.977567
-0.175456 0.976471
-0.181321 0.97534
-0.187178 0.974173
-0.193028 0.972971
-0.19887 0.971734
-0.204705 0.970461
-0.210532 0.969154
-0.216351 0.967811
-0.222161 0.966434
-0.227963 0.965021
-0.233756 0.963574
-0.23954 0.962091
-0.245315 0.960574
-0.251081 0.959022
-0.256837 0.957435
-0.262583 0.955814
-0.268319 0.954158
-0.274045 0.952467
-0.27976 0.950742
-0.285465 0.948983
-0.291159 0.94719
-0.296842 0.945362
-0.302513 0.9435
-0.308173 0.941604
-0.313821 0.939673
-0.319458 0.937709
-0.325082 0.935711
-0.330694 0.93368
-0.336293 0.931614
-0.34188 0.929515
-0.347453 0.927382
-0.353014 0.925216
-0.358561 0.923016
-0.364095 0.920783
-0.369615 0.918517
-0.37512 0.916218
-0.380612 0.913886
-0.38609 0.91152
-0.391552 0.909122
-0.397001 0.906691
-0.402434 0.904227
-0.407852 0.901731
-0.413254 0.899202
-0.418641 0.896641
-0.424013 0.894048
-0.429368 0.891422
-0.434707 0.888764
-0.44003 0.886075
-0.445337 0.883353
-0.450626 0.880599
-0.455899 0.877814
-0.461155 0.874998
-0.466393 0.872149
-0.471614 0.86927
-0.476817 0.866359
-0.482003 0.863417
-0.48717 0.860444
-0.492319 0.85744
-0.49745 0.854405
-0.502562 0.85134
-0.507655 0.848244
-0.512729 0.845117
-0.517784 0.84196
-0.52282 0.838773
-0.527836 0.835556
-0.532833 0.832309
-0.53781 0.829032
-0.542766 0.825725
-0.547703 0.822389
-0.552619 0.819023
-0.557514 0.815628
-0.562388 0.812204
-0.567242 0.808751
-0.572075 0.805268
-0.576886 0.801757
-0.581675 0.798217
-0.586443 0.794649
-0.59119 0.791052
-0.595914 0.787427
-0.600616 0.783774
-0.605296 0.780092
-0.609953 0.776383
-0.614588 0.772646
-0.6192 0.768882
-0.623789 0.76509
-0.628354 0.761271
-0.632897 0.757425
-0.637416 0.753551
-0.641911 0.749651
-0.646382 0.745724
-0.65083 0.741771
-0.655253 0.737791
-0.659652 0.733784
-0.664027 0.729752
-0.668377 0.725694
-0.672703 0.72161
-0.677003 0.7175
-0.681279 0.713365
-0.685529 0.709204
-0.689754 0.705018
-0.693953 0.700807
-0.698127 0.696571
-0.702275 0.692311
-0.706397 0.688026
-0.710494 0.683716
-0.714563 0.679383
-0.718607 0.675025
-0.722624 0.670643
-0.726614 0.666238
-0.730578 0.661809
-0.734514 0.657356
-0.738424 0.652881
-0.742306 0.648382
-0.746161 0.64386
-0.749989 0.639316
-0.753789 0.634749
-0.757561 0.630159
-0.761305 0.625547
-0.765022 0.620914
-0.76871 0.616258
-0.77237 0.61158
-0.776002 0.606881
-0.779605 0.602161
-0.783179 0.59742
-0.786725 0.592657
-0.790242 0.587873
-0.79373 0.583069
-0.797189 0.578245
-0.800618 0.5734
-0.804019 0.568535
-0.807389 0.56365
-0.810731 0.558745
-0.814042 0.55382
-0.817324 0.548877
-0.820575 0.543913
-0.823797 0.538931
-0.826989 0.53393
-0.83015 0.528911
-0.833281 0.523872
-0.836382 0.518816
-0.839451 0.513741
-0.842491 0.508649
-0.845499 0.503538
-0.848477 0.498411
-0.851423 0.493265
-0.854339 0.488103
-0.857223 0.482923
-0.860077 0.477727
-0.862898 0.472514
-0.865689 0.467285
-0.868447 0.462039
-0.871174 0.456777
-0.87387 0.4515
-0.876533 0.446207
-0.879165 0.440898
-0.881764 0.435574
-0.884332 0.430235
-0.886867 0.424881
-0.88937 0.419512
-0.891841 0.414129
-0.894279 0.408732
-0.896685 0.40332
-0.899058 0.397895
-0.901399 0.392456
-0.903707 0.387003
-0.905981 0.381537
-0.908224 0.376058
-0.910433 0.370566
-0.912609 0.365061
-0.914752 0.359543
-0.916862 0.354014
-0.918938 0.348472
-0.920981 0.342918
-0.922991 0.337353
-0.924968 0.331775
-0.926911 0.326187
-0.92882 0.320588
-0.930696 0.314977
-0.932538 0.309356
-0.934346 0.303724
-0.936121 0.298082
-0.937861 0.29243
-0.939568 0.286768
-0.941241 0.281096
-0.942879 0.275415
-0.944484 0.269724
-0.946055 0.264024
-0.947591 0.258316
-0.949093 0.252598
-0.950561 0.246872
-0.951995 0.241138
-0.953394 0.235396
-0.954759 0.229646
-0.956089 0.223888
-0.957385 0.218123
-0.958646 0.21235
-0.959873 0.206571
-0.961065 0.200784
-0.962223 0.194991
-0.963346 0.189191
-0.964434 0.183386
-0.965488 0.177574
-0.966506 0.171756
-0.96749 0.165933
-0.968439 0.160104
-0.969354 0.15427
-0.970233 0.148431
-0.971078 0.142587
-0.971887 0.136739
-0.972662 0.130886
-0.973401 0.125029
-0.974106 0.119168
-0.974776 0.113304
-0.97541 0.107436
-0.97601 0.101564
-0.976575 0.0956892
-0.977104 0.0898116
-0.977599 0.0839312
-0.978058 0.0780482
-0.978482 0.072163
-0.978871 0.0662756
-0.979225 0.0603864
-0.979544 0.0544954
-0.979828 0.048603
-0.980076 0.0427092
-0.98029 0.0368144
-0.980468 0.0309187
-0.980611 0.0250224
-0.980719 0.0191256
-0.980792 0.0132285
-0.98083 0.0073314
-0.980832 0.00143445
-0.9808 -0.00446213
-0.980732 -0.0103581
-0.980629 -0.0162534
-0.980491 -0.0221476
-0.980318 -0.0280407
-0.98011 -0.0339324
-0.979867 -0.0398224
-0.979589 -0.0457107
-0.979276 -0.0515969
-0.978927 -0.0574809
-0.978544 -0.0633625
-0.978126 -0.0692415
-0.977672 -0.0751177
-0.977184 -0.0809908
-0.976661 -0.0868606
-0.976103 -0.0927271
-0.97551 -0.0985898
-0.974882 -0.104449
-0.974219 -0.110304
-0.973521 -0.116154
-0.972789 -0.122
-0.972022 -0.127842
-0.97122 -0.133678
-0.970383 -0.13951
-0.969512 -0.145336
-0.968606 -0.151157
-0.967666 -0.156972
-0.966691 -0.162781
-0.965681 -0.168584
-0.964637 -0.174381
-0.963559 -0.180172
-0.962446 -0.185955
-0.961298 -0.191732
-0.960117 -0.197502
-0.958901 -0.203264
-0.957651 -0.209019
-0.956367 -0.214767
-0.955048 -0.220506
-0.953696 -0.226237
-0.952309 -0.23196
-0.950888 -0.237675
-0.949434 -0.243381
-0.947946 -0.249078
-0.946423 -0.254766
-0.944867 -0.260444
-0.943277 -0.266113
-0.941654 -0.271773
-0.939997 -0.277423
-0.938306 -0.283062
-0.936582 -0.288691
-0.934825 -0.29431
-0.933034 -0.299919
-0.93121 -0.305516
-0.929352 -0.311103
-0.927462 -0.316678
-0.925538 -0.322242
-0.923581 -0.327794
-0.921592 -0.333334
-0.919569 -0.338863
-0.917514 -0.344379
-0.915425 -0.349883
-0.913305 -0.355374
-0.911151 -0.360852
-0.908965 -0.366318
-0.906747 -0.371771
-0.904496 -0.37721
-0.902213 -0.382635
-0.899897 -0.388047
-0.89755 -0.393445
-0.89517 -0.398829
-0.892759 -0.404199
-0.890315 -0.409555
-0.88784 -0.414895
-0.885333 -0.420221
-0.882794 -0.425532
-0.880224 -0.430828
-0.877623 -0.436108
-0.87499 -0.441373
-0.872325 -0.446622
-0.86963 -0.451855
-0.866903 -0.457072
-0.864146 -0.462273
-0.861357 -0.467457
-0.858538 -0.472625
-0.855688 -0.477776
-0.852807 -0.48291
-0.849896 -0.488026
-0.846955 -0.493126
-0.843983 -0.498208
-0.840981 -0.503272
-0.837949 -0.508318
-0.834887 -0.513346
-0.831794 -0.518356
-0.828673 -0.523348
-0.825521 -0.528321
-0.82234 -0.533275
-0.819129 -0.53821
-0.815889 -0.543126
-0.81262 -0.548023
-0.809322 -0.552901
-0.805994 -0.557759
-0.802638 -0.562597
-0.799253 -0.567415
-0.795839 -0.572213
-0.792397 -0.576991
-0.788926 -0.581748
-0.785427 -0.586485
-0.781899 -0.591201
-0.778344 -0.595896
-0.774761 -0.600569
-0.771149 -0.605222
-0.76751 -0.609853
-0.763844 -0.614462
-0.76015 -0.61905
-0.756428 -0.623616
-0.75268 -0.62816
-0.748904 -0.632681
-0.745102 -0.63718
-0.741272 -0.641656
-0.737416 -0.64611
-0.733533 -0.650541
-0.729624 -0.654949
-0.725688 -0.659333
-0.721727 -0.663695
-0.717739 -0.668032
-0.713725 -0.672346
-0.709686 -0.676637
-0.705621 -0.680903
-0.70153 -0.685145
-0.697414 -0.689363
-0.693273 -0.693557
-0.689107 -0.697726
-0.684916 -0.70187
-0.6807 -0.705989
-0.67646 -0.710084
-0.672195 -0.714153
-0.667906 -0.718197
-0.663592 -0.722215
-0.659255 -0.726208
-0.654893 -0.730175
-0.650508 -0.734116
-0.646099 -0.738032
-0.641667 -0.741921
-0.637211 -0.745784
-0.632733 -0.74962
-0.628231 -0.75343
-0.623706 -0.757213
-0.619159 -0.760969
-0.614589 -0.764698
-0.609997 -0.7684
-0.605383 -0.772075
-0.600746 -0.775723
-0.596088 -0.779343
-0.591408 -0.782935
-0.586706 -0.7865
-0.581983 -0.790037
-0.577239 -0.793545
-0.572473 -0.797026
-0.567687 -0.800478
-0.56288 -0.803902
-0.558052 -0.807297
-0.553204 -0.810664
-0.548336 -0.814001
-0.543447 -0.81731
-0.538539 -0.82059
-0.533611 -0.823841
-0.528663 -0.827062
-0.523696 -0.830255
-0.518709 -0.833417
-0.513704 -0.83655
-0.508679 -0.839653
-0.503636 -0.842727
-0.498574 -0.84577
-0.493494 -0.848783
-0.488396 -0.851767
-0.48328 -0.85472
-0.478145 -0.857642
-0.472994 -0.860534
-0.467824 -0.863395
-0.462638 -0.866226
-0.457434 -0.869026
-0.452213 -0.871794
-0.446976 -0.874532
-0.441721 -0.877239
-0.436451 -0.879914
-0.431164 -0.882558
-0.425861 -0.885171
-0.420543 -0.887752
-0.415208 -0.890301
-0.409858 -0.892819
-0.404493 -0.895304
-0.399113 -0.897758
-0.393718 -0.90018
-0.388308 -0.90257
-0.382884 -0.904927
-0.377445 -0.907253
-0.371992 -0.909545
-0.366525 -0.911806
-0.361044 -0.914033
-0.35555 -0.916229
-0.350042 -0.918391
-0.344521 -0.920521
-0.338987 -0.922617
-0.33344 -0.924681
-0.327881 -0.926712
-0.322309 -0.928709
-0.316725 -0.930673
-0.311129 -0.932604
-0.305521 -0.934502
-0.299901 -0.936366
-0.29427 -0.938197
-0.288628 -0.939994
-0.282975 -0.941757
-0.277311 -0.943487
-0.271636 -0.945183
-0.26595 -0.946845
-0.260255 -0.948473
-0.254549 -0.950067
-0.248834 -0.951627
-0.243109 -0.953153
-0.237374 -0.954644
-0.23163 -0.956102
-0.225878 -0.957525
-0.220116 -0.958914
-0.214346 -0.960268
-0.208567 -0.961588
-0.20278 -0.962873
-0.196985 -0.964124
-0.191183 -0.96534
-0.185372 -0.966521
-0.179555 -0.967668
-0.17373 -0.96878
-0.167898 -0.969857
-0.162059 -0.970899
-0.156214 -0.971906
-0.150363 -0.972878
-0.144505 -0.973815
-0.138642 -0.974717
-0.132772 -0.975585
-0.126898 -0.976416
-0.121017 -0.977213
-0.115132 -0.977975
-0.109242 -0.978701
-0.103347 -0.979392
-0.0974483 -0.980048
-0.0915448 -0.980668
-0.0856374 -0.981253
-0.0797261 -0.981803
-0.0738112 -0.982317
-0.0678929 -0.982795
-0.0619714 -0.983239
-0.056047 -0.983646
-0.0501198 -0.984019
-0.0441901 -0.984355
-0.038258 -0.984656
-0.0323239 -0.984922
-0.0263878 -0.985152
-0.0204501 -0.985346
-0.0145109 -0.985505
-0.00857039 -0.985628
-0.00262889 -0.985715
0.00331343 -0.985767
0.00925637 -0.985783
0.0151997 -0.985763
0.0211432 -0.985708
0.0270867 -0.985617
0.0330299 -0.98549
0.0389726 -0.985328
0.0449147 -0.98513
0.0508558 -0.984896
0.0567958 -0.984627
0.0627345 -0.984321
0.0686717 -0.98398
0.074607 -0.983604
0.0805404 -0.983192
0.0864716 -0.982744
0.0924004 -0.98226
0.0983266 -0.981741
0.10425 -0.981186
0.11017 -0.980596
0.116087 -0.979969
0.122 -0.979308
0.12791 -0.97861
0.133816 -0.977878
0.139718 -0.977109
0.145615 -0.976305
0.151508 -0.975466
0.157396 -0.974591
0.163279 -0.973681
0.169156 -0.972735
0.175028 -0.971754
0.180895 -0.970738
0.186756 -0.969686
0.19261 -0.968599
0.198459 -0.967476
0.204301 -0.966319
0.210136 -0.965126
0.215964 -0.963898
0.221785 -0.962635
0.227598 -0.961337
0.233404 -0.960004
0.239203 -0.958636
0.244993 -0.957233
0.250775 -0.955795
0.256548 -0.954322
0.262313 -0.952814
0.268069 -0.951272
0.273816 -0.949695
0.279553 -0.948083
0.285282 -0.946437
0.291 -0.944756
0.296708 -0.943041
0.302407 -0.941291
0.308095 -0.939507
0.313772 -0.937688
0.319439 -0.935836
0.325094 -0.933949
0.330739 -0.932028
0.336372 -0.930073
0.341993 -0.928084
0.347603 -0.926061
0.3532 -0.924004
0.358786 -0.921913
0.364359 -0.919789
0.369919 -0.917631
0.375466 -0.915439
0.381001 -0.913215
0.386522 -0.910956
0.392029 -0.908664
0.397523 -0.90634
0.403004 -0.903981
0.40847 -0.90159
0.413921 -0.899166
0.419358 -0.896709
0.424781 -0.894219
0.430189 -0.891696
0.435581 -0.889141
0.440959 -0.886553
0.44632 -0.883933
0.451666 -0.88128
0.456997 -0.878595
0.462311 -0.875878
0.467609 -0.873129
0.47289 -0.870348
0.478155 -0.867534
0.483403 -0.86469
0.488633 -0.861813
0.493847 -0.858905
0.499043 -0.855965
0.504221 -0.852994
0.509382 -0.849992
0.514524 -0.846958
0.519649 -0.843894
0.524755 -0.840798
0.529842 -0.837672
0.53491 -0.834515
0.53996 -0.831327
0.54499 -0.828109
0.550001 -0.824861
0.554992 -0.821582
0.559964 -0.818273
0.564916 -0.814934
0.569848 -0.811565
0.574759 -0.808167
0.57965 -0.804738
0.58452 -0.80128
0.58937 -0.797793
0.594198 -0.794277
0.599005 -0.790731
0.603791 -0.787157
0.608555 -0.783553
0.613298 -0.779921
0.618019 -0.77626
0.622717 -0.77257
0.627394 -0.768853
0.632048 -0.765107
0.636679 -0.761333
0.641287 -0.757531
0.645873 -0.753701
0.650436 -0.749843
0.654975 -0.745958
0.659491 -0.742046
0.663983 -0.738106
0.668451 -0.734139
0.672896 -0.730146
0.677316 -0.726125
0.681712 -0.722078
0.686083 -0.718004
0.69043 -0.713904
0.694753 -0.709778
0.69905 -0.705626
0.703322 -0.701447
0.707569 -0.697243
0.711791 -0.693014
0.715987 -0.688758
0.720157 -0.684478
0.724301 -0.680173
0.72842 -0.675842
0.732512 -0.671487
0.736578 -0.667107
0.740617 -0.662702
0.74463 -0.658274
0.748616 -0.653821
0.752575 -0.649344
0.756507 -0.644843
0.760412 -0.640318
0.764289 -0.63577
0.768139 -0.631199
0.771961 -0.626604
0.775756 -0.621987
0.779522 -0.617346
0.783261 -0.612683
0.786971 -0.607998
0.790653 -0.60329
0.794307 -0.59856
0.797932 -0.593808
0.801528 -0.589034
0.805095 -0.584239
0.808633 -0.579422
0.812142 -0.574584
0.815622 -0.569724
0.819072 -0.564844
0.822493 -0.559943
0.825885 -0.555022
0.829246 -0.55008
0.832578 -0.545118
0.835879 -0.540136
0.839151 -0.535134
0.842392 -0.530112
0.845603 -0.525072
0.848783 -0.520011
0.851933 -0.514932
0.855051 -0.509834
0.85814 -0.504717
0.861197 -0.499581
0.864223 -0.494428
0.867218 -0.489256
0.870181 -0.484066
0.873113 -0.478858
0.876014 -0.473633
0.878883 -0.46839
0.88172 -0.46313
0.884526 -0.457854
0.8873 -0.45256
0.890041 -0.44725
0.892751 -0.441923
0.895428 -0.436581
0.898073 -0.431222
0.900685 -0.425847
0.903265 -0.420457
0.905813 -0.415051
0.908328 -0.40963
0.910809 -0.404194
0.913259 -0.398744
0.915675 -0.393278
0.918058 -0.387798
0.920408 -0.382304
0.922724 -0.376796
0.925008 -0.371274
0.927257 -0.365739
0.929474 -0.36019
0.931657 -0.354628
0.933806 -0.349053
0.935922 -0.343465
0.938004 -0.337864
0.940052 -0.332251
0.942066 -0.326626
0.944046 -0.320989
0.945992 -0.31534
0.947903 -0.30968
0.949781 -0.304008
0.951624 -0.298325
0.953433 -0.292631
0.955208 -0.286927
0.956948 -0.281212
0.958653 -0.275486
0.960324 -0.269751
0.96196 -0.264005
0.963562 -0.25825
0.965129 -0.252486
0.966661 -0.246712
0.968158 -0.240929
0.96962 -0.235137
0.971047 -0.229337
0.972439 -0.223528
0.973796 -0.217711
0.975118 -0.211886
0.976405 -0.206053
0.977656 -0.200213
0.978872 -0.194365
0.980053 -0.18851
0.981198 -0.182648
0.982309 -0.17678
0.983383 -0.170905
0.984422 -0.165024
0.985426 -0.159136
0.986394 -0.153243
0.987327 -0.147344
0.988224 -0.14144
0.989085 -0.135531
0.989911 -0.129616
0.990701 -0.123697
0.991455 -0.117773
0.992173 -0.111845
0.992856 -0.105913
0.993503 -0.0999766
0.994114 -0.0940367
0.994689 -0.0880933
0.995228 -0.0821467
0.995732 -0.076197
0.996199 -0.0702445
0.996631 -0.0642893
0.997027 -0.0583318
0.997387 -0.0523721
0.99771 -0.0464104
0.997998 -0.0404469
0.99825 -0.0344819
0.998466 -0.0285156
0.998646 -0.0225482
0.99879 -0.0165799
0.998898 -0.010611
0.99897 -0.00464156
0.999006 0.00132809
0.999006 0.00729775
0.99897 0.0132672
0.998898 0.0192363
0.99879 0.0252047
0.998646 0.0311723
0.998466 0.0371388
0.99825 0.043104
0.997999 0.0490678
0.997711 0.0550298
0.997387 0.0609899
0.997027 0.0669478
0.996632 0.0729034
0.996201 0.0788565
0.995733 0.0848067
0.99523 0.0907539
0.994691 0.0966979
0.994116 0.102638
0.993506 0.108575
0.992859 0.114508
0.992177 0.120437
0.991459 0.126362
0.990706 0.132282
0.989917 0.138198
0.989092 0.144108
0.988232 0.150014
0.987336 0.155914
0.986404 0.161808
0.985437 0.167697
0.984435 0.173579
0.983397 0.179456
0.982324 0.185326
0.981215 0.191189
0.980071 0.197045
0.978892 0.202895
0.977677 0.208737
0.976428 0.214572
0.975143 0.220399
0.973823 0.226218
0.972469 0.232029
0.971079 0.237831
0.969654 0.243625
0.968195 0.249411
0.9667 0.255187
0.965171 0.260954
0.963607 0.266712
0.962008 0.27246
0.960375 0.278199
0.958708 0.283927
0.957005 0.289646
0.955269 0.295354
0.953498 0.301051
0.951693 0.306737
0.949853 0.312413
0.94798 0.318077
0.946072 0.32373
0.94413 0.329371
0.942155 0.335
0.940145 0.340618
0.938102 0.346223
0.936025 0.351815
0.933914 0.357395
0.93177 0.362962
0.929592 0.368516
0.927381 0.374057
0.925137 0.379584
0.922859 0.385098
0.920548 0.390598
0.918204 0.396084
0.915827 0.401555
0.913417 0.407013
0.910974 0.412455
0.908499 0.417883
0.905991 0.423295
0.90345 0.428693
0.900877 0.434075
0.898271 0.439441
0.895633 0.444792
0.892963 0.450127
0.890261 0.455445
0.887527 0.460747
0.884761 0.466032
0.881963 0.471301
0.879134 0.476553
0.876273 0.481787
0.87338 0.487005
0.870456 0.492204
0.867501 0.497387
0.864515 0.502551
0.861497 0.507697
0.858449 0.512825
0.85537 0.517934
0.85226 0.523025
0.849119 0.528096
0.845948 0.533149
0.842746 0.538183
0.839514 0.543197
0.836253 0.548192
0.832961 0.553167
0.829639 0.558122
0.826287 0.563057
0.822905 0.567972
0.819494 0.572867
0.816054 0.57774
0.812584 0.582593
0.809085 0.587425
0.805557 0.592236
0.802 0.597026
0.798414 0.601794
0.7948 0.60654
0.791157 0.611264
0.787486 0.615967
0.783786 0.620647
0.780058 0.625305
0.776302 0.629941
0.772518 0.634553
0.768707 0.639143
0.764867 0.64371
0.761001 0.648254
0.757107 0.652774
0.753186 0.657271
0.749237 0.661744
0.745262 0.666194
0.74126 0.670619
0.737232 0.67502
0.733176 0.679397
0.729095 0.683749
0.724987 0.688077
0.720854 0.69238
0.716694 0.696658
0.712509 0.700911
0.708298 0.705139
0.704062 0.709341
0.6998 0.713518
0.695513 0.717669
0.691202 0.721794
0.686865 0.725893
0.682504 0.729966
0.678118 0.734012
0.673708 0.738032
0.669274 0.742026
0.664815 0.745993
0.660333 0.749932
0.655827 0.753845
0.651298 0.757731
0.646745 0.761589
0.642169 0.76542
0.637569 0.769223
0.632947 0.772999
0.628303 0.776746
0.623635 0.780466
0.618945 0.784157
0.614233 0.787821
0.609499 0.791455
0.604743 0.795062
0.599966 0.798639
0.595167 0.802188
0.590346 0.805707
0.585504 0.809198
0.580641 0.812659
0.575758 0.816091
0.570854 0.819494
0.565929 0.822867
0.560984 0.826211
0.556018 0.829524
0.551033 0.832808
0.546028 0.836061
0.541004 0.839284
0.53596 0.842477
0.530897 0.84564
0.525814 0.848772
0.520713 0.851873
0.515593 0.854944
0.510455 0.857984
0.505298 0.860992
0.500124 0.86397
0.494931 0.866916
0.489721 0.869831
0.484493 0.872715
0.479247 0.875567
0.473985 0.878388
0.468705 0.881176
0.463409 0.883933
0.458096 0.886658
0.452767 0.889351
0.447421 0.892012
0.44206 0.89464
0.436683 0.897236
0.43129 0.8998
0.425881 0.902331
0.420457 0.90483
0.415019 0.907295
0.409565 0.909728
0.404097 0.912129
0.398614 0.914496
0.393117 0.91683
0.387606 0.91913
0.382082 0.921398
0.376543 0.923632
0.370991 0.925833
0.365426 0.928
0.359848 0.930134
0.354257 0.932234
0.348653 0.934301
0.343037 0.936333
0.337409 0.938332
0.331768 0.940296
0.326116 0.942227
0.320452 0.944124
0.314777 0.945986
0.309091 0.947814
0.303393 0.949608
0.297685 0.951367
0.291966 0.953092
0.286237 0.954783
0.280498 0.956439
0.274748 0.95806
0.268989 0.959646
0.263221 0.961198
0.257443 0.962715
0.251656 0.964197
0.24586 0.965644
0.240056 0.967056
0.234243 0.968434
0.228422 0.969776
0.222592 0.971083
0.216755 0.972354
0.21091 0.973591
0.205058 0.974792
0.199199 0.975958
0.193333 0.977089
0.18746 0.978184
0.18158 0.979243
0.175694 0.980268
0.169802 0.981256
0.163904 0.982209
0.158 0.983127
0.152091 0.984009
0.146177 0.984855
0.140257 0.985665
0.134333 0.98644
0.128404 0.987179
0.122471 0.987882
0.116534 0.98855
0.110592 0.989181
0.104647 0.989777
0.0986988 0.990337
0.092747 0.990861
0.086792 0.991349
0.0808343 0.991801
0.0748739 0.992217
0.068911 0.992597
0.062946 0.992941
0.056979 0.993249
0.0510103 0.993522
0.04504 0.993758
0.0390683 0.993958
0.0330956 0.994122
0.027122 0.99425
0.0211477 0.994342
0.015173 0.994398
0.00919812 0.994417
0.00322319 0.994401
-0.00275152 0.994349
-0.0087258 0.99426
-0.0146994 0.994136
-0.0206722 0.993976
-0.0266438 0.993779
-0.0326141 0.993547
-0.0385829 0.993278
-0.04455 0.992974
-0.050515 0.992633
-0.0564779 0.992256
-0.0624383 0.991844
-0.0683962 0.991395
-0.0743511 0.990911
-0.080303 0.990391
-0.0862516 0.989834
-0.0921967 0.989242
-0.0981381 0.988614
-0.104075 0.987951
-0.110009 0.987251
-0.115938 0.986516
-0.121862 0.985744
-0.127781 0.984938
-0.133696 0.984095
-0.139605 0.983217
-0.145508 0.982303
-0.151406 0.981353
-0.157298 0.980368
-0.163184 0.979348
-0.169064 0.978292
-0.174937 0.9772
-0.180803 0.976074
-0.186663 0.974911
-0.192515 0.973714
-0.198359 0.972481
-0.204196 0.971213
-0.210025 0.96991
-0.215846 0.968572
-0.221659 0.967198
-0.227464 0.96579
-0.233259 0.964347
-0.239046 0.962868
-0.244823 0.961355
-0.250592 0.959807
-0.25635 0.958225
-0.262099 0.956608
-0.267838 0.954956
-0.273567 0.953269
-0.279285 0.951548
-0.284993 0.949793
-0.290689 0.948003
-0.296375 0.946179
-0.30205 0.944321
-0.307713 0.942429
-0.313364 0.940502
-0.319004 0.938542
-0.324631 0.936548
-0.330247 0.93452
-0.335849 0.932458
-0.34144 0.930362
-0.347017 0.928233
-0.352581 0.92607
-0.358132 0.923874
-0.363669 0.921644
-0.369192 0.919382
-0.374702 0.917086
-0.380198 0.914756
-0.385679 0.912394
-0.391145 0.909999
-0.396597 0.907571
-0.402035 0.905111
-0.407456 0.902617
-0.412863 0.900092
-0.418254 0.897533
-0.42363 0.894943
-0.428989 0.89232
-0.434333 0.889665
-0.43966 0.886978
-0.44497 0.884259
-0.450264 0.881508
-0.455541 0.878725
-0.460801 0.875911
-0.466044 0.873065
-0.47127 0.870188
-0.476477 0.867279
-0.481667 0.864339
-0.486839 0.861369
-0.491993 0.858367
-0.497128 0.855334
-0.502244 0.852271
-0.507342 0.849177
-0.512421 0.846052
-0.517481 0.842897
-0.522522 0.839712
-0.527543 0.836496
-0.532544 0.833251
-0.537525 0.829976
-0.542487 0.826671
-0.547428 0.823336
-0.552349 0.819971
-0.557249 0.816578
-0.562128 0.813155
-0.566987 0.809703
-0.571824 0.806221
-0.57664 0.802711
-0.581435 0.799173
-0.586208 0.795605
-0.590959 0.792009
-0.595689 0.788385
-0.600396 0.784733
-0.605081 0.781052
-0.609743 0.777344
-0.614383 0.773607
-0.619 0.769843
-0.623594 0.766052
-0.628164 0.762233
-0.632712 0.758387
-0.637236 0.754514
-0.641736 0.750614
-0.646213 0.746687
-0.650665 0.742734
-0.655094 0.738754
-0.659498 0.734748
-0.663878 0.730716
-0.668233 0.726657
-0.672564 0.722573
-0.67687 0.718463
-0.68115 0.714327
-0.685406 0.710166
-0.689636 0.70598
-0.69384 0.701768
-0.698019 0.697532
-0.702172 0.693271
-0.7063 0.688985
-0.710401 0.684675
-0.714476 0.680341
-0.718524 0.675982
-0.722546 0.671599
-0.726541 0.667193
-0.73051 0.662763
-0.734452 0.658309
-0.738366 0.653832
-0.742254 0.649332
-0.746114 0.644809
-0.749946 0.640264
-0.753751 0.635695
-0.757528 0.631104
-0.761277 0.626491
-0.764999 0.621856
-0.768692 0.617198
-0.772357 0.612519
-0.775993 0.607818
-0.779601 0.603096
-0.78318 0.598353
-0.786731 0.593588
-0.790252 0.588803
-0.793745 0.583997
-0.797209 0.57917
-0.800643 0.574323
-0.804048 0.569456
-0.807423 0.564569
-0.810769 0.559662
-0.814085 0.554735
-0.817371 0.549789
-0.820627 0.544823
-0.823853 0.539839
-0.827049 0.534835
-0.830215 0.529813
-0.83335 0.524772
-0.836455 0.519713
-0.839529 0.514636
-0.842572 0.50954
-0.845585 0.504427
-0.848567 0.499297
-0.851518 0.494148
-0.854437 0.488983
-0.857326 0.483801
-0.860183 0.478601
-0.863008 0.473386
-0.865803 0.468153
-0.868565 0.462905
-0.871296 0.45764
-0.873995 0.452359
-0.876662 0.447063
-0.879298 0.441751
-0.881901 0.436424
-0.884472 0.431081
-0.887011 0.425724
-0.889517 0.420352
-0.891992 0.414966
-0.894433 0.409565
-0.896842 0.40415
-0.899219 0.398721
-0.901563 0.393278
-0.903874 0.387822
-0.906152 0.382353
-0.908397 0.37687
-0.910609 0.371374
-0.912789 0.365866
-0.914935 0.360345
-0.917047 0.354811
-0.919127 0.349266
-0.921173 0.343708
-0.923186 0.338139
-0.925165 0.332558
-0.92711 0.326966
-0.929022 0.321363
-0.930901 0.315749
-0.932745 0.310124
-0.934556 0.304488
-0.936333 0.298843
-0.938076 0.293187
-0.939785 0.287521
-0.94146 0.281845
-0.943101 0.27616
-0.944708 0.270466
-0.946281 0.264762
-0.947819 0.25905
-0.949324 0.253328
-0.950793 0.247599
-0.952229 0.241861
-0.95363 0.236115
-0.954997 0.230361
-0.956329 0.224599
-0.957627 0.21883
-0.95889 0.213053
-0.960118 0.20727
-0.961312 0.20148
-0.962471 0.195683
-0.963595 0.189879
-0.964685 0.18407
-0.96574 0.178254
-0.96676 0.172432
-0.967745 0.166605
-0.968696 0.160773
-0.969611 0.154935
-0.970492 0.149092
-0.971337 0.143245
-0.972148 0.137393
-0.972924 0.131536
-0.973664 0.125676
-0.97437 0.119811
-0.97504 0.113943
-0.975676 0.108071
-0.976276 0.102196
-0.976841 0.0963174
-0.977372 0.0904362
-0.977867 0.0845522
-0.978327 0.0786658
-0.978751 0.072777
-0.979141 0.0668862
-0.979495 0.0609934
-0.979815 0.055099
-0.980099 0.0492032
-0.980348 0.043306
-0.980561 0.0374079
-0.98074 0.0315088
-0.980883 0.0256092
-0.980992 0.0197091
-0.981065 0.0138088
-0.981102 0.00790845
-0.981105 0.00200831
-0.981073 -0.00389143
-0.981005 -0.00979056
-0.980902 -0.0156889
-0.980764 -0.0215862
-0.980591 -0.0274823
-0.980383 -0.0333769
-0.980139 -0.0392699
-0.979861 -0.0451611
-0.979547 -0.0510502
-0.979199 -0.0569371
-0.978815 -0.0628215
-0.978396 -0.0687032
-0.977943 -0.0745821
-0.977454 -0.0804579
-0.97693 -0.0863304
-0.976372 -0.0921994
-0.975778 -0.0980647
-0.97515 -0.103926
-0.974486 -0.109784
-0.973788 -0.115637
-0.973055 -0.121485
-0.972288 -0.127329
-0.971485 -0.133168
-0.970648 -0.139002
-0.969776 -0.14483
-0.968869 -0.150653
-0.967928 -0.15647
-0.966952 -0.162282
-0.965942 -0.168087
-0.964897 -0.173886
-0.963818 -0.179678
-0.962704 -0.185463
-0.961556 -0.191242
-0.960374 -0.197014
-0.959157 -0.202778
-0.957906 -0.208534
-0.956621 -0.214283
-0.955302 -0.220024
-0.953948 -0.225757
-0.952561 -0.231482
-0.951139 -0.237198
-0.949684 -0.242905
-0.948194 -0.248603
-0.946671 -0.254293
-0.945114 -0.259972
-0.943524 -0.265643
-0.941899 -0.271304
-0.940241 -0.276954
-0.93855 -0.282595
-0.936825 -0.288225
-0.935066 -0.293845
-0.933275 -0.299454
-0.931449 -0.305053
-0.929591 -0.31064
-0.9277 -0.316216
-0.925775 -0.32178
-0.923817 -0.327333
-0.921827 -0.332874
-0.919803 -0.338403
-0.917747 -0.34392
-0.915658 -0.349424
-0.913536 -0.354916
-0.911382 -0.360395
-0.909195 -0.365861
-0.906976 -0.371314
-0.904724 -0.376753
-0.90244 -0.382179
-0.900124 -0.387591
-0.897775 -0.392989
-0.895395 -0.398373
-0.892983 -0.403743
-0.890539 -0.409098
-0.888063 -0.414439
-0.885555 -0.419765
-0.883016 -0.425075
-0.880445 -0.430371
-0.877843 -0.435651
-0.875209 -0.440915
-0.872544 -0.446164
-0.869848 -0.451397
-0.867121 -0.456613
-0.864363 -0.461814
-0.861574 -0.466997
-0.858754 -0.472165
-0.855904 -0.477315
-0.853023 -0.482448
-0.850111 -0.487564
-0.847169 -0.492663
-0.844197 -0.497744
-0.841195 -0.502807
-0.838162 -0.507852
-0.8351 -0.51288
-0.832008 -0.517889
-0.828886 -0.522879
-0.825734 -0.527851
-0.822553 -0.532804
-0.819342 -0.537739
-0.816102 -0.542654
-0.812833 -0.547549
-0.809535 -0.552426
-0.806207 -0.557282
-0.802851 -0.562119
-0.799466 -0.566936
-0.796053 -0.571733
-0.792611 -0.576509
-0.78914 -0.581265
-0.785641 -0.586
-0.782114 -0.590715
-0.778559 -0.595408
-0.774976 -0.60008
-0.771366 -0.604731
-0.767727 -0.609361
-0.764061 -0.613969
-0.760368 -0.618555
-0.756647 -0.623119
-0.752899 -0.627661
-0.749124 -0.632181
-0.745322 -0.636678
-0.741494 -0.641153
-0.737638 -0.645605
-0.733756 -0.650034
-0.729848 -0.65444
-0.725914 -0.658823
-0.721953 -0.663182
-0.717966 -0.667518
-0.713954 -0.671831
-0.709916 -0.676119
-0.705852 -0.680383
-0.701763 -0.684624
-0.697648 -0.68884
-0.693509 -0.693031
-0.689344 -0.697198
-0.685155 -0.701341
-0.68094 -0.705458
-0.676701 -0.709551
-0.672438 -0.713618
-0.66815 -0.71766
-0.663839 -0.721676
-0.659503 -0.725667
-0.655143 -0.729632
-0.65076 -0.733572
-0.646353 -0.737485
-0.641923 -0.741372
-0.637469 -0.745233
-0.632993 -0.749067
-0.628493 -0.752875
-0.623971 -0.756656
-0.619426 -0.760411
-0.614858 -0.764138
-0.610269 -0.767838
-0.605657 -0.771511
-0.601023 -0.775157
-0.596367 -0.778775
-0.591689 -0.782366
-0.58699 -0.785928
-0.58227 -0.789463
-0.577528 -0.79297
-0.572765 -0.796448
-0.567982 -0.799899
-0.563178 -0.803321
-0.558353 -0.806714
-0.553508 -0.810079
-0.548642 -0.813415
-0.543757 -0.816722
-0.538851 -0.82
-0.533926 -0.823249
-0.528982 -0.826469
-0.524018 -0.82966
-0.519034 -0.832821
-0.514032 -0.835952
-0.509011 -0.839054
-0.503971 -0.842125
-0.498913 -0.845167
-0.493836 -0.848179
-0.488742 -0.851161
-0.483629 -0.854112
-0.478498 -0.857033
-0.47335 -0.859924
-0.468184 -0.862783
-0.463001 -0.865613
-0.457801 -0.868411
-0.452584 -0.871179
-0.447351 -0.873915
-0.4421 -0.87662
-0.436834 -0.879295
-0.431551 -0.881937
-0.426252 -0.884549
-0.420938 -0.887129
-0.415607 -0.889677
-0.410262 -0.892194
-0.404901 -0.894678
-0.399524 -0.897131
-0.394133 -0.899552
-0.388728 -0.901941
-0.383308 -0.904298
-0.377873 -0.906622
-0.372424 -0.908914
-0.366962 -0.911174
-0.361485 -0.913401
-0.355996 -0.915596
-0.350492 -0.917757
-0.344976 -0.919886
-0.339446 -0.921983
-0.333904 -0.924046
-0.328349 -0.926076
-0.322782 -0.928073
-0.317202 -0.930037
-0.311611 -0.931968
-0.306007 -0.933865
-0.300392 -0.935729
-0.294766 -0.93756
-0.289128 -0.939357
-0.28348 -0.94112
-0.27782 -0.94285
-0.27215 -0.944546
-0.26647 -0.946208
-0.260779 -0.947836
-0.255078 -0.949431
-0.249367 -0.950991
-0.243647 -0.952517
-0.237917 -0.954009
-0.232178 -0.955467
-0.22643 -0.956891
-0.220674 -0.95828
-0.214908 -0.959635
-0.209134 -0.960956
-0.203352 -0.962242
-0.197562 -0.963493
-0.191765 -0.96471
-0.185959 -0.965892
-0.180146 -0.96704
-0.174326 -0.968153
-0.168499 -0.969231
-0.162666 -0.970274
-0.156825 -0.971282
-0.150979 -0.972256
-0.145126 -0.973194
-0.139267 -0.974098
-0.133403 -0.974966
-0.127533 -0.9758
-0.121658 -0.976598
-0.115777 -0.977361
-0.109892 -0.978089
-0.104002 -0.978782
-0.0981076 -0.979439
-0.0922089 -0.980061
-0.0863062 -0.980648
-0.0803997 -0.981199
-0.0744896 -0.981716
-0.068576 -0.982196
-0.0626592 -0.982642
-0.0567395 -0.983051
-0.050817 -0.983426
-0.0448919 -0.983765
-0.0389645 -0.984068
-0.0330349 -0.984336
-0.0271035 -0.984568
-0.0211703 -0.984765
-0.0152356 -0.984926
-0.00929969 -0.985052
-0.00336268 -0.985142
0.00257518 -0.985196
0.00851368 -0.985215
0.0144526 -0.985198
0.0203917 -0.985146
0.0263308 -0.985058
0.0322697 -0.984934
0.0382082 -0.984774
0.044146 -0.984579
0.0500829 -0.984348
0.0560187 -0.984082
0.0619533 -0.98378
0.0678863 -0.983442
0.0738176 -0.983069
0.0797469 -0.98266
0.0856741 -0.982216
0.0915989 -0.981736
0.0975211 -0.98122
0.103441 -0.980668
0.109357 -0.980081
0.11527 -0.979459
0.12118 -0.978801
0.127086 -0.978107
0.132988 -0.977378
0.138886 -0.976614
0.14478 -0.975814
0.150669 -0.974978
0.156553 -0.974107
0.162433 -0.973201
0.168307 -0.972259
0.174176 -0.971282
0.180039 -0.97027
0.185897 -0.969222
0.191748 -0.968139
0.197593 -0.967021
0.203432 -0.965868
0.209264 -0.964679
0.215089 -0.963455
0.220907 -0.962197
0.226718 -0.960903
0.232521 -0.959574
0.238317 -0.958211
0.244104 -0.956812
0.249883 -0.955379
0.255654 -0.95391
0.261417 -0.952407
0.26717 -0.950869
0.272915 -0.949297
0.27865 -0.94769
0.284376 -0.946048
0.290092 -0.944372
0.295798 -0.942661
0.301494 -0.940916
0.30718 -0.939137
0.312855 -0.937323
0.31852 -0.935475
0.324174 -0.933593
0.329816 -0.931677
0.335448 -0.929727
0.341067 -0.927743
0.346675 -0.925725
0.352271 -0.923673
0.357855 -0.921587
0.363427 -0.919468
0.368986 -0.917315
0.374532 -0.915129
0.380065 -0.912909
0.385585 -0.910655
0.391091 -0.908369
0.396584 -0.906049
0.402063 -0.903696
0.407529 -0.901309
0.412979 -0.89889
0.418416 -0.896438
0.423838 -0.893953
0.429245 -0.891436
0.434637 -0.888886
0.440013 -0.886303
0.445375 -0.883688
0.45072 -0.88104
0.45605 -0.87836
0.461364 -0.875648
0.466662 -0.872904
0.471943 -0.870128
0.477208 -0.86732
0.482456 -0.86448
0.487686 -0.861608
0.4929 -0.858705
0.498096 -0.855771
0.503275 -0.852805
0.508436 -0.849808
0.513579 -0.846779
0.518704 -0.84372
0.52381 -0.840629
0.528898 -0.837508
0.533967 -0.834356
0.539017 -0.831173
0.544048 -0.82796
0.54906 -0.824717
0.554052 -0.821443
0.559025 -0.818139
0.563978 -0.814805
0.568911 -0.811441
0.573823 -0.808047
0.578715 -0.804624
0.583587 -0.801171
0.588438 -0.797689
0.593267 -0.794177
0.598076 -0.790636
0.602864 -0.787067
0.607629 -0.783468
0.612374 -0.77984
0.617096 -0.776184
0.621797 -0.772499
0.626475 -0.768786
0.631131 -0.765045
0.635764 -0.761276
0.640374 -0.757478
0.644962 -0.753653
0.649527 -0.7498
0.654068 -0.74592
0.658586 -0.742012
0.663081 -0.738076
0.667551 -0.734114
0.671998 -0.730125
0.676421 -0.726109
0.68082 -0.722066
0.685194 -0.717996
0.689543 -0.713901
0.693868 -0.709779
0.698168 -0.70563
0.702443 -0.701456
0.706693 -0.697257
0.710917 -0.693031
0.715116 -0.68878
0.71929 -0.684504
0.723437 -0.680202
0.727558 -0.675876
0.731654 -0.671524
0.735723 -0.667148
0.739765 -0.662748
0.743781 -0.658323
0.747771 -0.653873
0.751733 -0.6494
0.755669 -0.644903
0.759577 -0.640382
0.763458 -0.635838
0.767311 -0.63127
0.771137 -0.626679
0.774935 -0.622065
0.778705 -0.617428
0.782447 -0.612768
0.786161 -0.608086
0.789847 -0.603382
0.793504 -0.598655
0.797133 -0.593906
0.800733 -0.589136
0.804304 -0.584343
0.807846 -0.57953
0.811359 -0.574694
0.814843 -0.569838
0.818298 -0.564961
0.821723 -0.560063
0.825118 -0.555145
0.828484 -0.550206
0.831819 -0.545246
0.835125 -0.540267
0.838401 -0.535268
0.841646 -0.530249
0.844861 -0.525211
0.848046 -0.520153
0.8512 -0.515076
0.854323 -0.509981
0.857416 -0.504866
0.860477 -0.499733
0.863508 -0.494582
0.866507 -0.489412
0.869475 -0.484224
0.872412 -0.479019
0.875317 -0.473796
0.878191 -0.468555
0.881033 -0.463298
0.883843 -0.458023
0.886621 -0.452731
0.889367 -0.447423
0.892081 -0.442098
0.894763 -0.436757
0.897413 -0.4314
0.90003 -0.426027
0.902615 -0.420639
0.905167 -0.415235
0.907686 -0.409816
0.910173 -0.404381
0.912627 -0.398932
0.915048 -0.393468
0.917435 -0.38799
0.91979 -0.382497
0.922112 -0.37699
0.9244 -0.37147
0.926655 -0.365936
0.928876 -0.360388
0.931064 -0.354827
0.933218 -0.349253
0.935338 -0.343666
0.937425 -0.338067
0.939478 -0.332455
0.941497 -0.326831
0.943482 -0.321194
0.945432 -0.315546
0.947349 -0.309887
0.949232 -0.304216
0.95108 -0.298534
0.952894 -0.29284
0.954673 -0.287137
0.956418 -0.281422
0.958129 -0.275697
0.959804 -0.269962
0.961446 -0.264217
0.962176 -0.261616
