0 1 0
0.000924307 0.999998 -0.00388844
0.00181061 0.999993 -0.00761614
0.00267388 0.999985 -0.0112462
0.00352298 0.999974 -0.0148158
0.00436329 0.99996 -0.0183477
0.00519808 0.999943 -0.0218557
0.00602937 0.999924 -0.0253482
0.00685842 0.999901 -0.0288305
0.00768601 0.999876 -0.0323059
0.00851263 0.999848 -0.0357764
0.00933859 0.999817 -0.0392434
0.0101641 0.999783 -0.0427075
0.0109892 0.999746 -0.0461694
0.011814 0.999707 -0.0496293
0.0126386 0.999664 -0.0530874
0.013463 0.999619 -0.0565438
0.0142872 0.999571 -0.0599986
0.0151112 0.99952 -0.0634519
0.0159351 0.999467 -0.0669036
0.0167588 0.99941 -0.0703538
0.0175823 0.999351 -0.0738026
0.0184057 0.999288 -0.0772498
0.019229 0.999223 -0.0806956
0.0200521 0.999156 -0.0841399
0.020875 0.999085 -0.0875827
0.0216978 0.999011 -0.091024
0.0225205 0.998935 -0.0944639
0.023343 0.998856 -0.0979023
0.0241654 0.998774 -0.101339
0.0249876 0.998689 -0.104775
0.0258097 0.998602 -0.108208
0.0266316 0.998512 -0.111641
0.0274535 0.998418 -0.115072
0.0282751 0.998322 -0.118501
0.0290967 0.998224 -0.121929
0.0299181 0.998122 -0.125356
0.0307394 0.998018 -0.128781
0.0315605 0.997911 -0.132204
0.0323815 0.997801 -0.135626
0.0332024 0.997688 -0.139047
0.0340231 0.997572 -0.142466
0.0348438 0.997454 -0.145884
0.0356643 0.997333 -0.1493
0.0364846 0.997209 -0.152714
0.0373049 0.997082 -0.156127
0.038125 0.996953 -0.159539
0.038945 0.996821 -0.162949
0.0397649 0.996686 -0.166358
0.0405847 0.996548 -0.169765
0.0414043 0.996407 -0.17317
0.0422238 0.996264 -0.176574
0.0430432 0.996118 -0.179977
0.0438625 0.995969 -0.183378
0.0446817 0.995818 -0.186777
0.0455008 0.995663 -0.190175
0.0463197 0.995506 -0.193572
0.0471385 0.995346 -0.196967
0.0479573 0.995184 -0.20036
0.0487759 0.995018 -0.203752
0.0495944 0.99485 -0.207143
0.0504128 0.994679 -0.210532
0.051231 0.994505 -0.213919
0.0520492 0.994329 -0.217305
0.0528673 0.99415 -0.220689
0.0536852 0.993968 -0.224072
0.0545031 0.993783 -0.227453
0.0553209 0.993596 -0.230833
0.0561385 0.993406 -0.234211
0.0569561 0.993213 -0.237588
0.0577735 0.993017 -0.240963
0.0585908 0.992819 -0.244337
0.0594081 0.992618 -0.247709
0.0602252 0.992414 -0.251079
0.0610423 0.992208 -0.254448
0.0618592 0.991998 -0.257815
0.0626761 0.991786 -0.261181
0.0634928 0.991572 -0.264545
0.0643095 0.991354 -0.267908
0.0651261 0.991134 -0.271269
0.0659425 0.990911 -0.274629
0.0667589 0.990686 -0.277987
0.0675752 0.990457 -0.281343
0.0683914 0.990226 -0.284698
0.0692075 0.989993 -0.288051
0.0700235 0.989756 -0.291402
0.0708394 0.989517 -0.294753
0.0716552 0.989275 -0.298101
0.0724709 0.989031 -0.301448
0.0732866 0.988784 -0.304793
0.0741021 0.988534 -0.308137
0.0749176 0.988281 -0.311479
0.075733 0.988026 -0.314819
0.0765483 0.987768 -0.318158
0.0773635 0.987507 -0.321495
0.0781786 0.987244 -0.324831
0.0789936 0.986977 -0.328165
0.0798086 0.986709 -0.331497
0.0806234 0.986437 -0.334828
0.0814382 0.986163 -0.338157
0.0822529 0.985886 -0.341484
0.0830675 0.985607 -0.34481
0.083882 0.985324 -0.348134
0.0846965 0.985039 -0.351456
0.0855108 0.984752 -0.354777
0.0863251 0.984462 -0.358096
0.0871393 0.984169 -0.361414
0.0879534 0.983873 -0.364729
0.0887674 0.983575 -0.368044
0.0895814 0.983274 -0.371356
0.0903953 0.98297 -0.374667
0.091209 0.982664 -0.377976
0.0920227 0.982355 -0.381283
0.0928364 0.982044 -0.384589
0.0936499 0.981729 -0.387893
0.0944634 0.981413 -0.391195
0.0952768 0.981093 -0.394495
0.0960901 0.980771 -0.397794
0.0969033 0.980446 -0.401091
0.0977164 0.980119 -0.404387
0.0985295 0.979788 -0.40768
0.0993425 0.979456 -0.410972
0.100155 0.97912 -0.414262
0.100968 0.978782 -0.417551
0.101781 0.978441 -0.420837
0.102594 0.978098 -0.424122
0.103406 0.977752 -0.427405
0.104219 0.977404 -0.430686
0.105031 0.977052 -0.433966
0.105844 0.976698 -0.437244
0.106656 0.976342 -0.44052
0.107468 0.975983 -0.443794
0.10828 0.975621 -0.447066
0.109092 0.975257 -0.450337
0.109904 0.97489 -0.453605
0.110716 0.97452 -0.456872
0.111528 0.974148 -0.460137
0.112339 0.973773 -0.463401
0.113151 0.973396 -0.466662
0.113963 0.973016 -0.469922
0.114774 0.972633 -0.473179
0.115586 0.972248 -0.476435
0.116397 0.97186 -0.479689
0.117208 0.971469 -0.482941
0.118019 0.971076 -0.486191
0.11883 0.970681 -0.48944
0.119641 0.970282 -0.492686
0.120452 0.969882 -0.495931
0.121263 0.969478 -0.499173
0.122074 0.969072 -0.502414
0.122884 0.968664 -0.505653
0.123695 0.968252 -0.508889
0.124506 0.967839 -0.512124
0.125316 0.967422 -0.515357
0.126126 0.967003 -0.518588
0.126937 0.966582 -0.521817
0.127747 0.966158 -0.525045
0.128557 0.965731 -0.52827
0.129367 0.965302 -0.531493
0.130177 0.96487 -0.534714
0.130987 0.964436 -0.537933
0.131796 0.963999 -0.54115
0.132606 0.96356 -0.544366
0.133415 0.963118 -0.547579
0.134225 0.962673 -0.55079
0.135034 0.962226 -0.553999
0.135844 0.961776 -0.557206
0.136653 0.961324 -0.560411
0.137462 0.960869 -0.563614
0.138271 0.960412 -0.566815
0.13908 0.959952 -0.570014
0.139889 0.95949 -0.57321
0.140697 0.959025 -0.576405
0.141506 0.958558 -0.579597
0.142315 0.958088 -0.582788
0.143123 0.957615 -0.585976
0.143931 0.95714 -0.589162
0.14474 0.956663 -0.592347
0.145548 0.956183 -0.595528
0.146356 0.9557 -0.598708
0.147164 0.955215 -0.601886
0.147972 0.954728 -0.605061
0.14878 0.954238 -0.608235
0.149587 0.953745 -0.611406
0.150395 0.95325 -0.614575
0.151202 0.952753 -0.617742
0.15201 0.952253 -0.620906
0.152817 0.95175 -0.624068
0.153624 0.951245 -0.627228
0.154431 0.950738 -0.630386
0.155238 0.950228 -0.633542
0.156045 0.949715 -0.636695
0.156852 0.9492 -0.639846
0.157659 0.948683 -0.642995
0.158465 0.948163 -0.646142
0.159271 0.947641 -0.649286
0.160078 0.947116 -0.652428
0.160884 0.946589 -0.655568
0.16169 0.946059 -0.658705
0.162496 0.945527 -0.66184
0.163302 0.944992 -0.664973
0.164108 0.944455 -0.668103
0.164913 0.943915 -0.671231
0.165719 0.943373 -0.674357
0.166524 0.942829 -0.67748
0.16733 0.942282 -0.680601
0.168135 0.941733 -0.68372
0.16894 0.941181 -0.686836
0.169745 0.940627 -0.68995
0.170549 0.940071 -0.693061
0.171354 0.939512 -0.69617
0.172159 0.93895 -0.699277
0.172963 0.938387 -0.702381
0.173767 0.93782 -0.705482
0.174572 0.937252 -0.708581
0.175376 0.936681 -0.711678
0.17618 0.936108 -0.714772
0.176983 0.935532 -0.717864
0.177787 0.934954 -0.720953
0.178591 0.934373 -0.72404
0.179394 0.93379 -0.727124
0.180197 0.933205 -0.730205
0.181 0.932617 -0.733284
0.181803 0.932027 -0.736361
0.182606 0.931435 -0.739435
0.183409 0.93084 -0.742506
0.184212 0.930243 -0.745575
0.185014 0.929643 -0.748641
0.185816 0.929041 -0.751705
0.186618 0.928437 -0.754766
0.18742 0.927831 -0.757824
0.188222 0.927222 -0.76088
0.189024 0.92661 -0.763933
0.189826 0.925997 -0.766984
0.190627 0.925381 -0.770032
0.191428 0.924763 -0.773077
0.192229 0.924142 -0.776119
0.19303 0.923519 -0.779159
0.193831 0.922894 -0.782196
0.194632 0.922267 -0.785231
0.195432 0.921637 -0.788262
0.196233 0.921005 -0.791291
0.197033 0.92037 -0.794317
0.197833 0.919734 -0.797341
0.198633 0.919095 -0.800362
0.199432 0.918453 -0.80338
0.200232 0.91781 -0.806395
0.201031 0.917164 -0.809407
0.201831 0.916516 -0.812417
0.20263 0.915866 -0.815423
0.203428 0.915213 -0.818427
0.204227 0.914558 -0.821429
0.205026 0.913901 -0.824427
0.205824 0.913242 -0.827422
0.206622 0.91258 -0.830415
0.20742 0.911916 -0.833405
0.208218 0.91125 -0.836391
0.209016 0.910582 -0.839375
0.209813 0.909911 -0.842356
0.210611 0.909238 -0.845335
0.211408 0.908563 -0.84831
0.212205 0.907886 -0.851282
0.213001 0.907207 -0.854251
0.213798 0.906525 -0.857218
0.214594 0.905841 -0.860181
0.215391 0.905155 -0.863142
0.216187 0.904467 -0.866099
0.216982 0.903776 -0.869054
0.217778 0.903084 -0.872006
0.218574 0.902389 -0.874954
0.219369 0.901692 -0.8779
0.220164 0.900993 -0.880842
0.220959 0.900291 -0.883782
0.221753 0.899588 -0.886718
0.222548 0.898882 -0.889651
0.223342 0.898174 -0.892582
0.224136 0.897464 -0.895509
0.22493 0.896752 -0.898433
0.225724 0.896038 -0.901354
0.226517 0.895322 -0.904272
0.22731 0.894603 -0.907187
0.228104 0.893883 -0.910098
0.228896 0.89316 -0.913007
0.229689 0.892435 -0.915912
0.230481 0.891708 -0.918815
0.231274 0.890979 -0.921714
0.232066 0.890248 -0.92461
0.232857 0.889515 -0.927502
0.233649 0.88878 -0.930392
0.23444 0.888042 -0.933278
0.235231 0.887303 -0.936162
0.236022 0.886561 -0.939041
0.236813 0.885817 -0.941918
0.237604 0.885072 -0.944792
0.238394 0.884324 -0.947662
0.239184 0.883574 -0.950529
0.239974 0.882822 -0.953392
0.240763 0.882069 -0.956253
0.241552 0.881313 -0.95911
0.242342 0.880555 -0.961964
0.24313 0.879795 -0.964814
0.243919 0.879033 -0.967661
0.244707 0.878269 -0.970505
0.245496 0.877503 -0.973346
0.246284 0.876734 -0.976183
0.247071 0.875964 -0.979017
0.247859 0.875192 -0.981847
0.248646 0.874418 -0.984675
0.249433 0.873642 -0.987498
0.25022 0.872864 -0.990319
0.251006 0.872084 -0.993136
0.251792 0.871302 -0.995949
0.252578 0.870518 -0.998759
0.253364 0.869733 -1.00157
0.25415 0.868945 -1.00437
0.254935 0.868155 -1.00717
0.25572 0.867363 -1.00997
0.256505 0.86657 -1.01276
0.257289 0.865774 -1.01555
0.258073 0.864976 -1.01833
0.258857 0.864177 -1.02112
0.259641 0.863376 -1.0239
0.260425 0.862572 -1.02667
0.261208 0.861767 -1.02944
0.261991 0.86096 -1.03221
0.262773 0.860151 -1.03498
0.263556 0.85934 -1.03774
0.264338 0.858527 -1.0405
0.26512 0.857713 -1.04325
0.265902 0.856896 -1.046
0.266683 0.856078 -1.04875
0.267464 0.855258 -1.05149
0.268245 0.854436 -1.05423
0.269025 0.853612 -1.05697
0.269806 0.852786 -1.0597
0.270586 0.851958 -1.06243
0.271365 0.851129 -1.06516
0.272145 0.850297 -1.06788
0.272924 0.849464 -1.0706
0.273703 0.848629 -1.07331
0.274482 0.847792 -1.07602
0.27526 0.846954 -1.07873
0.276038 0.846114 -1.08143
0.276816 0.845271 -1.08413
0.277593 0.844427 -1.08683
0.278371 0.843582 -1.08952
0.279148 0.842734 -1.09221
0.279924 0.841885 -1.0949
0.280701 0.841034 -1.09758
0.281477 0.840181 -1.10026
0.282252 0.839326 -1.10293
0.283028 0.83847 -1.1056
0.283803 0.837612 -1.10827
0.284578 0.836752 -1.11093
0.285353 0.83589 -1.11359
0.286127 0.835027 -1.11624
0.286901 0.834162 -1.1189
0.287675 0.833295 -1.12154
0.288448 0.832427 -1.12419
0.289221 0.831557 -1.12683
0.289994 0.830685 -1.12946
0.290767 0.829811 -1.1321
0.291539 0.828936 -1.13473
0.292311 0.828059 -1.13735
0.293082 0.82718 -1.13997
0.293854 0.8263 -1.14259
0.294625 0.825418 -1.1452
0.295396 0.824534 -1.14781
0.296166 0.823649 -1.15042
0.296936 0.822762 -1.15302
0.297706 0.821874 -1.15562
0.298475 0.820983 -1.15821
0.299245 0.820092 -1.1608
0.300013 0.819198 -1.16339
0.300782 0.818303 -1.16597
0.30155 0.817406 -1.16855
0.302318 0.816508 -1.17113
0.303086 0.815608 -1.1737
0.303853 0.814706 -1.17626
0.30462 0.813803 -1.17883
0.305387 0.812898 -1.18139
0.306153 0.811992 -1.18394
0.306919 0.811084 -1.18649
0.307685 0.810175 -1.18904
0.30845 0.809264 -1.19158
0.309215 0.808351 -1.19412
0.30998 0.807437 -1.19666
0.310744 0.806521 -1.19919
0.311509 0.805604 -1.20172
0.312272 0.804685 -1.20424
0.313036 0.803765 -1.20676
0.313799 0.802843 -1.20927
0.314562 0.801919 -1.21179
0.315324 0.800994 -1.21429
0.316086 0.800068 -1.2168
0.316848 0.79914 -1.2193
0.31761 0.798211 -1.22179
0.318371 0.79728 -1.22428
0.319132 0.796347 -1.22677
0.319892 0.795413 -1.22925
0.320652 0.794478 -1.23173
0.321412 0.793541 -1.23421
0.322172 0.792603 -1.23668
0.322931 0.791663 -1.23915
0.32369 0.790722 -1.24161
0.324448 0.789779 -1.24407
0.325206 0.788835 -1.24652
0.325964 0.787889 -1.24898
0.326722 0.786942 -1.25142
0.327479 0.785994 -1.25386
0.328236 0.785044 -1.2563
0.328992 0.784093 -1.25874
0.329748 0.78314 -1.26117
0.330504 0.782186 -1.26359
0.33126 0.78123 -1.26602
0.332015 0.780273 -1.26844
0.33277 0.779315 -1.27085
0.333524 0.778355 -1.27326
0.334278 0.777394 -1.27567
0.335032 0.776432 -1.27807
0.335785 0.775468 -1.28046
0.336538 0.774503 -1.28286
0.337291 0.773536 -1.28525
0.338044 0.772568 -1.28763
0.338796 0.771599 -1.29001
0.339547 0.770628 -1.29239
0.340299 0.769656 -1.29476
0.34105 0.768683 -1.29713
0.3418 0.767708 -1.2995
0.342551 0.766732 -1.30186
0.343301 0.765755 -1.30421
0.34405 0.764777 -1.30656
0.3448 0.763797 -1.30891
0.345549 0.762816 -1.31125
0.346297 0.761833 -1.31359
0.347045 0.760849 -1.31593
0.347793 0.759864 -1.31826
0.348541 0.758878 -1.32059
0.349288 0.75789 -1.32291
0.350035 0.756902 -1.32523
0.350781 0.755911 -1.32754
0.351528 0.75492 -1.32985
0.352273 0.753927 -1.33216
0.353019 0.752933 -1.33446
0.353764 0.751938 -1.33676
0.354509 0.750942 -1.33905
0.355253 0.749944 -1.34134
0.355997 0.748945 -1.34362
0.356741 0.747945 -1.3459
0.357484 0.746944 -1.34818
0.358227 0.745942 -1.35045
0.35897 0.744938 -1.35272
0.359712 0.743933 -1.35498
0.360454 0.742927 -1.35724
0.361195 0.74192 -1.3595
0.361937 0.740911 -1.36175
0.362677 0.739901 -1.36399
0.363418 0.73889 -1.36623
0.364158 0.737878 -1.36847
0.364898 0.736865 -1.37071
0.365637 0.735851 -1.37294
0.366376 0.734835 -1.37516
0.367115 0.733819 -1.37738
0.367853 0.732801 -1.3796
0.368591 0.731782 -1.38181
0.369329 0.730762 -1.38402
0.370066 0.72974 -1.38622
0.370803 0.728718 -1.38842
0.37154 0.727695 -1.39062
0.372276 0.72667 -1.39281
0.373012 0.725644 -1.395
0.373748 0.724617 -1.39718
0.374483 0.723589 -1.39936
0.375218 0.72256 -1.40153
0.375952 0.72153 -1.4037
0.376686 0.720499 -1.40586
0.37742 0.719467 -1.40803
0.378153 0.718433 -1.41018
0.378886 0.717399 -1.41233
0.379619 0.716363 -1.41448
0.380351 0.715327 -1.41663
0.381083 0.714289 -1.41877
0.381815 0.71325 -1.4209
0.382546 0.71221 -1.42303
0.383277 0.711169 -1.42516
0.384007 0.710128 -1.42728
0.384738 0.709085 -1.4294
0.385467 0.708041 -1.43151
0.386197 0.706996 -1.43362
0.386926 0.70595 -1.43573
0.387655 0.704903 -1.43783
0.388383 0.703855 -1.43992
0.389111 0.702805 -1.44202
0.389839 0.701755 -1.4441
0.390566 0.700704 -1.44619
0.391293 0.699652 -1.44827
0.39202 0.698599 -1.45034
0.392746 0.697545 -1.45241
0.393472 0.69649 -1.45448
0.394197 0.695434 -1.45654
0.394923 0.694377 -1.4586
0.395647 0.693319 -1.46065
0.396372 0.69226 -1.4627
0.397096 0.6912 -1.46474
0.39782 0.690139 -1.46678
0.398543 0.689077 -1.46882
0.399266 0.688015 -1.47085
0.399989 0.686951 -1.47288
0.400711 0.685886 -1.4749
0.401433 0.684821 -1.47692
0.402155 0.683754 -1.47893
0.402876 0.682687 -1.48094
0.403597 0.681618 -1.48295
0.404318 0.680549 -1.48495
0.405038 0.679479 -1.48695
0.405758 0.678408 -1.48894
0.406477 0.677336 -1.49093
0.407197 0.676263 -1.49291
0.407915 0.675189 -1.49489
0.408634 0.674114 -1.49687
0.409352 0.673038 -1.49884
0.41007 0.671962 -1.5008
0.410787 0.670884 -1.50277
0.411504 0.669806 -1.50472
0.412221 0.668727 -1.50668
0.412937 0.667647 -1.50863
0.413653 0.666566 -1.51057
0.414369 0.665484 -1.51251
0.415084 0.664402 -1.51445
0.415799 0.663318 -1.51638
0.416514 0.662234 -1.51831
0.417228 0.661149 -1.52023
0.417942 0.660063 -1.52215
0.418656 0.658976 -1.52406
0.419369 0.657888 -1.52597
0.420082 0.6568 -1.52788
0.420794 0.65571 -1.52978
0.421506 0.65462 -1.53168
0.422218 0.653529 -1.53357
0.42293 0.652438 -1.53546
0.423641 0.651345 -1.53734
0.424352 0.650252 -1.53922
0.425062 0.649157 -1.5411
0.425772 0.648062 -1.54297
0.426482 0.646967 -1.54484
0.427191 0.64587 -1.5467
0.4279 0.644773 -1.54856
0.428609 0.643674 -1.55041
0.429318 0.642575 -1.55226
0.430026 0.641476 -1.5541
0.430733 0.640375 -1.55594
0.431441 0.639274 -1.55778
0.432148 0.638172 -1.55961
0.432854 0.637069 -1.56144
0.433561 0.635966 -1.56326
0.434267 0.634861 -1.56508
0.434972 0.633756 -1.5669
0.435678 0.63265 -1.56871
0.436383 0.631544 -1.57051
0.437087 0.630436 -1.57232
0.437792 0.629328 -1.57411
0.438496 0.62822 -1.57591
0.439199 0.62711 -1.57769
0.439903 0.626 -1.57948
0.440606 0.624889 -1.58126
0.441308 0.623777 -1.58303
0.442011 0.622665 -1.58481
0.442712 0.621552 -1.58657
0.443414 0.620438 -1.58834
0.444115 0.619324 -1.59009
0.444816 0.618208 -1.59185
0.445517 0.617092 -1.5936
0.446217 0.615976 -1.59534
0.446917 0.614859 -1.59708
0.447617 0.613741 -1.59882
0.448316 0.612622 -1.60055
0.449015 0.611503 -1.60228
0.449714 0.610383 -1.60401
0.450412 0.609262 -1.60573
0.45111 0.60814 -1.60744
0.451808 0.607018 -1.60915
0.452505 0.605896 -1.61086
0.453202 0.604772 -1.61256
0.453899 0.603648 -1.61426
0.454595 0.602524 -1.61595
0.455291 0.601398 -1.61764
0.455987 0.600272 -1.61933
0.456682 0.599146 -1.62101
0.457377 0.598018 -1.62268
0.458072 0.596891 -1.62436
0.458766 0.595762 -1.62602
0.459461 0.594633 -1.62769
0.460154 0.593503 -1.62935
0.460848 0.592373 -1.631
0.461541 0.591242 -1.63265
0.462234 0.59011 -1.6343
0.462926 0.588978 -1.63594
0.463618 0.587845 -1.63758
0.46431 0.586711 -1.63921
0.465002 0.585577 -1.64084
0.465693 0.584442 -1.64246
0.466384 0.583307 -1.64409
0.467074 0.582171 -1.6457
0.467765 0.581034 -1.64731
0.468455 0.579897 -1.64892
0.469144 0.57876 -1.65052
0.469834 0.577621 -1.65212
0.470523 0.576482 -1.65372
0.471211 0.575343 -1.65531
0.4719 0.574203 -1.65689
0.472588 0.573062 -1.65848
0.473275 0.571921 -1.66005
0.473963 0.570779 -1.66163
0.47465 0.569637 -1.6632
0.475337 0.568494 -1.66476
0.476023 0.567351 -1.66632
0.47671 0.566207 -1.66788
0.477396 0.565062 -1.66943
0.478081 0.563917 -1.67098
0.478767 0.562771 -1.67252
0.479452 0.561625 -1.67406
0.480136 0.560478 -1.6756
0.480821 0.559331 -1.67713
0.481505 0.558183 -1.67865
0.482189 0.557035 -1.68017
0.482872 0.555886 -1.68169
0.483555 0.554737 -1.68321
0.484238 0.553587 -1.68471
0.484921 0.552436 -1.68622
0.485603 0.551285 -1.68772
0.486285 0.550134 -1.68922
0.486967 0.548981 -1.69071
0.487648 0.547829 -1.6922
0.488329 0.546676 -1.69368
0.48901 0.545522 -1.69516
0.489691 0.544368 -1.69664
0.490371 0.543214 -1.69811
0.491051 0.542058 -1.69957
0.49173 0.540903 -1.70104
0.49241 0.539747 -1.70249
0.493089 0.53859 -1.70395
0.493767 0.537433 -1.7054
0.494446 0.536276 -1.70684
0.495124 0.535118 -1.70829
0.495802 0.533959 -1.70972
0.49648 0.5328 -1.71116
0.497157 0.531641 -1.71258
0.497834 0.530481 -1.71401
0.498511 0.52932 -1.71543
0.499187 0.528159 -1.71684
0.499863 0.526998 -1.71826
0.500539 0.525836 -1.71966
0.501215 0.524674 -1.72107
0.50189 0.523511 -1.72247
0.502565 0.522348 -1.72386
0.50324 0.521184 -1.72525
0.503915 0.52002 -1.72664
0.504589 0.518855 -1.72802
0.505263 0.51769 -1.7294
0.505936 0.516525 -1.73077
0.50661 0.515359 -1.73214
0.507283 0.514193 -1.73351
0.507956 0.513026 -1.73487
0.508628 0.511858 -1.73623
0.5093 0.510691 -1.73758
0.509972 0.509523 -1.73893
0.510644 0.508354 -1.74027
0.511316 0.507185 -1.74161
0.511987 0.506016 -1.74295
0.512658 0.504846 -1.74428
0.513328 0.503676 -1.74561
0.513999 0.502505 -1.74693
0.514669 0.501334 -1.74825
0.515339 0.500163 -1.74956
0.516008 0.498991 -1.75088
0.516678 0.497818 -1.75218
0.517347 0.496646 -1.75348
0.518015 0.495472 -1.75478
0.518684 0.494299 -1.75608
0.519352 0.493125 -1.75737
0.52002 0.491951 -1.75865
0.520688 0.490776 -1.75993
0.521355 0.489601 -1.76121
0.522023 0.488425 -1.76248
0.52269 0.487249 -1.76375
0.523356 0.486073 -1.76502
0.524023 0.484896 -1.76628
0.524689 0.483719 -1.76754
0.525355 0.482542 -1.76879
0.52602 0.481364 -1.77004
0.526686 0.480186 -1.77128
0.527351 0.479007 -1.77252
0.528016 0.477828 -1.77376
0.52868 0.476649 -1.77499
0.529345 0.475469 -1.77622
0.530009 0.474289 -1.77744
0.530673 0.473109 -1.77866
0.531337 0.471928 -1.77987
0.532 0.470747 -1.78108
0.532663 0.469565 -1.78229
0.533326 0.468383 -1.78349
0.533989 0.467201 -1.78469
0.534651 0.466019 -1.78589
0.535313 0.464836 -1.78708
0.535975 0.463652 -1.78826
0.536637 0.462469 -1.78944
0.537298 0.461285 -1.79062
0.537959 0.4601 -1.7918
0.53862 0.458916 -1.79297
0.539281 0.457731 -1.79413
0.539942 0.456545 -1.79529
0.540602 0.45536 -1.79645
0.541262 0.454174 -1.7976
0.541922 0.452987 -1.79875
0.542581 0.451801 -1.7999
0.54324 0.450614 -1.80104
0.543899 0.449426 -1.80217
0.544558 0.448239 -1.80331
0.545217 0.447051 -1.80443
0.545875 0.445862 -1.80556
0.546533 0.444674 -1.80668
0.547191 0.443485 -1.80779
0.547849 0.442295 -1.80891
0.548506 0.441106 -1.81001
0.549163 0.439916 -1.81112
0.54982 0.438726 -1.81222
0.550477 0.437535 -1.81331
0.551134 0.436344 -1.8144
0.55179 0.435153 -1.81549
0.552446 0.433962 -1.81657
0.553102 0.43277 -1.81765
0.553758 0.431578 -1.81873
0.554413 0.430386 -1.8198
0.555068 0.429193 -1.82087
0.555723 0.428 -1.82193
0.556378 0.426807 -1.82299
0.557032 0.425613 -1.82404
0.557687 0.424419 -1.82509
0.558341 0.423225 -1.82614
0.558995 0.422031 -1.82718
0.559648 0.420836 -1.82822
0.560302 0.419641 -1.82925
0.560955 0.418446 -1.83028
0.561608 0.41725 -1.83131
0.562261 0.416055 -1.83233
0.562913 0.414859 -1.83335
0.563566 0.413662 -1.83436
0.564218 0.412466 -1.83537
0.56487 0.411269 -1.83638
0.565522 0.410071 -1.83738
0.566173 0.408874 -1.83838
0.566824 0.407676 -1.83937
0.567476 0.406478 -1.84036
0.568126 0.40528 -1.84135
0.568777 0.404082 -1.84233
0.569428 0.402883 -1.84331
0.570078 0.401684 -1.84428
0.570728 0.400484 -1.84525
0.571378 0.399285 -1.84621
0.572028 0.398085 -1.84717
0.572677 0.396885 -1.84813
0.573327 0.395685 -1.84908
0.573976 0.394484 -1.85003
0.574625 0.393283 -1.85098
0.575273 0.392082 -1.85192
0.575922 0.390881 -1.85286
0.57657 0.389679 -1.85379
0.577218 0.388478 -1.85472
0.577866 0.387276 -1.85564
0.578514 0.386073 -1.85656
0.579162 0.384871 -1.85748
0.579809 0.383668 -1.85839
0.580456 0.382465 -1.8593
0.581103 0.381262 -1.86021
0.58175 0.380058 -1.86111
0.582396 0.378855 -1.862
0.583043 0.377651 -1.8629
0.583689 0.376446 -1.86379
0.584335 0.375242 -1.86467
0.584981 0.374037 -1.86555
0.585627 0.372833 -1.86643
0.586272 0.371628 -1.8673
0.586918 0.370422 -1.86817
0.587563 0.369217 -1.86903
0.588208 0.368011 -1.86989
0.588852 0.366805 -1.87075
0.589497 0.365599 -1.8716
0.590141 0.364393 -1.87245
0.590786 0.363186 -1.8733
0.59143 0.361979 -1.87414
0.592074 0.360772 -1.87497
0.592717 0.359565 -1.87581
0.593361 0.358357 -1.87663
0.594004 0.35715 -1.87746
0.594647 0.355942 -1.87828
0.59529 0.354734 -1.8791
0.595933 0.353526 -1.87991
0.596576 0.352317 -1.88072
0.597219 0.351109 -1.88152
0.597861 0.3499 -1.88232
0.598503 0.348691 -1.88312
0.599145 0.347481 -1.88391
0.599787 0.346272 -1.8847
0.600429 0.345062 -1.88548
0.60107 0.343852 -1.88626
0.601712 0.342642 -1.88704
0.602353 0.341432 -1.88781
0.602994 0.340222 -1.88858
0.603635 0.339011 -1.88935
0.604275 0.3378 -1.89011
0.604916 0.336589 -1.89087
0.605556 0.335378 -1.89162
0.606197 0.334167 -1.89237
0.606837 0.332955 -1.89311
0.607477 0.331744 -1.89385
0.608116 0.330532 -1.89459
0.608756 0.32932 -1.89532
0.609395 0.328108 -1.89605
0.610035 0.326895 -1.89678
0.610674 0.325683 -1.8975
0.611313 0.32447 -1.89822
0.611952 0.323257 -1.89893
0.612591 0.322044 -1.89964
0.613229 0.320831 -1.90034
0.613868 0.319617 -1.90105
0.614506 0.318404 -1.90174
0.615144 0.31719 -1.90244
0.615782 0.315976 -1.90313
0.61642 0.314762 -1.90381
0.617057 0.313547 -1.90449
0.617695 0.312333 -1.90517
0.618332 0.311118 -1.90585
0.61897 0.309904 -1.90652
0.619607 0.308689 -1.90718
0.620244 0.307474 -1.90784
0.620881 0.306259 -1.9085
0.621517 0.305043 -1.90916
0.622154 0.303828 -1.90981
0.62279 0.302612 -1.91045
0.623427 0.301396 -1.91109
0.624063 0.30018 -1.91173
0.624699 0.298964 -1.91237
0.625335 0.297748 -1.913
0.625971 0.296531 -1.91362
0.626606 0.295315 -1.91425
0.627242 0.294098 -1.91487
0.627877 0.292881 -1.91548
0.628512 0.291664 -1.91609
0.629147 0.290447 -1.9167
0.629782 0.28923 -1.9173
0.630417 0.288012 -1.9179
0.631052 0.286795 -1.9185
0.631687 0.285577 -1.91909
0.632321 0.284359 -1.91967
0.632956 0.283141 -1.92026
0.63359 0.281923 -1.92084
0.634224 0.280705 -1.92141
0.634858 0.279486 -1.92199
0.635492 0.278268 -1.92255
0.636126 0.277049 -1.92312
0.636759 0.275831 -1.92368
0.637393 0.274612 -1.92423
0.638026 0.273393 -1.92479
0.638659 0.272173 -1.92533
0.639293 0.270954 -1.92588
0.639926 0.269735 -1.92642
0.640559 0.268515 -1.92696
0.641192 0.267296 -1.92749
0.641824 0.266076 -1.92802
0.642457 0.264856 -1.92854
0.643089 0.263636 -1.92906
0.643722 0.262416 -1.92958
0.644354 0.261196 -1.93009
0.644986 0.259975 -1.9306
0.645618 0.258755 -1.93111
0.64625 0.257534 -1.93161
0.646882 0.256313 -1.93211
0.647514 0.255093 -1.9326
0.648146 0.253872 -1.93309
0.648777 0.252651 -1.93358
0.649409 0.25143 -1.93406
0.65004 0.250208 -1.93454
0.650671 0.248987 -1.93501
0.651303 0.247766 -1.93548
0.651934 0.246544 -1.93595
0.652565 0.245322 -1.93641
0.653195 0.2441 -1.93687
0.653826 0.242879 -1.93732
0.654457 0.241657 -1.93778
0.655088 0.240435 -1.93822
0.655718 0.239212 -1.93867
0.656348 0.23799 -1.93911
0.656979 0.236768 -1.93954
0.657609 0.235545 -1.93997
0.658239 0.234323 -1.9404
0.658869 0.2331 -1.94082
0.659499 0.231877 -1.94124
0.660129 0.230654 -1.94166
0.660759 0.229431 -1.94207
0.661388 0.228208 -1.94248
0.662018 0.226985 -1.94289
0.662648 0.225762 -1.94329
0.663277 0.224539 -1.94368
0.663906 0.223315 -1.94408
0.664536 0.222092 -1.94447
0.665165 0.220868 -1.94485
0.665794 0.219645 -1.94523
0.666423 0.218421 -1.94561
0.667052 0.217197 -1.94598
0.667681 0.215973 -1.94635
0.66831 0.214749 -1.94672
0.668938 0.213525 -1.94708
0.669567 0.212301 -1.94744
0.670196 0.211077 -1.94779
0.670824 0.209852 -1.94814
0.671453 0.208628 -1.94849
0.672081 0.207404 -1.94883
0.672709 0.206179 -1.94917
0.673337 0.204954 -1.94951
0.673966 0.20373 -1.94984
0.674594 0.202505 -1.95016
0.675222 0.20128 -1.95049
0.67585 0.200055 -1.95081
0.676477 0.19883 -1.95112
0.677105 0.197605 -1.95144
0.677733 0.19638 -1.95174
0.678361 0.195155 -1.95205
0.678988 0.19393 -1.95235
0.679616 0.192704 -1.95264
0.680243 0.191479 -1.95294
0.680871 0.190254 -1.95323
0.681498 0.189028 -1.95351
0.682126 0.187802 -1.95379
0.682753 0.186577 -1.95407
0.68338 0.185351 -1.95434
0.684007 0.184125 -1.95461
0.684634 0.1829 -1.95488
0.685261 0.181674 -1.95514
0.685888 0.180448 -1.9554
0.686515 0.179222 -1.95565
0.687142 0.177996 -1.9559
0.687769 0.17677 -1.95615
0.688396 0.175543 -1.95639
0.689022 0.174317 -1.95663
0.689649 0.173091 -1.95687
0.690276 0.171865 -1.9571
0.690902 0.170638 -1.95732
0.691529 0.169412 -1.95755
0.692155 0.168185 -1.95777
0.692782 0.166959 -1.95798
0.693408 0.165732 -1.95819
0.694035 0.164506 -1.9584
0.694661 0.163279 -1.95861
0.695287 0.162052 -1.95881
0.695913 0.160826 -1.959
0.69654 0.159599 -1.9592
0.697166 0.158372 -1.95939
0.697792 0.157145 -1.95957
0.698418 0.155918 -1.95975
0.699044 0.154691 -1.95993
0.69967 0.153464 -1.9601
0.700296 0.152237 -1.96027
0.700922 0.15101 -1.96044
0.701548 0.149783 -1.9606
0.702174 0.148556 -1.96076
0.7028 0.147329 -1.96091
0.703426 0.146101 -1.96106
0.704051 0.144874 -1.96121
0.704677 0.143647 -1.96135
0.705303 0.142419 -1.96149
0.705929 0.141192 -1.96163
0.706554 0.139965 -1.96176
0.70718 0.138737 -1.96189
0.707806 0.13751 -1.96201
0.708431 0.136282 -1.96213
0.709057 0.135055 -1.96225
0.709682 0.133827 -1.96236
0.710308 0.1326 -1.96247
0.710933 0.131372 -1.96257
0.711559 0.130144 -1.96267
0.712184 0.128917 -1.96277
0.71281 0.127689 -1.96286
0.713435 0.126461 -1.96295
0.714061 0.125234 -1.96304
0.714686 0.124006 -1.96312
0.715312 0.122778 -1.9632
0.715937 0.12155 -1.96327
0.716562 0.120323 -1.96334
0.717188 0.119095 -1.96341
0.717813 0.117867 -1.96347
0.718438 0.116639 -1.96353
0.719064 0.115411 -1.96359
0.719689 0.114183 -1.96364
0.720314 0.112955 -1.96369
0.72094 0.111727 -1.96373
0.721565 0.110499 -1.96377
0.72219 0.109271 -1.9638
0.722816 0.108043 -1.96384
0.723441 0.106815 -1.96386
0.724066 0.105587 -1.96389
0.724691 0.104359 -1.96391
0.725317 0.103131 -1.96393
0.725942 0.101903 -1.96394
0.726567 0.100675 -1.96395
0.727193 0.0994474 -1.96395
0.727818 0.0982193 -1.96396
0.728443 0.0969913 -1.96395
0.729068 0.0957632 -1.96395
0.729694 0.0945352 -1.96394
0.730319 0.0933071 -1.96392
0.730944 0.0920791 -1.96391
0.73157 0.090851 -1.96388
0.732195 0.0896229 -1.96386
0.73282 0.0883948 -1.96383
0.733446 0.0871668 -1.9638
0.734071 0.0859387 -1.96376
0.734696 0.0847106 -1.96372
0.735322 0.0834826 -1.96368
0.735947 0.0822545 -1.96363
0.736573 0.0810264 -1.96358
0.737198 0.0797984 -1.96352
0.737824 0.0785703 -1.96346
0.738449 0.0773423 -1.9634
0.739074 0.0761143 -1.96333
0.7397 0.0748862 -1.96326
0.740325 0.0736582 -1.96318
0.740951 0.0724302 -1.9631
0.741577 0.0712022 -1.96302
0.742202 0.0699742 -1.96294
0.742828 0.0687462 -1.96284
0.743453 0.0675182 -1.96275
0.744079 0.0662903 -1.96265
0.744705 0.0650623 -1.96255
0.74533 0.0638344 -1.96245
0.745956 0.0626065 -1.96234
0.746582 0.0613785 -1.96222
0.747208 0.0601507 -1.96211
0.747833 0.0589228 -1.96199
0.748459 0.0576949 -1.96186
0.749085 0.0564671 -1.96173
0.749711 0.0552393 -1.9616
0.750337 0.0540115 -1.96146
0.750963 0.0527837 -1.96132
0.751589 0.0515559 -1.96118
0.752215 0.0503282 -1.96103
0.752841 0.0491005 -1.96088
0.753467 0.0478728 -1.96073
0.754093 0.0466451 -1.96057
0.75472 0.0454174 -1.9604
0.755346 0.0441898 -1.96024
0.755972 0.0429622 -1.96007
0.756598 0.0417347 -1.95989
0.757225 0.0405071 -1.95972
0.757851 0.0392796 -1.95953
0.758478 0.0380521 -1.95935
0.759104 0.0368247 -1.95916
0.759731 0.0355972 -1.95896
0.760357 0.0343698 -1.95877
0.760984 0.0331425 -1.95857
0.761611 0.0319151 -1.95836
0.762237 0.0306878 -1.95815
0.762864 0.0294606 -1.95794
0.763491 0.0282333 -1.95772
0.764118 0.0270062 -1.9575
0.764745 0.025779 -1.95728
0.765372 0.0245519 -1.95705
0.765999 0.0233248 -1.95682
0.766626 0.0220977 -1.95658
0.767253 0.0208707 -1.95634
0.76788 0.0196437 -1.9561
0.768508 0.0184168 -1.95585
0.769135 0.0171899 -1.9556
0.769762 0.0159631 -1.95535
0.77039 0.0147363 -1.95509
0.771017 0.0135095 -1.95483
0.771645 0.0122828 -1.95456
0.772272 0.0110561 -1.95429
0.7729 0.00982948 -1.95402
0.773528 0.0086029 -1.95374
0.774156 0.00737636 -1.95346
0.774784 0.00614987 -1.95317
0.775412 0.00492342 -1.95288
0.77604 0.00369703 -1.95259
0.776668 0.00247069 -1.95229
0.777296 0.00124439 -1.95199
0.777924 1.81478e-05 -1.95169
0.778552 -0.00120804 -1.95138
0.779181 -0.00243418 -1.95107
0.779809 -0.00366027 -1.95075
0.780438 -0.0048863 -1.95043
0.781067 -0.00611228 -1.95011
0.781695 -0.0073382 -1.94978
0.782324 -0.00856407 -1.94945
0.782953 -0.00978988 -1.94911
0.783582 -0.0110156 -1.94877
0.784211 -0.0122413 -1.94843
0.78484 -0.013467 -1.94808
0.785469 -0.0146925 -1.94773
0.786098 -0.0159181 -1.94738
0.786728 -0.0171435 -1.94702
0.787357 -0.0183689 -1.94666
0.787987 -0.0195942 -1.94629
0.788616 -0.0208195 -1.94592
0.789246 -0.0220447 -1.94555
0.789876 -0.0232698 -1.94517
0.790506 -0.0244949 -1.94479
0.791135 -0.0257199 -1.9444
0.791766 -0.0269448 -1.94402
0.792396 -0.0281697 -1.94362
0.793026 -0.0293945 -1.94323
0.793656 -0.0306193 -1.94282
0.794287 -0.0318439 -1.94242
0.794917 -0.0330685 -1.94201
0.795548 -0.034293 -1.9416
0.796178 -0.0355175 -1.94118
0.796809 -0.0367418 -1.94076
0.79744 -0.0379661 -1.94034
0.798071 -0.0391904 -1.93991
0.798702 -0.0404145 -1.93948
0.799333 -0.0416386 -1.93904
0.799965 -0.0428626 -1.9386
0.800596 -0.0440865 -1.93816
0.801228 -0.0453104 -1.93771
0.801859 -0.0465341 -1.93726
0.802491 -0.0477578 -1.93681
0.803123 -0.0489814 -1.93635
0.803755 -0.0502049 -1.93589
0.804387 -0.0514284 -1.93542
0.805019 -0.0526517 -1.93495
0.805651 -0.053875 -1.93448
0.806284 -0.0550982 -1.934
0.806916 -0.0563213 -1.93352
0.807549 -0.0575443 -1.93303
0.808182 -0.0587672 -1.93254
0.808814 -0.0599901 -1.93205
0.809447 -0.0612128 -1.93155
0.81008 -0.0624355 -1.93105
0.810714 -0.063658 -1.93054
0.811347 -0.0648805 -1.93004
0.81198 -0.0661029 -1.92952
0.812614 -0.0673252 -1.92901
0.813248 -0.0685474 -1.92849
0.813881 -0.0697695 -1.92796
0.814515 -0.0709915 -1.92743
0.815149 -0.0722135 -1.9269
0.815784 -0.0734353 -1.92636
0.816418 -0.074657 -1.92582
0.817052 -0.0758786 -1.92528
0.817687 -0.0771002 -1.92473
0.818322 -0.0783216 -1.92418
0.818956 -0.0795429 -1.92362
0.819591 -0.0807642 -1.92307
0.820226 -0.0819853 -1.9225
0.820862 -0.0832063 -1.92193
0.821497 -0.0844272 -1.92136
0.822132 -0.085648 -1.92079
0.822768 -0.0868688 -1.92021
0.823404 -0.0880894 -1.91963
0.82404 -0.0893099 -1.91904
0.824676 -0.0905302 -1.91845
0.825312 -0.0917505 -1.91785
0.825948 -0.0929707 -1.91726
0.826585 -0.0941908 -1.91665
0.827221 -0.0954107 -1.91605
0.827858 -0.0966305 -1.91544
0.828495 -0.0978503 -1.91482
0.829132 -0.0990699 -1.91421
0.829769 -0.100289 -1.91358
0.830406 -0.101509 -1.91296
0.831044 -0.102728 -1.91233
0.831682 -0.103947 -1.91169
0.832319 -0.105166 -1.91106
0.832957 -0.106385 -1.91041
0.833595 -0.107604 -1.90977
0.834234 -0.108823 -1.90912
0.834872 -0.110041 -1.90847
0.835511 -0.11126 -1.90781
0.836149 -0.112478 -1.90715
0.836788 -0.113696 -1.90648
0.837427 -0.114914 -1.90581
0.838066 -0.116132 -1.90514
0.838706 -0.11735 -1.90447
0.839345 -0.118568 -1.90378
0.839985 -0.119785 -1.9031
0.840625 -0.121002 -1.90241
0.841265 -0.12222 -1.90172
0.841905 -0.123437 -1.90102
0.842545 -0.124654 -1.90032
0.843185 -0.125871 -1.89962
0.843826 -0.127088 -1.89891
0.844467 -0.128304 -1.8982
0.845108 -0.129521 -1.89748
0.845749 -0.130737 -1.89676
0.84639 -0.131953 -1.89604
0.847032 -0.133169 -1.89531
0.847674 -0.134385 -1.89458
0.848315 -0.135601 -1.89384
0.848957 -0.136817 -1.8931
0.8496 -0.138032 -1.89236
0.850242 -0.139248 -1.89161
0.850885 -0.140463 -1.89086
0.851527 -0.141678 -1.8901
0.85217 -0.142893 -1.88934
0.852813 -0.144108 -1.88858
0.853457 -0.145322 -1.88781
0.8541 -0.146537 -1.88704
0.854744 -0.147751 -1.88627
0.855388 -0.148965 -1.88549
0.856032 -0.150179 -1.8847
0.856676 -0.151393 -1.88391
0.85732 -0.152607 -1.88312
0.857965 -0.153821 -1.88233
0.85861 -0.155034 -1.88153
0.859255 -0.156247 -1.88073
0.8599 -0.15746 -1.87992
0.860545 -0.158673 -1.87911
0.861191 -0.159886 -1.87829
0.861836 -0.161099 -1.87747
0.862482 -0.162311 -1.87665
0.863128 -0.163524 -1.87582
0.863775 -0.164736 -1.87499
0.864421 -0.165948 -1.87416
0.865068 -0.16716 -1.87332
0.865715 -0.168371 -1.87247
0.866362 -0.169583 -1.87163
0.86701 -0.170794 -1.87078
0.867657 -0.172005 -1.86992
0.868305 -0.173216 -1.86906
0.868953 -0.174427 -1.8682
0.869601 -0.175638 -1.86733
0.870249 -0.176848 -1.86646
0.870898 -0.178058 -1.86559
0.871547 -0.179269 -1.86471
0.872196 -0.180479 -1.86382
0.872845 -0.181688 -1.86294
0.873495 -0.182898 -1.86205
0.874144 -0.184107 -1.86115
0.874794 -0.185317 -1.86025
0.875444 -0.186526 -1.85935
0.876094 -0.187734 -1.85844
0.876745 -0.188943 -1.85753
0.877396 -0.190152 -1.85662
0.878047 -0.19136 -1.8557
0.878698 -0.192568 -1.85477
0.879349 -0.193776 -1.85385
0.880001 -0.194984 -1.85291
0.880653 -0.196191 -1.85198
0.881305 -0.197399 -1.85104
0.881957 -0.198606 -1.8501
0.88261 -0.199813 -1.84915
0.883263 -0.20102 -1.8482
0.883916 -0.202226 -1.84724
0.884569 -0.203432 -1.84628
0.885222 -0.204639 -1.84532
0.885876 -0.205845 -1.84435
0.88653 -0.20705 -1.84338
0.887184 -0.208256 -1.8424
0.887839 -0.209461 -1.84142
0.888493 -0.210667 -1.84044
0.889148 -0.211872 -1.83945
0.889803 -0.213076 -1.83846
0.890459 -0.214281 -1.83746
0.891114 -0.215485 -1.83646
0.89177 -0.216689 -1.83546
0.892426 -0.217893 -1.83445
0.893083 -0.219097 -1.83344
0.893739 -0.220301 -1.83242
0.894396 -0.221504 -1.8314
0.895053 -0.222707 -1.83038
0.89571 -0.22391 -1.82935
0.896368 -0.225112 -1.82832
0.897026 -0.226315 -1.82728
0.897684 -0.227517 -1.82624
0.898342 -0.228719 -1.82519
0.899001 -0.229921 -1.82415
0.89966 -0.231122 -1.82309
0.900319 -0.232324 -1.82204
0.900978 -0.233525 -1.82097
0.901638 -0.234726 -1.81991
0.902298 -0.235926 -1.81884
0.902958 -0.237127 -1.81777
0.903619 -0.238327 -1.81669
0.904279 -0.239527 -1.81561
0.90494 -0.240726 -1.81452
0.905601 -0.241926 -1.81343
0.906263 -0.243125 -1.81234
0.906925 -0.244324 -1.81124
0.907587 -0.245523 -1.81014
0.908249 -0.246721 -1.80903
0.908912 -0.247919 -1.80792
0.909574 -0.249117 -1.8068
0.910238 -0.250315 -1.80569
0.910901 -0.251513 -1.80456
0.911565 -0.25271 -1.80344
0.912229 -0.253907 -1.8023
0.912893 -0.255104 -1.80117
0.913557 -0.2563 -1.80003
0.914222 -0.257497 -1.79889
0.914887 -0.258693 -1.79774
0.915553 -0.259888 -1.79659
0.916218 -0.261084 -1.79543
0.916884 -0.262279 -1.79427
0.91755 -0.263474 -1.79311
0.918217 -0.264669 -1.79194
0.918884 -0.265863 -1.79076
0.919551 -0.267057 -1.78959
0.920218 -0.268251 -1.78841
0.920886 -0.269445 -1.78722
0.921554 -0.270638 -1.78603
0.922222 -0.271831 -1.78484
0.92289 -0.273024 -1.78364
0.923559 -0.274217 -1.78244
0.924228 -0.275409 -1.78123
0.924898 -0.276601 -1.78002
0.925568 -0.277793 -1.77881
0.926238 -0.278984 -1.77759
0.926908 -0.280176 -1.77637
0.927579 -0.281366 -1.77514
0.92825 -0.282557 -1.77391
0.928921 -0.283747 -1.77267
0.929592 -0.284937 -1.77143
0.930264 -0.286127 -1.77019
0.930936 -0.287317 -1.76894
0.931609 -0.288506 -1.76769
0.932282 -0.289695 -1.76643
0.932955 -0.290883 -1.76517
0.933628 -0.292072 -1.76391
0.934302 -0.29326 -1.76264
0.934976 -0.294447 -1.76137
0.93565 -0.295635 -1.76009
0.936325 -0.296822 -1.75881
0.937 -0.298008 -1.75752
0.937675 -0.299195 -1.75623
0.938351 -0.300381 -1.75494
0.939027 -0.301567 -1.75364
0.939703 -0.302753 -1.75234
0.94038 -0.303938 -1.75103
0.941057 -0.305123 -1.74972
0.941734 -0.306307 -1.7484
0.942412 -0.307492 -1.74708
0.94309 -0.308676 -1.74576
0.943768 -0.309859 -1.74443
0.944447 -0.311042 -1.7431
0.945126 -0.312225 -1.74176
0.945805 -0.313408 -1.74042
0.946484 -0.314591 -1.73908
0.947164 -0.315773 -1.73773
0.947845 -0.316954 -1.73637
0.948525 -0.318136 -1.73502
0.949206 -0.319317 -1.73365
0.949888 -0.320497 -1.73229
0.950569 -0.321678 -1.73092
0.951251 -0.322858 -1.72954
0.951934 -0.324037 -1.72816
0.952616 -0.325217 -1.72678
0.953299 -0.326396 -1.72539
0.953983 -0.327574 -1.724
0.954666 -0.328752 -1.7226
0.95535 -0.32993 -1.7212
0.956035 -0.331108 -1.7198
0.95672 -0.332285 -1.71839
0.957405 -0.333462 -1.71697
0.95809 -0.334638 -1.71556
0.958776 -0.335815 -1.71413
0.959462 -0.33699 -1.71271
0.960149 -0.338166 -1.71128
0.960836 -0.339341 -1.70984
0.961523 -0.340516 -1.7084
0.962211 -0.34169 -1.70696
0.962899 -0.342864 -1.70551
0.963587 -0.344037 -1.70406
0.964276 -0.34521 -1.7026
0.964965 -0.346383 -1.70114
0.965655 -0.347556 -1.69967
0.966344 -0.348728 -1.69821
0.967035 -0.349899 -1.69673
0.967725 -0.351071 -1.69525
0.968416 -0.352242 -1.69377
0.969108 -0.353412 -1.69228
0.969799 -0.354582 -1.69079
0.970492 -0.355752 -1.6893
0.971184 -0.356921 -1.6878
0.971877 -0.35809 -1.68629
0.97257 -0.359259 -1.68478
0.973264 -0.360427 -1.68327
0.973958 -0.361594 -1.68175
0.974652 -0.362762 -1.68023
0.975347 -0.363928 -1.6787
0.976042 -0.365095 -1.67717
0.976738 -0.366261 -1.67564
0.977434 -0.367427 -1.6741
0.97813 -0.368592 -1.67255
0.978827 -0.369757 -1.67101
0.979524 -0.370921 -1.66945
0.980221 -0.372085 -1.6679
0.980919 -0.373248 -1.66633
0.981618 -0.374412 -1.66477
0.982316 -0.375574 -1.6632
0.983015 -0.376736 -1.66162
0.983715 -0.377898 -1.66004
0.984415 -0.37906 -1.65846
0.985115 -0.38022 -1.65687
0.985816 -0.381381 -1.65528
0.986517 -0.382541 -1.65368
0.987219 -0.383701 -1.65208
0.987921 -0.38486 -1.65048
0.988623 -0.386018 -1.64887
0.989326 -0.387177 -1.64725
0.990029 -0.388334 -1.64563
0.990733 -0.389492 -1.64401
0.991437 -0.390648 -1.64238
0.992141 -0.391805 -1.64075
0.992846 -0.392961 -1.63911
0.993551 -0.394116 -1.63747
0.994257 -0.395271 -1.63583
0.994963 -0.396425 -1.63418
0.995669 -0.397579 -1.63252
0.996376 -0.398733 -1.63086
0.997084 -0.399886 -1.6292
0.997791 -0.401039 -1.62753
0.9985 -0.402191 -1.62586
0.999208 -0.403342 -1.62418
0.999917 -0.404493 -1.6225
1.00063 -0.405644 -1.62082
1.00134 -0.406794 -1.61913
1.00205 -0.407943 -1.61743
1.00276 -0.409093 -1.61573
1.00347 -0.410241 -1.61403
1.00418 -0.411389 -1.61232
1.00489 -0.412537 -1.61061
1.00561 -0.413684 -1.60889
1.00632 -0.41483 -1.60717
1.00703 -0.415976 -1.60544
1.00775 -0.417122 -1.60371
1.00846 -0.418267 -1.60198
1.00917 -0.419411 -1.60024
1.00989 -0.420555 -1.5985
1.01061 -0.421698 -1.59675
1.01132 -0.422841 -1.59499
1.01204 -0.423983 -1.59324
1.01276 -0.425125 -1.59147
1.01347 -0.426266 -1.58971
1.01419 -0.427407 -1.58794
1.01491 -0.428547 -1.58616
1.01563 -0.429687 -1.58438
1.01635 -0.430825 -1.5826
1.01707 -0.431964 -1.58081
1.01779 -0.433102 -1.57901
1.01851 -0.434239 -1.57721
1.01923 -0.435376 -1.57541
1.01995 -0.436512 -1.5736
1.02067 -0.437647 -1.57179
1.0214 -0.438782 -1.56997
1.02212 -0.439917 -1.56815
1.02284 -0.441051 -1.56633
1.02357 -0.442184 -1.5645
1.02429 -0.443316 -1.56266
1.02501 -0.444448 -1.56082
1.02574 -0.44558 -1.55898
1.02647 -0.446711 -1.55713
1.02719 -0.447841 -1.55528
1.02792 -0.448971 -1.55342
1.02865 -0.4501 -1.55156
1.02937 -0.451228 -1.54969
1.0301 -0.452356 -1.54782
1.03083 -0.453483 -1.54594
1.03156 -0.454609 -1.54406
1.03229 -0.455735 -1.54218
1.03302 -0.456861 -1.54029
1.03375 -0.457985 -1.53839
1.03448 -0.459109 -1.53649
1.03521 -0.460233 -1.53459
1.03594 -0.461355 -1.53268
1.03668 -0.462477 -1.53077
1.03741 -0.463599 -1.52885
1.03814 -0.46472 -1.52693
1.03888 -0.46584 -1.525
1.03961 -0.466959 -1.52307
1.04035 -0.468078 -1.52113
1.04108 -0.469196 -1.51919
1.04182 -0.470313 -1.51725
1.04256 -0.47143 -1.5153
1.04329 -0.472546 -1.51334
1.04403 -0.473662 -1.51139
1.04477 -0.474776 -1.50942
1.04551 -0.47589 -1.50745
1.04625 -0.477004 -1.50548
1.04699 -0.478116 -1.5035
1.04773 -0.479228 -1.50152
1.04847 -0.480339 -1.49953
1.04921 -0.48145 -1.49754
1.04995 -0.48256 -1.49555
1.05069 -0.483669 -1.49355
1.05143 -0.484777 -1.49154
1.05218 -0.485885 -1.48953
1.05292 -0.486991 -1.48751
1.05366 -0.488098 -1.4855
1.05441 -0.489203 -1.48347
1.05515 -0.490308 -1.48144
1.0559 -0.491412 -1.47941
1.05665 -0.492515 -1.47737
1.05739 -0.493617 -1.47533
1.05814 -0.494719 -1.47328
1.05889 -0.49582 -1.47123
1.05964 -0.49692 -1.46917
1.06038 -0.498019 -1.46711
1.06113 -0.499118 -1.46504
1.06188 -0.500216 -1.46297
1.06263 -0.501313 -1.4609
1.06338 -0.502409 -1.45882
1.06414 -0.503504 -1.45673
1.06489 -0.504599 -1.45464
1.06564 -0.505693 -1.45255
1.06639 -0.506786 -1.45045
1.06715 -0.507878 -1.44835
1.0679 -0.50897 -1.44624
1.06866 -0.51006 -1.44412
1.06941 -0.51115 -1.44201
1.07017 -0.512239 -1.43988
1.07092 -0.513327 -1.43776
1.07168 -0.514414 -1.43562
1.07244 -0.515501 -1.43349
1.0732 -0.516586 -1.43135
1.07395 -0.517671 -1.4292
1.07471 -0.518755 -1.42705
1.07547 -0.519838 -1.42489
1.07623 -0.52092 -1.42273
1.07699 -0.522002 -1.42057
1.07775 -0.523082 -1.4184
1.07852 -0.524162 -1.41623
1.07928 -0.52524 -1.41405
1.08004 -0.526318 -1.41186
1.0808 -0.527395 -1.40968
1.08157 -0.528471 -1.40748
1.08233 -0.529546 -1.40528
1.0831 -0.53062 -1.40308
1.08386 -0.531694 -1.40087
1.08463 -0.532766 -1.39866
1.0854 -0.533838 -1.39645
1.08616 -0.534908 -1.39422
1.08693 -0.535978 -1.392
1.0877 -0.537046 -1.38977
1.08847 -0.538114 -1.38753
1.08924 -0.539181 -1.38529
1.09001 -0.540247 -1.38305
1.09078 -0.541312 -1.3808
1.09155 -0.542375 -1.37854
1.09232 -0.543438 -1.37628
1.09309 -0.5445 -1.37402
1.09387 -0.545561 -1.37175
1.09464 -0.546621 -1.36948
1.09541 -0.54768 -1.3672
1.09619 -0.548738 -1.36492
1.09696 -0.549795 -1.36263
1.09774 -0.550851 -1.36034
1.09851 -0.551907 -1.35804
1.09929 -0.552961 -1.35574
1.10007 -0.554014 -1.35343
1.10085 -0.555065 -1.35112
1.10163 -0.556116 -1.34881
1.1024 -0.557166 -1.34649
1.10318 -0.558215 -1.34416
1.10396 -0.559263 -1.34183
1.10475 -0.56031 -1.3395
1.10553 -0.561355 -1.33716
1.10631 -0.5624 -1.33481
1.10709 -0.563444 -1.33246
1.10787 -0.564486 -1.33011
1.10866 -0.565528 -1.32775
1.10944 -0.566568 -1.32539
1.11023 -0.567607 -1.32302
1.11101 -0.568645 -1.32065
1.1118 -0.569682 -1.31827
1.11258 -0.570718 -1.31589
1.11337 -0.571753 -1.3135
1.11416 -0.572787 -1.31111
1.11495 -0.573819 -1.30872
1.11574 -0.574851 -1.30631
1.11653 -0.575881 -1.30391
1.11732 -0.57691 -1.3015
1.11811 -0.577938 -1.29908
1.1189 -0.578965 -1.29667
1.11969 -0.57999 -1.29424
1.12048 -0.581015 -1.29181
1.12127 -0.582038 -1.28938
1.12207 -0.58306 -1.28694
1.12286 -0.584081 -1.2845
1.12366 -0.585101 -1.28205
1.12445 -0.58612 -1.2796
1.12525 -0.587137 -1.27714
1.12604 -0.588153 -1.27468
1.12684 -0.589168 -1.27221
1.12764 -0.590182 -1.26974
1.12844 -0.591194 -1.26727
1.12924 -0.592205 -1.26479
1.13003 -0.593215 -1.2623
1.13083 -0.594224 -1.25981
1.13163 -0.595231 -1.25732
1.13244 -0.596237 -1.25482
1.13324 -0.597242 -1.25232
1.13404 -0.598246 -1.24981
1.13484 -0.599248 -1.24729
1.13565 -0.600249 -1.24478
1.13645 -0.601249 -1.24225
1.13725 -0.602247 -1.23973
1.13806 -0.603244 -1.2372
1.13887 -0.60424 -1.23466
1.13967 -0.605235 -1.23212
1.14048 -0.606228 -1.22957
1.14129 -0.60722 -1.22702
1.14209 -0.60821 -1.22447
1.1429 -0.609199 -1.22191
1.14371 -0.610187 -1.21935
1.14452 -0.611173 -1.21678
1.14533 -0.612158 -1.21421
1.14614 -0.613142 -1.21163
1.14695 -0.614124 -1.20905
1.14777 -0.615105 -1.20646
1.14858 -0.616084 -1.20387
1.14939 -0.617062 -1.20127
1.15021 -0.618039 -1.19867
1.15102 -0.619014 -1.19607
1.15184 -0.619987 -1.19346
1.15265 -0.62096 -1.19084
1.15347 -0.62193 -1.18823
1.15428 -0.6229 -1.1856
1.1551 -0.623868 -1.18298
1.15592 -0.624834 -1.18034
1.15674 -0.625799 -1.17771
1.15756 -0.626763 -1.17507
1.15838 -0.627725 -1.17242
1.1592 -0.628685 -1.16977
1.16002 -0.629644 -1.16712
1.16084 -0.630601 -1.16446
1.16166 -0.631557 -1.16179
1.16248 -0.632512 -1.15912
1.16331 -0.633465 -1.15645
1.16413 -0.634416 -1.15378
1.16495 -0.635366 -1.15109
1.16578 -0.636314 -1.14841
1.1666 -0.63726 -1.14572
1.16743 -0.638206 -1.14302
1.16826 -0.639149 -1.14032
1.16908 -0.640091 -1.13762
1.16991 -0.641031 -1.13491
1.17074 -0.64197 -1.1322
1.17157 -0.642907 -1.12948
1.1724 -0.643842 -1.12676
1.17323 -0.644776 -1.12404
1.17406 -0.645708 -1.12131
1.17489 -0.646639 -1.11857
1.17572 -0.647568 -1.11584
1.17655 -0.648495 -1.11309
1.17738 -0.64942 -1.11035
1.17822 -0.650344 -1.10759
1.17905 -0.651266 -1.10484
1.17988 -0.652187 -1.10208
1.18072 -0.653106 -1.09931
1.18155 -0.654023 -1.09655
1.18239 -0.654938 -1.09377
1.18323 -0.655852 -1.091
1.18406 -0.656764 -1.08821
1.1849 -0.657674 -1.08543
1.18574 -0.658582 -1.08264
1.18658 -0.659489 -1.07984
1.18742 -0.660394 -1.07705
1.18825 -0.661297 -1.07424
1.18909 -0.662198 -1.07144
1.18994 -0.663098 -1.06863
1.19078 -0.663995 -1.06581
1.19162 -0.664891 -1.06299
1.19246 -0.665785 -1.06017
1.1933 -0.666678 -1.05734
1.19415 -0.667568 -1.05451
1.19499 -0.668457 -1.05168
1.19583 -0.669344 -1.04884
1.19668 -0.670228 -1.04599
1.19753 -0.671111 -1.04314
1.19837 -0.671993 -1.04029
1.19922 -0.672872 -1.03744
1.20006 -0.673749 -1.03458
1.20091 -0.674625 -1.03171
1.20176 -0.675498 -1.02884
1.20261 -0.67637 -1.02597
1.20346 -0.67724 -1.0231
1.20431 -0.678108 -1.02022
1.20516 -0.678974 -1.01733
1.20601 -0.679837 -1.01445
1.20686 -0.680699 -1.01155
1.20771 -0.681559 -1.00866
1.20856 -0.682417 -1.00576
1.20941 -0.683273 -1.00286
1.21027 -0.684128 -0.999949
1.21112 -0.68498 -0.997038
1.21197 -0.68583 -0.994123
1.21283 -0.686678 -0.991204
1.21368 -0.687524 -0.988282
1.21454 -0.688368 -0.985356
1.21539 -0.68921 -0.982426
1.21625 -0.69005 -0.979492
1.21711 -0.690887 -0.976555
1.21796 -0.691723 -0.973613
1.21882 -0.692557 -0.970668
1.21968 -0.693388 -0.96772
1.22054 -0.694218 -0.964768
1.2214 -0.695045 -0.961812
1.22226 -0.695871 -0.958852
1.22312 -0.696694 -0.955889
1.22398 -0.697515 -0.952922
1.22484 -0.698334 -0.949952
1.2257 -0.699151 -0.946978
1.22656 -0.699965 -0.944
1.22742 -0.700778 -0.941019
1.22828 -0.701588 -0.938034
1.22915 -0.702396 -0.935046
1.23001 -0.703202 -0.932055
1.23087 -0.704006 -0.92906
1.23174 -0.704808 -0.926061
1.2326 -0.705607 -0.923059
1.23347 -0.706404 -0.920054
1.23433 -0.707199 -0.917045
1.2352 -0.707992 -0.914033
1.23607 -0.708782 -0.911017
1.23693 -0.70957 -0.907999
1.2378 -0.710356 -0.904976
1.23867 -0.71114 -0.901951
1.23953 -0.711921 -0.898922
1.2404 -0.712701 -0.89589
1.24127 -0.713477 -0.892855
1.24214 -0.714252 -0.889816
1.24301 -0.715024 -0.886775
1.24388 -0.715794 -0.88373
1.24475 -0.716562 -0.880682
1.24562 -0.717327 -0.87763
1.24649 -0.71809 -0.874576
1.24736 -0.718851 -0.871519
1.24823 -0.719609 -0.868458
1.24911 -0.720365 -0.865395
1.24998 -0.721118 -0.862328
1.25085 -0.721869 -0.859258
1.25172 -0.722618 -0.856186
1.2526 -0.723365 -0.85311
1.25347 -0.724109 -0.850032
1.25434 -0.72485 -0.84695
1.25522 -0.725589 -0.843866
1.25609 -0.726326 -0.840778
1.25697 -0.72706 -0.837688
1.25784 -0.727792 -0.834595
1.25872 -0.728522 -0.831499
1.25959 -0.729249 -0.8284
1.26047 -0.729973 -0.825299
1.26135 -0.730695 -0.822195
1.26222 -0.731415 -0.819088
1.2631 -0.732132 -0.815978
1.26398 -0.732846 -0.812865
1.26486 -0.733558 -0.80975
1.26573 -0.734268 -0.806633
1.26661 -0.734975 -0.803512
1.26749 -0.73568 -0.800389
1.26837 -0.736382 -0.797264
1.26925 -0.737081 -0.794136
1.27013 -0.737778 -0.791005
1.27101 -0.738473 -0.787872
1.27189 -0.739164 -0.784736
1.27277 -0.739854 -0.781598
1.27365 -0.740541 -0.778457
1.27453 -0.741225 -0.775314
1.27541 -0.741906 -0.772169
1.27629 -0.742585 -0.769021
1.27717 -0.743262 -0.765871
1.27805 -0.743936 -0.762718
1.27894 -0.744607 -0.759564
1.27982 -0.745275 -0.756407
1.2807 -0.745941 -0.753247
1.28158 -0.746605 -0.750086
1.28247 -0.747265 -0.746922
1.28335 -0.747923 -0.743756
1.28423 -0.748579 -0.740588
1.28512 -0.749232 -0.737418
1.286 -0.749882 -0.734245
1.28688 -0.750529 -0.731071
1.28777 -0.751174 -0.727894
1.28865 -0.751816 -0.724716
1.28953 -0.752456 -0.721535
1.29042 -0.753092 -0.718353
1.2913 -0.753727 -0.715168
1.29219 -0.754358 -0.711982
1.29307 -0.754987 -0.708793
1.29396 -0.755613 -0.705603
1.29484 -0.756236 -0.702411
1.29573 -0.756856 -0.699217
1.29662 -0.757474 -0.696021
1.2975 -0.758089 -0.692824
1.29839 -0.758701 -0.689624
1.29927 -0.759311 -0.686423
1.30016 -0.759918 -0.68322
1.30105 -0.760522 -0.680016
1.30193 -0.761123 -0.676809
1.30282 -0.761722 -0.673602
1.3037 -0.762318 -0.670392
1.30459 -0.762911 -0.667181
1.30548 -0.763501 -0.663968
1.30637 -0.764088 -0.660754
1.30725 -0.764673 -0.657538
1.30814 -0.765255 -0.654321
1.30903 -0.765834 -0.651102
1.30991 -0.76641 -0.647882
1.3108 -0.766984 -0.644661
1.31169 -0.767555 -0.641438
1.31258 -0.768123 -0.638213
1.31346 -0.768688 -0.634988
1.31435 -0.76925 -0.631761
1.31524 -0.769809 -0.628532
1.31613 -0.770366 -0.625303
1.31702 -0.77092 -0.622072
1.3179 -0.77147 -0.61884
1.31879 -0.772019 -0.615606
1.31968 -0.772564 -0.612372
1.32057 -0.773106 -0.609136
1.32146 -0.773646 -0.6059
1.32234 -0.774182 -0.602662
1.32323 -0.774716 -0.599423
1.32412 -0.775247 -0.596183
1.32501 -0.775775 -0.592942
1.3259 -0.7763 -0.5897
1.32678 -0.776823 -0.586456
1.32767 -0.777342 -0.583212
1.32856 -0.777859 -0.579968
1.32945 -0.778373 -0.576722
1.33034 -0.778883 -0.573475
1.33123 -0.779391 -0.570227
1.33211 -0.779896 -0.566979
1.333 -0.780398 -0.56373
1.33389 -0.780898 -0.560479
1.33478 -0.781394 -0.557229
1.33567 -0.781888 -0.553977
1.33655 -0.782378 -0.550725
1.33744 -0.782866 -0.547472
1.33833 -0.78335 -0.544218
1.33922 -0.783832 -0.540964
1.34011 -0.784311 -0.537709
1.34099 -0.784787 -0.534453
1.34188 -0.78526 -0.531197
1.34277 -0.78573 -0.52794
1.34366 -0.786198 -0.524683
1.34455 -0.786662 -0.521425
1.34543 -0.787123 -0.518167
1.34632 -0.787582 -0.514908
1.34721 -0.788037 -0.511649
1.3481 -0.78849 -0.508389
1.34898 -0.78894 -0.505129
1.34987 -0.789386 -0.501869
1.35076 -0.78983 -0.498608
1.35164 -0.790271 -0.495347
1.35253 -0.790709 -0.492085
1.35342 -0.791144 -0.488823
1.35431 -0.791576 -0.485561
1.35519 -0.792005 -0.482299
1.35608 -0.792431 -0.479037
1.35697 -0.792855 -0.475774
1.35785 -0.793275 -0.472511
1.35874 -0.793692 -0.469248
1.35962 -0.794107 -0.465985
1.36051 -0.794518 -0.462721
1.3614 -0.794927 -0.459458
1.36228 -0.795332 -0.456194
1.36317 -0.795735 -0.452931
1.36405 -0.796134 -0.449667
1.36494 -0.796531 -0.446403
1.36582 -0.796925 -0.443139
1.36671 -0.797316 -0.439876
1.36759 -0.797703 -0.436612
1.36848 -0.798088 -0.433349
1.36936 -0.79847 -0.430085
1.37025 -0.798849 -0.426822
1.37113 -0.799225 -0.423558
1.37202 -0.799598 -0.420295
1.3729 -0.799969 -0.417032
1.37378 -0.800336 -0.413769
1.37467 -0.8007 -0.410507
1.37555 -0.801061 -0.407244
1.37644 -0.80142 -0.403982
1.37732 -0.801775 -0.40072
1.3782 -0.802128 -0.397458
1.37909 -0.802477 -0.394197
1.37997 -0.802824 -0.390936
1.38085 -0.803167 -0.387675
1.38173 -0.803508 -0.384414
1.38262 -0.803846 -0.381154
1.3835 -0.80418 -0.377895
1.38438 -0.804512 -0.374635
1.38526 -0.804841 -0.371376
1.38614 -0.805167 -0.368118
1.38702 -0.80549 -0.36486
1.3879 -0.80581 -0.361602
1.38879 -0.806127 -0.358345
1.38967 -0.806441 -0.355088
1.39055 -0.806752 -0.351832
1.39143 -0.807061 -0.348577
1.39231 -0.807366 -0.345322
1.39319 -0.807668 -0.342067
1.39407 -0.807968 -0.338813
1.39495 -0.808264 -0.33556
1.39583 -0.808558 -0.332307
1.3967 -0.808849 -0.329055
1.39758 -0.809137 -0.325804
1.39846 -0.809421 -0.322553
1.39934 -0.809703 -0.319303
1.40022 -0.809982 -0.316053
1.4011 -0.810258 -0.312804
1.40197 -0.810531 -0.309556
1.40285 -0.810802 -0.306309
1.40373 -0.811069 -0.303062
1.40461 -0.811333 -0.299816
1.40548 -0.811595 -0.296571
1.40636 -0.811853 -0.293327
1.40724 -0.812109 -0.290084
1.40811 -0.812362 -0.286841
1.40899 -0.812611 -0.283599
1.40986 -0.812858 -0.280358
1.41074 -0.813102 -0.277118
1.41161 -0.813343 -0.273879
1.41249 -0.813582 -0.27064
1.41336 -0.813817 -0.267403
1.41424 -0.814049 -0.264166
1.41511 -0.814279 -0.260931
1.41599 -0.814506 -0.257696
1.41686 -0.814729 -0.254462
1.41773 -0.81495 -0.251229
1.41861 -0.815168 -0.247997
1.41948 -0.815383 -0.244766
1.42035 -0.815595 -0.241536
1.42122 -0.815805 -0.238308
1.4221 -0.816011 -0.23508
1.42297 -0.816215 -0.231853
1.42384 -0.816415 -0.228627
1.42471 -0.816613 -0.225402
1.42558 -0.816808 -0.222179
1.42645 -0.817 -0.218956
1.42732 -0.817189 -0.215734
1.42819 -0.817376 -0.212514
1.42906 -0.817559 -0.209295
1.42993 -0.81774 -0.206077
1.4308 -0.817918 -0.202859
1.43167 -0.818093 -0.199644
1.43254 -0.818265 -0.196429
1.43341 -0.818434 -0.193215
1.43428 -0.818601 -0.190003
1.43515 -0.818764 -0.186792
1.43602 -0.818925 -0.183581
1.43688 -0.819083 -0.180373
1.43775 -0.819238 -0.177165
1.43862 -0.81939 -0.173959
1.43949 -0.81954 -0.170753
1.44035 -0.819686 -0.167549
1.44122 -0.81983 -0.164347
1.44209 -0.819971 -0.161145
1.44295 -0.820109 -0.157945
1.44382 -0.820244 -0.154746
1.44468 -0.820377 -0.151549
1.44555 -0.820507 -0.148352
1.44641 -0.820634 -0.145157
1.44728 -0.820758 -0.141964
1.44814 -0.820879 -0.138771
1.449 -0.820998 -0.13558
1.44987 -0.821113 -0.132391
1.45073 -0.821226 -0.129202
1.4516 -0.821336 -0.126015
1.45246 -0.821444 -0.12283
1.45332 -0.821548 -0.119646
1.45418 -0.82165 -0.116463
1.45505 -0.821749 -0.113281
1.45591 -0.821845 -0.110101
1.45677 -0.821939 -0.106922
1.45763 -0.82203 -0.103745
1.45849 -0.822118 -0.100569
1.45935 -0.822203 -0.097395
1.46021 -0.822285 -0.0942221
1.46107 -0.822365 -0.0910506
1.46193 -0.822442 -0.0878805
1.46279 -0.822516 -0.0847119
1.46365 -0.822587 -0.0815447
1.46451 -0.822656 -0.0783791
1.46537 -0.822722 -0.0752149
1.46623 -0.822785 -0.0720522
1.46709 -0.822846 -0.068891
1.46794 -0.822904 -0.0657313
1.4688 -0.822959 -0.0625731
1.46966 -0.823011 -0.0594164
1.47052 -0.823061 -0.0562612
1.47137 -0.823107 -0.0531076
1.47223 -0.823152 -0.0499554
1.47309 -0.823193 -0.0468049
1.47394 -0.823232 -0.0436558
1.4748 -0.823268 -0.0405084
1.47566 -0.823301 -0.0373625
1.47651 -0.823332 -0.0342181
1.47737 -0.82336 -0.0310753
1.47822 -0.823385 -0.0279341
1.47908 -0.823407 -0.0247945
1.47993 -0.823427 -0.0216565
1.48078 -0.823444 -0.0185201
1.48164 -0.823459 -0.0153852
1.48249 -0.823471 -0.012252
1.48334 -0.82348 -0.0091204
1.4842 -0.823486 -0.00599041
1.48505 -0.82349 -0.00286204
1.4859 -0.823491 0.000264697
1.48675 -0.823489 0.0033898
1.48761 -0.823485 0.00651326
1.48846 -0.823478 0.00963507
1.48931 -0.823469 0.0127552
1.49016 -0.823457 0.0158737
1.49101 -0.823442 0.0189906
1.49186 -0.823424 0.0221057
1.49271 -0.823404 0.0252192
1.49356 -0.823381 0.0283311
1.49441 -0.823356 0.0314412
1.49526 -0.823328 0.0345496
1.49611 -0.823297 0.0376564
1.49696 -0.823264 0.0407614
1.49781 -0.823228 0.0438648
1.49866 -0.82319 0.0469664
1.49951 -0.823148 0.0500663
1.50035 -0.823105 0.0531645
1.5012 -0.823058 0.056261
1.50205 -0.823009 0.0593557
1.5029 -0.822958 0.0624487
1.50374 -0.822904 0.06554
1.50459 -0.822847 0.0686295
1.50544 -0.822787 0.0717173
1.50628 -0.822725 0.0748033
1.50713 -0.822661 0.0778875
1.50797 -0.822594 0.08097
1.50882 -0.822524 0.0840507
1.50967 -0.822451 0.0871297
1.51051 -0.822377 0.0902068
1.51135 -0.822299 0.0932822
1.5122 -0.822219 0.0963558
1.51304 -0.822136 0.0994276
1.51389 -0.822051 0.102498
1.51473 -0.821963 0.105566
1.51557 -0.821873 0.108632
1.51642 -0.82178 0.111697
1.51726 -0.821685 0.114759
1.5181 -0.821587 0.11782
1.51895 -0.821486 0.120879
1.51979 -0.821383 0.123937
1.52063 -0.821277 0.126992
1.52147 -0.821169 0.130046
1.52231 -0.821059 0.133097
1.52315 -0.820945 0.136147
1.524 -0.820829 0.139195
1.52484 -0.820711 0.142242
1.52568 -0.82059 0.145286
1.52652 -0.820467 0.148328
1.52736 -0.820341 0.151369
1.5282 -0.820213 0.154408
1.52904 -0.820082 0.157444
1.52988 -0.819948 0.160479
1.53071 -0.819812 0.163512
1.53155 -0.819674 0.166543
1.53239 -0.819533 0.169573
1.53323 -0.81939 0.1726
1.53407 -0.819244 0.175625
1.53491 -0.819095 0.178649
1.53574 -0.818944 0.18167
1.53658 -0.818791 0.18469
1.53742 -0.818635 0.187708
1.53826 -0.818477 0.190724
1.53909 -0.818316 0.193737
1.53993 -0.818153 0.196749
1.54076 -0.817987 0.199759
1.5416 -0.817819 0.202767
1.54244 -0.817648 0.205773
1.54327 -0.817475 0.208777
1.54411 -0.817299 0.211779
1.54494 -0.817121 0.21478
1.54578 -0.81694 0.217778
1.54661 -0.816757 0.220774
1.54745 -0.816572 0.223768
1.54828 -0.816384 0.22676
1.54911 -0.816194 0.229751
1.54995 -0.816001 0.232739
1.55078 -0.815806 0.235725
1.55161 -0.815608 0.238709
1.55245 -0.815408 0.241691
1.55328 -0.815206 0.244671
1.55411 -0.815001 0.24765
1.55494 -0.814793 0.250626
1.55578 -0.814584 0.2536
1.55661 -0.814371 0.256572
1.55744 -0.814157 0.259542
1.55827 -0.81394 0.26251
1.5591 -0.81372 0.265476
1.55993 -0.813499 0.268439
1.56076 -0.813274 0.271401
1.56159 -0.813048 0.274361
1.56242 -0.812819 0.277318
1.56325 -0.812587 0.280274
1.56408 -0.812354 0.283227
1.56491 -0.812117 0.286179
1.56574 -0.811879 0.289128
1.56657 -0.811638 0.292075
1.5674 -0.811395 0.29502
1.56823 -0.811149 0.297963
1.56906 -0.810901 0.300904
1.56989 -0.810651 0.303843
1.57071 -0.810398 0.306779
1.57154 -0.810143 0.309714
1.57237 -0.809885 0.312646
1.5732 -0.809625 0.315576
1.57402 -0.809363 0.318505
1.57485 -0.809099 0.32143
1.57568 -0.808832 0.324354
1.5765 -0.808562 0.327276
1.57733 -0.808291 0.330195
1.57815 -0.808017 0.333112
1.57898 -0.807741 0.336028
1.57981 -0.807462 0.33894
1.58063 -0.807181 0.341851
1.58146 -0.806898 0.34476
1.58228 -0.806612 0.347666
1.58311 -0.806325 0.35057
1.58393 -0.806034 0.353472
1.58475 -0.805742 0.356372
1.58558 -0.805447 0.359269
1.5864 -0.80515 0.362164
1.58723 -0.80485 0.365057
1.58805 -0.804549 0.367948
1.58887 -0.804245 0.370837
1.58969 -0.803938 0.373723
1.59052 -0.80363 0.376607
1.59134 -0.803319 0.379489
1.59216 -0.803006 0.382369
1.59298 -0.80269 0.385246
1.5938 -0.802373 0.388121
1.59463 -0.802053 0.390994
1.59545 -0.80173 0.393864
1.59627 -0.801406 0.396732
1.59709 -0.801079 0.399598
1.59791 -0.80075 0.402461
1.59873 -0.800419 0.405323
1.59955 -0.800085 0.408182
1.60037 -0.799749 0.411038
1.60119 -0.799411 0.413893
1.60201 -0.799071 0.416744
1.60283 -0.798728 0.419594
1.60365 -0.798383 0.422441
1.60447 -0.798036 0.425286
1.60529 -0.797687 0.428129
1.6061 -0.797335 0.430969
1.60692 -0.796982 0.433807
1.60774 -0.796626 0.436642
1.60856 -0.796268 0.439476
1.60937 -0.795907 0.442306
1.61019 -0.795545 0.445135
1.61101 -0.79518 0.44796
1.61183 -0.794813 0.450784
1.61264 -0.794443 0.453605
1.61346 -0.794072 0.456424
1.61427 -0.793698 0.45924
1.61509 -0.793323 0.462054
1.61591 -0.792945 0.464866
1.61672 -0.792564 0.467675
1.61754 -0.792182 0.470481
1.61835 -0.791797 0.473285
1.61917 -0.791411 0.476087
1.61998 -0.791022 0.478886
1.6208 -0.790631 0.481683
1.62161 -0.790237 0.484477
1.62242 -0.789842 0.487269
1.62324 -0.789444 0.490058
1.62405 -0.789045 0.492845
1.62486 -0.788643 0.49563
1.62568 -0.788239 0.498411
1.62649 -0.787832 0.501191
1.6273 -0.787424 0.503968
1.62811 -0.787014 0.506742
1.62893 -0.786601 0.509514
1.62974 -0.786186 0.512283
1.63055 -0.785769 0.51505
1.63136 -0.78535 0.517814
1.63217 -0.784929 0.520575
1.63298 -0.784506 0.523334
1.63379 -0.784081 0.526091
1.6346 -0.783653 0.528845
1.63541 -0.783224 0.531596
1.63622 -0.782792 0.534345
1.63703 -0.782358 0.537091
1.63784 -0.781922 0.539835
1.63865 -0.781484 0.542576
1.63946 -0.781044 0.545314
1.64027 -0.780602 0.54805
1.64108 -0.780158 0.550783
1.64189 -0.779712 0.553514
1.64269 -0.779263 0.556242
1.6435 -0.778813 0.558967
1.64431 -0.77836 0.56169
1.64512 -0.777906 0.56441
1.64592 -0.777449 0.567127
1.64673 -0.77699 0.569842
1.64754 -0.77653 0.572554
1.64834 -0.776067 0.575263
1.64915 -0.775602 0.57797
1.64996 -0.775135 0.580674
1.65076 -0.774666 0.583375
1.65157 -0.774195 0.586074
1.65237 -0.773722 0.58877
1.65318 -0.773247 0.591463
1.65398 -0.77277 0.594153
1.65479 -0.772291 0.596841
1.65559 -0.77181 0.599526
1.6564 -0.771327 0.602208
1.6572 -0.770842 0.604888
1.658 -0.770355 0.607565
1.65881 -0.769865 0.610239
1.65961 -0.769374 0.61291
1.66041 -0.768881 0.615579
1.66121 -0.768386 0.618244
1.66202 -0.767889 0.620907
1.66282 -0.76739 0.623568
1.66362 -0.766889 0.626225
1.66442 -0.766386 0.62888
1.66522 -0.765881 0.631532
1.66602 -0.765374 0.634181
1.66683 -0.764865 0.636827
1.66763 -0.764354 0.63947
1.66843 -0.763841 0.642111
1.66923 -0.763326 0.644749
1.67003 -0.762809 0.647383
1.67083 -0.762291 0.650016
1.67163 -0.76177 0.652645
1.67242 -0.761247 0.655271
1.67322 -0.760723 0.657895
1.67402 -0.760197 0.660515
1.67482 -0.759668 0.663133
1.67562 -0.759138 0.665748
1.67642 -0.758606 0.66836
1.67721 -0.758071 0.670969
1.67801 -0.757535 0.673575
1.67881 -0.756997 0.676179
1.67961 -0.756458 0.678779
1.6804 -0.755916 0.681377
1.6812 -0.755372 0.683971
1.68199 -0.754827 0.686563
1.68279 -0.754279 0.689152
1.68359 -0.75373 0.691737
1.68438 -0.753179 0.69432
1.68518 -0.752626 0.6969
1.68597 -0.752071 0.699477
1.68677 -0.751514 0.702051
1.68756 -0.750955 0.704622
1.68835 -0.750395 0.70719
1.68915 -0.749833 0.709755
1.68994 -0.749268 0.712317
1.69073 -0.748702 0.714876
1.69153 -0.748134 0.717432
1.69232 -0.747565 0.719986
1.69311 -0.746993 0.722536
1.6939 -0.74642 0.725083
1.6947 -0.745844 0.727627
1.69549 -0.745267 0.730168
1.69628 -0.744688 0.732706
1.69707 -0.744108 0.735241
1.69786 -0.743525 0.737773
1.69865 -0.742941 0.740302
1.69944 -0.742355 0.742827
1.70023 -0.741767 0.74535
1.70102 -0.741177 0.74787
1.70181 -0.740586 0.750387
1.7026 -0.739993 0.7529
1.70339 -0.739397 0.755411
1.70418 -0.738801 0.757918
1.70497 -0.738202 0.760422
1.70576 -0.737602 0.762924
1.70654 -0.737 0.765422
1.70733 -0.736396 0.767917
1.70812 -0.73579 0.770409
1.70891 -0.735183 0.772898
1.70969 -0.734573 0.775383
1.71048 -0.733963 0.777866
1.71127 -0.73335 0.780345
1.71205 -0.732736 0.782822
1.71284 -0.732119 0.785295
1.71362 -0.731502 0.787765
1.71441 -0.730882 0.790232
1.71519 -0.730261 0.792695
1.71598 -0.729638 0.795156
1.71676 -0.729013 0.797613
1.71755 -0.728387 0.800067
1.71833 -0.727759 0.802518
1.71911 -0.727129 0.804966
1.7199 -0.726497 0.807411
1.72068 -0.725864 0.809852
1.72146 -0.725229 0.81229
1.72225 -0.724593 0.814725
1.72303 -0.723955 0.817157
1.72381 -0.723315 0.819586
1.72459 -0.722673 0.822011
1.72537 -0.72203 0.824433
1.72615 -0.721385 0.826852
1.72693 -0.720738 0.829268
1.72772 -0.72009 0.83168
1.7285 -0.71944 0.83409
1.72928 -0.718789 0.836496
1.73006 -0.718136 0.838898
1.73083 -0.717481 0.841298
1.73161 -0.716825 0.843694
1.73239 -0.716167 0.846087
1.73317 -0.715507 0.848477
1.73395 -0.714846 0.850863
1.73473 -0.714183 0.853246
1.7355 -0.713518 0.855626
1.73628 -0.712852 0.858002
1.73706 -0.712185 0.860376
1.73784 -0.711515 0.862746
1.73861 -0.710844 0.865112
1.73939 -0.710172 0.867476
1.74016 -0.709498 0.869836
1.74094 -0.708822 0.872192
1.74172 -0.708145 0.874546
1.74249 -0.707466 0.876896
1.74327 -0.706786 0.879243
1.74404 -0.706104 0.881586
1.74481 -0.705421 0.883926
1.74559 -0.704736 0.886263
1.74636 -0.704049 0.888596
1.74714 -0.703361 0.890926
1.74791 -0.702671 0.893253
1.74868 -0.70198 0.895576
1.74945 -0.701287 0.897896
1.75023 -0.700593 0.900213
1.751 -0.699897 0.902526
1.75177 -0.6992 0.904836
1.75254 -0.698501 0.907142
1.75331 -0.697801 0.909445
1.75408 -0.697099 0.911745
1.75485 -0.696396 0.914041
1.75562 -0.695691 0.916334
1.75639 -0.694984 0.918623
1.75716 -0.694277 0.920909
1.75793 -0.693567 0.923192
1.7587 -0.692856 0.925471
1.75947 -0.692144 0.927747
1.76024 -0.69143 0.93002
1.76101 -0.690715 0.932289
1.76177 -0.689998 0.934554
1.76254 -0.68928 0.936816
1.76331 -0.688561 0.939075
1.76408 -0.68784 0.94133
1.76484 -0.687117 0.943582
1.76561 -0.686393 0.945831
1.76638 -0.685668 0.948076
1.76714 -0.684941 0.950317
1.76791 -0.684213 0.952555
1.76867 -0.683483 0.95479
1.76944 -0.682752 0.957021
1.7702 -0.682019 0.959248
1.77096 -0.681285 0.961473
1.77173 -0.68055 0.963693
1.77249 -0.679813 0.965911
1.77326 -0.679075 0.968124
1.77402 -0.678335 0.970335
1.77478 -0.677595 0.972541
1.77554 -0.676852 0.974745
1.77631 -0.676108 0.976945
1.77707 -0.675363 0.979141
1.77783 -0.674617 0.981334
1.77859 -0.673869 0.983523
1.77935 -0.67312 0.985709
1.78011 -0.672369 0.987891
1.78087 -0.671617 0.99007
1.78163 -0.670864 0.992245
1.78239 -0.670109 0.994417
1.78315 -0.669353 0.996585
1.78391 -0.668596 0.99875
1.78467 -0.667837 1.00091
1.78543 -0.667077 1.00307
1.78619 -0.666315 1.00522
1.78694 -0.665553 1.00737
1.7877 -0.664789 1.00952
1.78846 -0.664023 1.01166
1.78922 -0.663257 1.0138
1.78997 -0.662489 1.01594
1.79073 -0.661719 1.01807
1.79149 -0.660949 1.0202
1.79224 -0.660177 1.02233
1.793 -0.659404 1.02445
1.79375 -0.658629 1.02657
1.79451 -0.657853 1.02868
1.79526 -0.657076 1.0308
1.79602 -0.656298 1.0329
1.79677 -0.655518 1.03501
1.79752 -0.654737 1.03711
1.79828 -0.653955 1.03921
1.79903 -0.653172 1.0413
1.79978 -0.652387 1.04339
1.80054 -0.651601 1.04548
1.80129 -0.650814 1.04756
1.80204 -0.650026 1.04964
1.80279 -0.649236 1.05171
1.80354 -0.648445 1.05379
1.80429 -0.647653 1.05586
1.80505 -0.646859 1.05792
1.8058 -0.646065 1.05998
1.80655 -0.645269 1.06204
1.8073 -0.644472 1.06409
1.80804 -0.643674 1.06614
1.80879 -0.642874 1.06819
1.80954 -0.642073 1.07023
1.81029 -0.641271 1.07227
1.81104 -0.640468 1.07431
1.81179 -0.639664 1.07634
1.81254 -0.638859 1.07837
1.81328 -0.638052 1.0804
1.81403 -0.637244 1.08242
1.81478 -0.636435 1.08444
1.81552 -0.635625 1.08645
1.81627 -0.634813 1.08846
1.81701 -0.634001 1.09047
1.81776 -0.633187 1.09247
1.81851 -0.632372 1.09447
1.81925 -0.631556 1.09647
1.82 -0.630739 1.09846
1.82074 -0.629921 1.10045
1.82148 -0.629101 1.10244
1.82223 -0.62828 1.10442
1.82297 -0.627459 1.1064
1.82371 -0.626636 1.10837
1.82446 -0.625812 1.11034
1.8252 -0.624987 1.11231
1.82594 -0.62416 1.11427
1.82668 -0.623333 1.11623
1.82742 -0.622504 1.11819
1.82817 -0.621675 1.12014
1.82891 -0.620844 1.12209
1.82965 -0.620012 1.12403
1.83039 -0.619179 1.12598
1.83113 -0.618345 1.12791
1.83187 -0.61751 1.12985
1.83261 -0.616674 1.13178
1.83335 -0.615836 1.1337
1.83409 -0.614998 1.13563
1.83482 -0.614158 1.13755
1.83556 -0.613318 1.13946
1.8363 -0.612476 1.14138
1.83704 -0.611634 1.14328
1.83778 -0.61079 1.14519
1.83851 -0.609945 1.14709
1.83925 -0.609099 1.14899
1.83999 -0.608252 1.15088
1.84072 -0.607404 1.15277
1.84146 -0.606555 1.15466
1.84219 -0.605705 1.15654
1.84293 -0.604854 1.15842
1.84366 -0.604002 1.1603
1.8444 -0.603149 1.16217
1.84513 -0.602295 1.16404
1.84587 -0.601439 1.1659
1.8466 -0.600583 1.16776
1.84733 -0.599726 1.16962
1.84807 -0.598868 1.17147
1.8488 -0.598008 1.17332
1.84953 -0.597148 1.17517
1.85027 -0.596287 1.17701
1.851 -0.595425 1.17885
1.85173 -0.594561 1.18068
1.85246 -0.593697 1.18251
1.85319 -0.592832 1.18434
1.85392 -0.591966 1.18616
1.85465 -0.591098 1.18798
1.85538 -0.59023 1.1898
1.85611 -0.589361 1.19161
1.85684 -0.588491 1.19342
1.85757 -0.58762 1.19523
1.8583 -0.586748 1.19703
1.85903 -0.585875 1.19883
1.85976 -0.585001 1.20062
1.86049 -0.584126 1.20241
1.86121 -0.58325 1.2042
1.86194 -0.582373 1.20598
1.86267 -0.581495 1.20776
1.8634 -0.580617 1.20954
1.86412 -0.579737 1.21131
1.86485 -0.578857 1.21308
1.86558 -0.577975 1.21484
1.8663 -0.577093 1.2166
1.86703 -0.576209 1.21836
1.86775 -0.575325 1.22011
1.86848 -0.57444 1.22186
1.8692 -0.573554 1.22361
1.86993 -0.572667 1.22535
1.87065 -0.571779 1.22709
1.87137 -0.57089 1.22882
1.8721 -0.57 1.23056
1.87282 -0.56911 1.23228
1.87354 -0.568218 1.23401
1.87427 -0.567326 1.23573
1.87499 -0.566432 1.23744
1.87571 -0.565538 1.23916
1.87643 -0.564643 1.24086
1.87715 -0.563747 1.24257
1.87788 -0.56285 1.24427
1.8786 -0.561953 1.24597
1.87932 -0.561054 1.24766
1.88004 -0.560155 1.24935
1.88076 -0.559255 1.25104
1.88148 -0.558353 1.25272
1.8822 -0.557451 1.2544
1.88292 -0.556549 1.25608
1.88364 -0.555645 1.25775
1.88435 -0.55474 1.25942
1.88507 -0.553835 1.26108
1.88579 -0.552929 1.26274
1.88651 -0.552022 1.2644
1.88723 -0.551114 1.26605
1.88794 -0.550205 1.2677
1.88866 -0.549296 1.26935
1.88938 -0.548385 1.27099
1.89009 -0.547474 1.27263
1.89081 -0.546562 1.27426
1.89153 -0.54565 1.27589
1.89224 -0.544736 1.27752
1.89296 -0.543822 1.27914
1.89367 -0.542906 1.28076
1.89439 -0.54199 1.28238
1.8951 -0.541073 1.28399
1.89582 -0.540156 1.2856
1.89653 -0.539237 1.2872
1.89724 -0.538318 1.2888
1.89796 -0.537398 1.2904
1.89867 -0.536478 1.29199
1.89938 -0.535556 1.29358
1.90009 -0.534634 1.29517
1.90081 -0.533711 1.29675
1.90152 -0.532787 1.29833
1.90223 -0.531862 1.29991
1.90294 -0.530937 1.30148
1.90365 -0.530011 1.30305
1.90436 -0.529084 1.30461
1.90507 -0.528156 1.30617
1.90579 -0.527228 1.30773
1.9065 -0.526298 1.30928
1.90721 -0.525368 1.31083
1.90791 -0.524438 1.31237
1.90862 -0.523506 1.31391
1.90933 -0.522574 1.31545
1.91004 -0.521641 1.31699
1.91075 -0.520708 1.31852
1.91146 -0.519773 1.32004
1.91217 -0.518838 1.32157
1.91287 -0.517902 1.32309
1.91358 -0.516966 1.3246
1.91429 -0.516029 1.32611
1.915 -0.515091 1.32762
1.9157 -0.514152 1.32913
1.91641 -0.513213 1.33063
1.91711 -0.512273 1.33212
1.91782 -0.511332 1.33362
1.91853 -0.51039 1.33511
1.91923 -0.509448 1.33659
1.91994 -0.508505 1.33807
1.92064 -0.507562 1.33955
1.92135 -0.506617 1.34103
1.92205 -0.505672 1.3425
1.92275 -0.504727 1.34397
1.92346 -0.50378 1.34543
1.92416 -0.502833 1.34689
1.92486 -0.501886 1.34834
1.92557 -0.500937 1.3498
1.92627 -0.499988 1.35125
1.92697 -0.499038 1.35269
1.92768 -0.498088 1.35413
1.92838 -0.497137 1.35557
1.92908 -0.496185 1.357
1.92978 -0.495233 1.35843
1.93048 -0.49428 1.35986
1.93118 -0.493326 1.36128
1.93188 -0.492372 1.3627
1.93258 -0.491417 1.36412
1.93328 -0.490461 1.36553
1.93398 -0.489505 1.36694
1.93468 -0.488548 1.36834
1.93538 -0.48759 1.36974
1.93608 -0.486632 1.37114
1.93678 -0.485673 1.37253
1.93748 -0.484714 1.37392
1.93818 -0.483754 1.37531
1.93888 -0.482793 1.37669
1.93957 -0.481832 1.37807
1.94027 -0.48087 1.37944
1.94097 -0.479907 1.38081
1.94167 -0.478944 1.38218
1.94236 -0.47798 1.38354
1.94306 -0.477015 1.3849
1.94376 -0.47605 1.38626
1.94445 -0.475085 1.38761
1.94515 -0.474119 1.38896
1.94585 -0.473152 1.39031
1.94654 -0.472184 1.39165
1.94724 -0.471216 1.39298
1.94793 -0.470247 1.39432
1.94863 -0.469278 1.39565
1.94932 -0.468308 1.39698
1.95001 -0.467338 1.3983
1.95071 -0.466367 1.39962
1.9514 -0.465395 1.40093
1.9521 -0.464423 1.40225
1.95279 -0.463451 1.40355
1.95348 -0.462477 1.40486
1.95418 -0.461503 1.40616
1.95487 -0.460529 1.40746
1.95556 -0.459554 1.40875
1.95625 -0.458578 1.41004
1.95694 -0.457602 1.41132
1.95764 -0.456625 1.41261
1.95833 -0.455648 1.41389
1.95902 -0.45467 1.41516
1.95971 -0.453692 1.41643
1.9604 -0.452713 1.4177
1.96109 -0.451733 1.41896
1.96178 -0.450753 1.42022
1.96247 -0.449773 1.42148
1.96316 -0.448792 1.42273
1.96385 -0.44781 1.42398
1.96454 -0.446828 1.42523
1.96523 -0.445845 1.42647
1.96592 -0.444862 1.42771
1.96661 -0.443878 1.42894
1.9673 -0.442894 1.43017
1.96799 -0.441909 1.4314
1.96867 -0.440923 1.43262
1.96936 -0.439937 1.43384
1.97005 -0.438951 1.43506
1.97074 -0.437964 1.43627
1.97142 -0.436977 1.43748
1.97211 -0.435989 1.43869
1.9728 -0.435 1.43989
1.97348 -0.434011 1.44109
1.97417 -0.433022 1.44228
1.97486 -0.432032 1.44347
1.97554 -0.431041 1.44466
1.97623 -0.43005 1.44584
1.97691 -0.429059 1.44702
1.9776 -0.428067 1.4482
1.97828 -0.427074 1.44937
1.97897 -0.426081 1.45054
1.97965 -0.425088 1.4517
1.98034 -0.424094 1.45286
1.98102 -0.423099 1.45402
1.98171 -0.422104 1.45518
1.98239 -0.421109 1.45633
1.98307 -0.420113 1.45747
1.98376 -0.419117 1.45862
1.98444 -0.41812 1.45975
1.98512 -0.417122 1.46089
1.98581 -0.416124 1.46202
1.98649 -0.415126 1.46315
1.98717 -0.414127 1.46428
1.98785 -0.413128 1.4654
1.98853 -0.412129 1.46651
1.98922 -0.411128 1.46763
1.9899 -0.410128 1.46874
1.99058 -0.409127 1.46984
1.99126 -0.408125 1.47095
1.99194 -0.407123 1.47205
1.99262 -0.406121 1.47314
1.9933 -0.405118 1.47423
1.99398 -0.404115 1.47532
1.99466 -0.403111 1.47641
1.99534 -0.402107 1.47749
1.99602 -0.401102 1.47856
1.9967 -0.400097 1.47964
1.99738 -0.399092 1.48071
1.99806 -0.398086 1.48177
1.99874 -0.397079 1.48284
1.99942 -0.396072 1.4839
2.0001 -0.395065 1.48495
2.00078 -0.394057 1.486
2.00145 -0.393049 1.48705
2.00213 -0.392041 1.4881
2.00281 -0.391032 1.48914
2.00349 -0.390022 1.49018
2.00416 -0.389013 1.49121
2.00484 -0.388002 1.49224
2.00552 -0.386992 1.49327
2.0062 -0.385981 1.49429
2.00687 -0.384969 1.49531
2.00755 -0.383957 1.49632
2.00822 -0.382945 1.49734
2.0089 -0.381932 1.49834
2.00958 -0.380919 1.49935
2.01025 -0.379906 1.50035
2.01093 -0.378892 1.50135
2.0116 -0.377878 1.50234
2.01228 -0.376863 1.50333
2.01295 -0.375848 1.50432
2.01363 -0.374833 1.5053
2.0143 -0.373817 1.50628
2.01498 -0.3728 1.50726
2.01565 -0.371784 1.50823
2.01633 -0.370767 1.5092
2.017 -0.369749 1.51016
2.01767 -0.368732 1.51112
2.01835 -0.367713 1.51208
2.01902 -0.366695 1.51304
2.01969 -0.365676 1.51399
2.02037 -0.364657 1.51493
2.02104 -0.363637 1.51588
2.02171 -0.362617 1.51682
2.02238 -0.361596 1.51775
2.02306 -0.360576 1.51868
2.02373 -0.359555 1.51961
2.0244 -0.358533 1.52054
2.02507 -0.357511 1.52146
2.02574 -0.356489 1.52238
2.02642 -0.355466 1.52329
2.02709 -0.354443 1.5242
2.02776 -0.35342 1.52511
2.02843 -0.352396 1.52601
2.0291 -0.351372 1.52691
2.02977 -0.350348 1.52781
2.03044 -0.349323 1.5287
2.03111 -0.348298 1.52959
2.03178 -0.347273 1.53048
2.03245 -0.346247 1.53136
2.03312 -0.345221 1.53224
2.03379 -0.344194 1.53311
2.03446 -0.343168 1.53399
2.03513 -0.34214 1.53485
2.0358 -0.341113 1.53572
2.03647 -0.340085 1.53658
2.03714 -0.339057 1.53744
2.03781 -0.338029 1.53829
2.03848 -0.337 1.53914
2.03914 -0.335971 1.53998
2.03981 -0.334941 1.54083
2.04048 -0.333911 1.54167
2.04115 -0.332881 1.5425
2.04182 -0.331851 1.54333
2.04248 -0.33082 1.54416
2.04315 -0.329789 1.54499
2.04382 -0.328758 1.54581
2.04449 -0.327726 1.54663
2.04515 -0.326694 1.54744
2.04582 -0.325662 1.54825
2.04649 -0.324629 1.54906
2.04715 -0.323596 1.54986
2.04782 -0.322563 1.55066
2.04849 -0.321529 1.55146
2.04915 -0.320495 1.55225
2.04982 -0.319461 1.55304
2.05048 -0.318427 1.55382
2.05115 -0.317392 1.55461
2.05182 -0.316357 1.55538
2.05248 -0.315322 1.55616
2.05315 -0.314286 1.55693
2.05381 -0.31325 1.5577
2.05448 -0.312214 1.55846
2.05514 -0.311177 1.55922
2.05581 -0.31014 1.55998
2.05647 -0.309103 1.56073
2.05714 -0.308066 1.56148
2.0578 -0.307028 1.56223
2.05846 -0.30599 1.56297
2.05913 -0.304952 1.56371
2.05979 -0.303913 1.56445
2.06046 -0.302875 1.56518
2.06112 -0.301836 1.56591
2.06178 -0.300796 1.56663
2.06245 -0.299756 1.56735
2.06311 -0.298717 1.56807
2.06377 -0.297676 1.56878
2.06444 -0.296636 1.56949
2.0651 -0.295595 1.5702
2.06576 -0.294554 1.5709
2.06643 -0.293513 1.5716
2.06709 -0.292471 1.5723
2.06775 -0.29143 1.57299
2.06841 -0.290388 1.57368
2.06908 -0.289345 1.57437
2.06974 -0.288303 1.57505
2.0704 -0.28726 1.57573
2.07106 -0.286217 1.57641
2.07172 -0.285173 1.57708
2.07238 -0.28413 1.57774
2.07305 -0.283086 1.57841
2.07371 -0.282042 1.57907
2.07437 -0.280997 1.57973
2.07503 -0.279953 1.58038
2.07569 -0.278908 1.58103
2.07635 -0.277863 1.58168
2.07701 -0.276818 1.58232
2.07767 -0.275772 1.58296
2.07833 -0.274726 1.5836
2.07899 -0.27368 1.58423
2.07965 -0.272634 1.58486
2.08031 -0.271587 1.58549
2.08097 -0.27054 1.58611
2.08163 -0.269493 1.58673
2.08229 -0.268446 1.58734
2.08295 -0.267399 1.58795
2.08361 -0.266351 1.58856
2.08427 -0.265303 1.58916
2.08493 -0.264255 1.58977
2.08559 -0.263207 1.59036
2.08625 -0.262158 1.59096
2.08691 -0.261109 1.59155
2.08757 -0.26006 1.59213
2.08823 -0.259011 1.59272
2.08889 -0.257961 1.5933
2.08955 -0.256911 1.59387
2.0902 -0.255862 1.59444
2.09086 -0.254811 1.59501
2.09152 -0.253761 1.59558
2.09218 -0.25271 1.59614
2.09284 -0.25166 1.5967
2.0935 -0.250609 1.59726
2.09415 -0.249557 1.59781
2.09481 -0.248506 1.59835
2.09547 -0.247454 1.5989
2.09613 -0.246402 1.59944
2.09679 -0.24535 1.59998
2.09744 -0.244298 1.60051
2.0981 -0.243246 1.60104
2.09876 -0.242193 1.60157
2.09942 -0.24114 1.60209
2.10007 -0.240087 1.60261
2.10073 -0.239034 1.60313
2.10139 -0.237981 1.60364
2.10204 -0.236927 1.60415
2.1027 -0.235873 1.60466
2.10336 -0.234819 1.60516
2.10401 -0.233765 1.60566
2.10467 -0.23271 1.60615
2.10533 -0.231656 1.60664
2.10598 -0.230601 1.60713
2.10664 -0.229546 1.60762
2.1073 -0.228491 1.6081
2.10795 -0.227436 1.60857
2.10861 -0.22638 1.60905
2.10926 -0.225324 1.60952
2.10992 -0.224269 1.60999
2.11058 -0.223212 1.61045
2.11123 -0.222156 1.61091
2.11189 -0.2211 1.61137
2.11254 -0.220043 1.61182
2.1132 -0.218986 1.61227
2.11385 -0.21793 1.61271
2.11451 -0.216872 1.61316
2.11516 -0.215815 1.6136
2.11582 -0.214758 1.61403
2.11647 -0.2137 1.61446
2.11713 -0.212642 1.61489
2.11778 -0.211584 1.61532
2.11844 -0.210526 1.61574
2.11909 -0.209468 1.61616
2.11975 -0.20841 1.61657
2.1204 -0.207351 1.61698
2.12106 -0.206292 1.61739
2.12171 -0.205233 1.61779
2.12237 -0.204174 1.61819
2.12302 -0.203115 1.61859
2.12368 -0.202056 1.61899
2.12433 -0.200996 1.61938
2.12499 -0.199937 1.61976
2.12564 -0.198877 1.62014
2.12629 -0.197817 1.62052
2.12695 -0.196757 1.6209
2.1276 -0.195696 1.62127
2.12826 -0.194636 1.62164
2.12891 -0.193575 1.62201
2.12956 -0.192515 1.62237
2.13022 -0.191454 1.62273
2.13087 -0.190393 1.62308
2.13153 -0.189332 1.62343
2.13218 -0.18827 1.62378
2.13283 -0.187209 1.62413
2.13349 -0.186147 1.62447
2.13414 -0.185086 1.62481
2.13479 -0.184024 1.62514
2.13545 -0.182962 1.62547
2.1361 -0.1819 1.6258
2.13675 -0.180838 1.62612
2.13741 -0.179775 1.62644
2.13806 -0.178713 1.62676
2.13871 -0.17765 1.62707
2.13937 -0.176587 1.62738
2.14002 -0.175524 1.62769
2.14067 -0.174461 1.62799
2.14132 -0.173398 1.62829
2.14198 -0.172335 1.62858
2.14263 -0.171272 1.62888
2.14328 -0.170208 1.62917
2.14394 -0.169145 1.62945
2.14459 -0.168081 1.62973
2.14524 -0.167017 1.63001
2.14589 -0.165953 1.63029
2.14655 -0.164889 1.63056
2.1472 -0.163825 1.63083
2.14785 -0.16276 1.63109
2.1485 -0.161696 1.63135
2.14916 -0.160631 1.63161
2.14981 -0.159567 1.63186
2.15046 -0.158502 1.63211
2.15111 -0.157437 1.63236
2.15177 -0.156372 1.6326
2.15242 -0.155307 1.63284
2.15307 -0.154242 1.63308
2.15372 -0.153177 1.63331
2.15438 -0.152111 1.63354
2.15503 -0.151046 1.63377
2.15568 -0.14998 1.63399
2.15633 -0.148915 1.63421
2.15698 -0.147849 1.63442
2.15764 -0.146783 1.63464
2.15829 -0.145717 1.63485
2.15894 -0.144651 1.63505
2.15959 -0.143585 1.63525
2.16025 -0.142518 1.63545
2.1609 -0.141452 1.63565
2.16155 -0.140386 1.63584
2.1622 -0.139319 1.63602
2.16285 -0.138252 1.63621
2.1635 -0.137186 1.63639
2.16416 -0.136119 1.63657
2.16481 -0.135052 1.63674
2.16546 -0.133985 1.63691
2.16611 -0.132918 1.63708
2.16676 -0.131851 1.63724
2.16742 -0.130784 1.6374
2.16807 -0.129716 1.63756
2.16872 -0.128649 1.63771
2.16937 -0.127582 1.63786
2.17002 -0.126514 1.63801
2.17067 -0.125446 1.63815
2.17133 -0.124379 1.63829
2.17198 -0.123311 1.63842
2.17263 -0.122243 1.63856
2.17328 -0.121175 1.63868
2.17393 -0.120107 1.63881
2.17458 -0.119039 1.63893
2.17524 -0.117971 1.63905
2.17589 -0.116903 1.63916
2.17654 -0.115835 1.63928
2.17719 -0.114766 1.63938
2.17784 -0.113698 1.63949
2.1785 -0.11263 1.63959
2.17915 -0.111561 1.63969
2.1798 -0.110492 1.63978
2.18045 -0.109424 1.63987
2.1811 -0.108355 1.63996
2.18175 -0.107286 1.64004
2.18241 -0.106218 1.64012
2.18306 -0.105149 1.6402
2.18371 -0.10408 1.64027
2.18436 -0.103011 1.64034
2.18501 -0.101942 1.64041
2.18566 -0.100873 1.64047
2.18632 -0.0998035 1.64053
2.18697 -0.0987343 1.64058
2.18762 -0.0976651 1.64063
2.18827 -0.0965958 1.64068
2.18892 -0.0955265 1.64073
2.18957 -0.0944571 1.64077
2.19023 -0.0933877 1.64081
2.19088 -0.0923182 1.64084
2.19153 -0.0912487 1.64087
2.19218 -0.0901791 1.6409
2.19283 -0.0891095 1.64093
2.19348 -0.0880399 1.64095
2.19414 -0.0869702 1.64097
2.19479 -0.0859005 1.64098
2.19544 -0.0848307 1.64099
2.19609 -0.0837609 1.641
2.19674 -0.0826911 1.641
2.1974 -0.0816212 1.641
2.19805 -0.0805513 1.641
2.1987 -0.0794814 1.64099
2.19935 -0.0784114 1.64098
2.2 -0.0773414 1.64097
2.20066 -0.0762714 1.64095
2.20131 -0.0752013 1.64093
2.20196 -0.0741313 1.6409
2.20261 -0.0730611 1.64088
2.20327 -0.071991 1.64084
2.20392 -0.0709208 1.64081
2.20457 -0.0698507 1.64077
2.20522 -0.0687805 1.64073
2.20587 -0.0677102 1.64068
2.20653 -0.06664 1.64064
2.20718 -0.0655697 1.64058
2.20783 -0.0644994 1.64053
2.20848 -0.0634291 1.64047
2.20914 -0.0623588 1.64041
2.20979 -0.0612884 1.64034
2.21044 -0.0602181 1.64027
2.21109 -0.0591477 1.6402
2.21175 -0.0580773 1.64012
2.2124 -0.0570069 1.64004
2.21305 -0.0559365 1.63996
2.2137 -0.0548661 1.63987
2.21436 -0.0537957 1.63978
2.21501 -0.0527252 1.63969
2.21566 -0.0516548 1.63959
2.21632 -0.0505843 1.63949
2.21697 -0.0495139 1.63939
2.21762 -0.0484434 1.63928
2.21827 -0.047373 1.63917
2.21893 -0.0463025 1.63905
2.21958 -0.045232 1.63893
2.22023 -0.0441616 1.63881
2.22089 -0.0430911 1.63869
2.22154 -0.0420206 1.63856
2.22219 -0.0409502 1.63843
2.22285 -0.0398797 1.63829
2.2235 -0.0388093 1.63815
2.22415 -0.0377388 1.63801
2.22481 -0.0366684 1.63786
2.22546 -0.035598 1.63771
2.22611 -0.0345275 1.63756
2.22677 -0.0334571 1.6374
2.22742 -0.0323867 1.63724
2.22808 -0.0313163 1.63708
2.22873 -0.0302459 1.63691
2.22938 -0.0291756 1.63674
2.23004 -0.0281052 1.63657
2.23069 -0.0270349 1.63639
2.23135 -0.0259646 1.63621
2.232 -0.0248943 1.63603
2.23265 -0.023824 1.63584
2.23331 -0.0227537 1.63565
2.23396 -0.0216835 1.63545
2.23462 -0.0206133 1.63525
2.23527 -0.0195431 1.63505
2.23593 -0.0184729 1.63485
2.23658 -0.0174027 1.63464
2.23724 -0.0163326 1.63442
2.23789 -0.0152625 1.63421
2.23855 -0.0141924 1.63399
2.2392 -0.0131224 1.63377
2.23986 -0.0120524 1.63354
2.24051 -0.0109824 1.63331
2.24117 -0.00991242 1.63308
2.24182 -0.0088425 1.63284
2.24248 -0.00777261 1.6326
2.24313 -0.00670275 1.63236
2.24379 -0.00563294 1.63211
2.24444 -0.00456315 1.63186
2.2451 -0.00349341 1.6316
2.24575 -0.0024237 1.63135
2.24641 -0.00135403 1.63109
2.24707 -0.000284404 1.63082
2.24772 0.000785182 1.63055
2.24838 0.00185473 1.63028
2.24903 0.00292423 1.63001
2.24969 0.00399368 1.62973
2.25035 0.0050631 1.62944
2.251 0.00613246 1.62916
2.25166 0.00720178 1.62887
2.25231 0.00827105 1.62858
2.25297 0.00934027 1.62828
2.25363 0.0104094 1.62798
2.25428 0.0114786 1.62768
2.25494 0.0125476 1.62737
2.2556 0.0136166 1.62706
2.25626 0.0146856 1.62675
2.25691 0.0157545 1.62643
2.25757 0.0168234 1.62611
2.25823 0.0178921 1.62578
2.25888 0.0189609 1.62546
2.25954 0.0200295 1.62513
2.2602 0.0210982 1.62479
2.26086 0.0221667 1.62445
2.26152 0.0232352 1.62411
2.26217 0.0243036 1.62377
2.26283 0.025372 1.62342
2.26349 0.0264403 1.62306
2.26415 0.0275085 1.62271
2.26481 0.0285767 1.62235
2.26546 0.0296448 1.62199
2.26612 0.0307128 1.62162
2.26678 0.0317807 1.62125
2.26744 0.0328486 1.62088
2.2681 0.0339164 1.6205
2.26876 0.0349842 1.62012
2.26942 0.0360518 1.61974
2.27008 0.0371194 1.61935
2.27074 0.0381869 1.61896
2.2714 0.0392544 1.61856
2.27205 0.0403217 1.61816
2.27271 0.041389 1.61776
2.27337 0.0424562 1.61736
2.27403 0.0435233 1.61695
2.27469 0.0445903 1.61654
2.27535 0.0456573 1.61612
2.27601 0.0467241 1.6157
2.27667 0.0477909 1.61528
2.27734 0.0488576 1.61485
2.278 0.0499242 1.61442
2.27866 0.0509907 1.61399
2.27932 0.0520571 1.61355
2.27998 0.0531234 1.61311
2.28064 0.0541897 1.61267
2.2813 0.0552558 1.61222
2.28196 0.0563218 1.61177
2.28262 0.0573878 1.61132
2.28329 0.0584537 1.61086
2.28395 0.0595194 1.6104
2.28461 0.0605851 1.60993
2.28527 0.0616506 1.60946
2.28593 0.0627161 1.60899
2.28659 0.0637814 1.60852
2.28726 0.0648467 1.60804
2.28792 0.0659119 1.60755
2.28858 0.0669769 1.60707
2.28925 0.0680418 1.60658
2.28991 0.0691067 1.60609
2.29057 0.0701714 1.60559
2.29123 0.071236 1.60509
2.2919 0.0723005 1.60458
2.29256 0.0733649 1.60408
2.29322 0.0744292 1.60357
2.29389 0.0754934 1.60305
2.29455 0.0765574 1.60253
2.29522 0.0776213 1.60201
2.29588 0.0786852 1.60149
2.29654 0.0797489 1.60096
2.29721 0.0808125 1.60043
2.29787 0.0818759 1.59989
2.29854 0.0829393 1.59935
2.2992 0.0840025 1.59881
2.29987 0.0850656 1.59826
2.30053 0.0861286 1.59771
2.3012 0.0871914 1.59716
2.30186 0.0882541 1.5966
2.30253 0.0893167 1.59604
2.3032 0.0903792 1.59547
2.30386 0.0914415 1.59491
2.30453 0.0925037 1.59433
2.30519 0.0935658 1.59376
2.30586 0.0946277 1.59318
2.30653 0.0956895 1.5926
2.30719 0.0967512 1.59201
2.30786 0.0978127 1.59142
2.30853 0.0988741 1.59083
2.3092 0.0999354 1.59023
2.30986 0.100996 1.58964
2.31053 0.102057 1.58903
2.3112 0.103118 1.58842
2.31187 0.104179 1.58781
2.31253 0.10524 1.5872
2.3132 0.1063 1.58658
2.31387 0.10736 1.58596
2.31454 0.10842 1.58534
2.31521 0.10948 1.58471
2.31588 0.11054 1.58407
2.31655 0.1116 1.58344
2.31721 0.112659 1.5828
2.31788 0.113718 1.58216
2.31855 0.114778 1.58151
2.31922 0.115837 1.58086
2.31989 0.116896 1.58021
2.32056 0.117954 1.57955
2.32123 0.119013 1.57889
2.3219 0.120071 1.57822
2.32258 0.121129 1.57756
2.32325 0.122188 1.57688
2.32392 0.123245 1.57621
2.32459 0.124303 1.57553
2.32526 0.125361 1.57485
2.32593 0.126418 1.57416
2.3266 0.127475 1.57347
2.32727 0.128532 1.57278
2.32795 0.129589 1.57208
2.32862 0.130646 1.57138
2.32929 0.131703 1.57068
2.32996 0.132759 1.56997
2.33064 0.133815 1.56926
2.33131 0.134871 1.56854
2.33198 0.135927 1.56783
2.33266 0.136983 1.5671
2.33333 0.138038 1.56638
2.334 0.139094 1.56565
2.33468 0.140149 1.56492
2.33535 0.141204 1.56418
2.33603 0.142258 1.56344
2.3367 0.143313 1.5627
2.33738 0.144367 1.56195
2.33805 0.145421 1.5612
2.33873 0.146475 1.56044
2.3394 0.147529 1.55969
2.34008 0.148583 1.55892
2.34075 0.149636 1.55816
2.34143 0.150689 1.55739
2.34211 0.151742 1.55662
2.34278 0.152795 1.55584
2.34346 0.153848 1.55506
2.34414 0.1549 1.55428
2.34481 0.155952 1.55349
2.34549 0.157004 1.5527
2.34617 0.158056 1.5519
2.34685 0.159108 1.55111
2.34753 0.160159 1.55031
2.3482 0.16121 1.5495
2.34888 0.162261 1.54869
2.34956 0.163312 1.54788
2.35024 0.164363 1.54706
2.35092 0.165413 1.54624
2.3516 0.166463 1.54542
2.35228 0.167513 1.54459
2.35296 0.168563 1.54376
2.35364 0.169612 1.54293
2.35432 0.170661 1.54209
2.355 0.17171 1.54125
2.35568 0.172759 1.5404
2.35636 0.173808 1.53955
2.35704 0.174856 1.5387
2.35772 0.175904 1.53784
2.3584 0.176952 1.53698
2.35909 0.178 1.53612
2.35977 0.179047 1.53525
2.36045 0.180094 1.53438
2.36113 0.181141 1.5335
2.36181 0.182188 1.53263
2.3625 0.183234 1.53174
2.36318 0.184281 1.53086
2.36386 0.185327 1.52997
2.36455 0.186372 1.52908
2.36523 0.187418 1.52818
2.36592 0.188463 1.52728
2.3666 0.189508 1.52637
2.36729 0.190553 1.52547
2.36797 0.191597 1.52456
2.36866 0.192642 1.52364
2.36934 0.193686 1.52272
2.37003 0.194729 1.5218
2.37071 0.195773 1.52087
2.3714 0.196816 1.51994
2.37209 0.197859 1.51901
2.37277 0.198902 1.51807
2.37346 0.199944 1.51713
2.37415 0.200987 1.51619
2.37483 0.202029 1.51524
2.37552 0.20307 1.51428
2.37621 0.204112 1.51333
2.3769 0.205153 1.51237
2.37759 0.206194 1.51141
2.37827 0.207234 1.51044
2.37896 0.208275 1.50947
2.37965 0.209315 1.50849
2.38034 0.210355 1.50752
2.38103 0.211394 1.50653
2.38172 0.212433 1.50555
2.38241 0.213472 1.50456
2.3831 0.214511 1.50357
2.38379 0.21555 1.50257
2.38448 0.216588 1.50157
2.38518 0.217625 1.50057
2.38587 0.218663 1.49956
2.38656 0.2197 1.49855
2.38725 0.220737 1.49753
2.38794 0.221774 1.49651
2.38864 0.22281 1.49549
2.38933 0.223846 1.49446
2.39002 0.224882 1.49343
2.39072 0.225918 1.4924
2.39141 0.226953 1.49136
2.39211 0.227988 1.49032
2.3928 0.229022 1.48927
2.39349 0.230057 1.48823
2.39419 0.231091 1.48717
2.39488 0.232124 1.48612
2.39558 0.233158 1.48506
2.39628 0.234191 1.48399
2.39697 0.235223 1.48292
2.39767 0.236256 1.48185
2.39837 0.237288 1.48078
2.39906 0.23832 1.4797
2.39976 0.239351 1.47862
2.40046 0.240382 1.47753
2.40116 0.241413 1.47644
2.40185 0.242444 1.47535
2.40255 0.243474 1.47425
2.40325 0.244504 1.47315
2.40395 0.245533 1.47204
2.40465 0.246563 1.47093
2.40535 0.247591 1.46982
2.40605 0.24862 1.4687
2.40675 0.249648 1.46758
2.40745 0.250676 1.46646
2.40815 0.251703 1.46533
2.40885 0.252731 1.4642
2.40955 0.253757 1.46306
2.41026 0.254784 1.46192
2.41096 0.25581 1.46078
2.41166 0.256836 1.45963
2.41236 0.257861 1.45848
2.41307 0.258886 1.45733
2.41377 0.259911 1.45617
2.41447 0.260935 1.45501
2.41518 0.261959 1.45384
2.41588 0.262983 1.45267
2.41659 0.264006 1.4515
2.41729 0.265029 1.45032
2.418 0.266052 1.44914
2.4187 0.267074 1.44795
2.41941 0.268096 1.44677
2.42012 0.269117 1.44557
2.42082 0.270139 1.44438
2.42153 0.271159 1.44318
2.42224 0.27218 1.44197
2.42294 0.2732 1.44076
2.42365 0.274219 1.43955
2.42436 0.275238 1.43834
2.42507 0.276257 1.43712
2.42578 0.277276 1.43589
2.42649 0.278294 1.43467
2.4272 0.279311 1.43344
2.42791 0.280329 1.4322
2.42862 0.281345 1.43096
2.42933 0.282362 1.42972
2.43004 0.283378 1.42847
2.43075 0.284394 1.42722
2.43146 0.285409 1.42597
2.43217 0.286424 1.42471
2.43289 0.287438 1.42345
2.4336 0.288452 1.42218
2.43431 0.289466 1.42092
2.43503 0.290479 1.41964
2.43574 0.291492 1.41837
2.43645 0.292505 1.41708
2.43717 0.293517 1.4158
2.43788 0.294528 1.41451
2.4386 0.295539 1.41322
2.43931 0.29655 1.41192
2.44003 0.29756 1.41062
2.44075 0.29857 1.40932
2.44146 0.29958 1.40801
2.44218 0.300589 1.4067
2.4429 0.301597 1.40538
2.44361 0.302605 1.40406
2.44433 0.303613 1.40274
2.44505 0.30462 1.40141
2.44577 0.305627 1.40008
2.44649 0.306634 1.39874
2.44721 0.30764 1.3974
2.44793 0.308645 1.39606
2.44865 0.30965 1.39471
2.44937 0.310655 1.39336
2.45009 0.311659 1.39201
2.45081 0.312663 1.39065
2.45153 0.313666 1.38929
2.45226 0.314669 1.38792
2.45298 0.315671 1.38655
2.4537 0.316673 1.38518
2.45442 0.317674 1.3838
2.45515 0.318675 1.38242
2.45587 0.319675 1.38103
2.4566 0.320675 1.37964
2.45732 0.321675 1.37825
2.45805 0.322674 1.37685
2.45877 0.323672 1.37545
2.4595 0.32467 1.37404
2.46022 0.325668 1.37263
2.46095 0.326665 1.37122
2.46168 0.327661 1.3698
2.46241 0.328657 1.36838
2.46313 0.329653 1.36695
2.46386 0.330648 1.36552
2.46459 0.331643 1.36409
2.46532 0.332637 1.36265
2.46605 0.33363 1.36121
2.46678 0.334623 1.35977
2.46751 0.335616 1.35832
2.46824 0.336608 1.35687
2.46897 0.337599 1.35541
2.4697 0.33859 1.35395
2.47043 0.339581 1.35248
2.47117 0.340571 1.35101
2.4719 0.34156 1.34954
2.47263 0.342549 1.34806
2.47337 0.343537 1.34658
2.4741 0.344525 1.3451
2.47483 0.345512 1.34361
2.47557 0.346499 1.34212
2.4763 0.347485 1.34062
2.47704 0.348471 1.33912
2.47778 0.349456 1.33762
2.47851 0.350441 1.33611
2.47925 0.351425 1.33459
2.47999 0.352408 1.33308
2.48072 0.353391 1.33156
2.48146 0.354373 1.33003
2.4822 0.355355 1.3285
2.48294 0.356336 1.32697
2.48368 0.357317 1.32543
2.48442 0.358297 1.32389
2.48516 0.359276 1.32235
2.4859 0.360255 1.3208
2.48664 0.361234 1.31925
2.48738 0.362211 1.31769
2.48813 0.363189 1.31613
2.48887 0.364165 1.31457
2.48961 0.365141 1.313
2.49035 0.366117 1.31143
2.4911 0.367091 1.30985
2.49184 0.368066 1.30827
2.49259 0.369039 1.30668
2.49333 0.370012 1.30509
2.49408 0.370985 1.3035
2.49482 0.371957 1.3019
2.49557 0.372928 1.3003
2.49632 0.373898 1.2987
2.49706 0.374868 1.29709
2.49781 0.375838 1.29548
2.49856 0.376806 1.29386
2.49931 0.377774 1.29224
2.50006 0.378742 1.29061
2.50081 0.379709 1.28898
2.50156 0.380675 1.28735
2.50231 0.38164 1.28571
2.50306 0.382605 1.28407
2.50381 0.383569 1.28243
2.50456 0.384533 1.28078
2.50531 0.385496 1.27912
2.50607 0.386458 1.27747
2.50682 0.38742 1.2758
2.50757 0.388381 1.27414
2.50833 0.389341 1.27247
2.50908 0.390301 1.2708
2.50984 0.39126 1.26912
2.51059 0.392218 1.26744
2.51135 0.393176 1.26575
2.51211 0.394133 1.26406
2.51286 0.395089 1.26236
2.51362 0.396045 1.26067
2.51438 0.397 1.25896
2.51514 0.397954 1.25726
2.5159 0.398907 1.25555
2.51666 0.39986 1.25383
2.51742 0.400812 1.25211
2.51818 0.401764 1.25039
2.51894 0.402714 1.24866
2.5197 0.403664 1.24693
2.52046 0.404613 1.2452
2.52122 0.405562 1.24346
2.52198 0.40651 1.24172
2.52275 0.407457 1.23997
2.52351 0.408403 1.23822
2.52428 0.409349 1.23646
2.52504 0.410294 1.2347
2.52581 0.411238 1.23294
2.52657 0.412181 1.23117
2.52734 0.413124 1.2294
2.5281 0.414066 1.22762
2.52887 0.415007 1.22584
2.52964 0.415947 1.22406
2.53041 0.416887 1.22227
2.53118 0.417826 1.22047
2.53195 0.418764 1.21868
2.53272 0.419701 1.21688
2.53349 0.420638 1.21507
2.53426 0.421574 1.21326
2.53503 0.422509 1.21145
2.5358 0.423443 1.20963
2.53657 0.424376 1.20781
2.53734 0.425309 1.20598
2.53812 0.426241 1.20415
2.53889 0.427172 1.20232
2.53967 0.428102 1.20048
2.54044 0.429032 1.19864
2.54122 0.42996 1.19679
2.54199 0.430888 1.19494
2.54277 0.431815 1.19309
2.54354 0.432741 1.19123
2.54432 0.433666 1.18937
2.5451 0.434591 1.1875
2.54588 0.435514 1.18563
2.54666 0.436437 1.18375
2.54744 0.437359 1.18187
2.54822 0.43828 1.17999
2.549 0.439201 1.1781
2.54978 0.44012 1.17621
2.55056 0.441038 1.17431
2.55134 0.441956 1.17241
2.55212 0.442873 1.17051
2.55291 0.443789 1.1686
2.55369 0.444704 1.16669
2.55448 0.445618 1.16477
2.55526 0.446531 1.16285
2.55605 0.447444 1.16092
2.55683 0.448355 1.159
2.55762 0.449266 1.15706
2.5584 0.450176 1.15512
2.55919 0.451084 1.15318
2.55998 0.451992 1.15124
2.56077 0.452899 1.14929
2.56156 0.453805 1.14733
2.56235 0.45471 1.14537
2.56314 0.455615 1.14341
2.56393 0.456518 1.14144
2.56472 0.45742 1.13947
2.56551 0.458322 1.1375
2.5663 0.459222 1.13552
2.5671 0.460122 1.13353
2.56789 0.46102 1.13155
2.56868 0.461918 1.12955
2.56948 0.462814 1.12756
2.57027 0.46371 1.12556
2.57107 0.464605 1.12355
2.57186 0.465498 1.12154
2.57266 0.466391 1.11953
2.57346 0.467283 1.11751
2.57426 0.468174 1.11549
2.57505 0.469063 1.11347
2.57585 0.469952 1.11144
2.57665 0.47084 1.1094
2.57745 0.471727 1.10737
2.57825 0.472612 1.10532
2.57905 0.473497 1.10328
2.57986 0.474381 1.10123
2.58066 0.475264 1.09917
2.58146 0.476145 1.09711
2.58227 0.477026 1.09505
2.58307 0.477905 1.09298
2.58387 0.478784 1.09091
2.58468 0.479661 1.08884
2.58548 0.480538 1.08676
2.58629 0.481413 1.08467
2.5871 0.482287 1.08259
2.5879 0.48316 1.08049
2.58871 0.484033 1.0784
2.58952 0.484904 1.0763
2.59033 0.485774 1.07419
2.59114 0.486642 1.07208
2.59195 0.48751 1.06997
2.59276 0.488377 1.06785
2.59357 0.489242 1.06573
2.59438 0.490107 1.06361
2.5952 0.49097 1.06148
2.59601 0.491832 1.05934
2.59682 0.492693 1.05721
2.59764 0.493553 1.05506
2.59845 0.494412 1.05292
2.59927 0.49527 1.05077
2.60008 0.496126 1.04861
2.6009 0.496981 1.04645
2.60172 0.497836 1.04429
2.60253 0.498689 1.04212
2.60335 0.49954 1.03995
2.60417 0.500391 1.03778
2.60499 0.501241 1.0356
2.60581 0.502089 1.03341
2.60663 0.502936 1.03122
2.60745 0.503782 1.02903
2.60827 0.504627 1.02684
2.6091 0.50547 1.02464
2.60992 0.506312 1.02243
2.61074 0.507153 1.02022
2.61157 0.507993 1.01801
2.61239 0.508832 1.01579
2.61322 0.509669 1.01357
2.61404 0.510505 1.01135
2.61487 0.51134 1.00912
2.6157 0.512174 1.00689
2.61652 0.513006 1.00465
2.61735 0.513837 1.00241
2.61818 0.514667 1.00016
2.61901 0.515496 0.997911
2.61984 0.516323 0.995657
2.62067 0.517149 0.993399
2.6215 0.517973 0.991137
2.62233 0.518797 0.988871
2.62317 0.519619 0.9866
2.624 0.52044 0.984326
2.62483 0.521259 0.982047
2.62567 0.522077 0.979765
2.6265 0.522894 0.977478
2.62734 0.523709 0.975187
2.62817 0.524523 0.972893
2.62901 0.525336 0.970594
2.62985 0.526148 0.968291
2.63068 0.526958 0.965984
2.63152 0.527766 0.963672
2.63236 0.528573 0.961357
2.6332 0.529379 0.959038
2.63404 0.530184 0.956715
2.63488 0.530987 0.954387
2.63572 0.531789 0.952056
2.63656 0.532589 0.94972
2.6374 0.533388 0.947381
2.63825 0.534185 0.945038
2.63909 0.534981 0.94269
2.63993 0.535776 0.940338
2.64078 0.536569 0.937983
2.64162 0.537361 0.935623
2.64247 0.538151 0.93326
2.64332 0.53894 0.930892
2.64416 0.539728 0.928521
2.64501 0.540513 0.926145
2.64586 0.541298 0.923766
2.64671 0.542081 0.921382
2.64756 0.542862 0.918994
2.64841 0.543642 0.916603
2.64926 0.544421 0.914208
2.65011 0.545198 0.911808
2.65096 0.545973 0.909405
2.65181 0.546747 0.906998
2.65266 0.54752 0.904586
2.65352 0.54829 0.902171
2.65437 0.54906 0.899752
2.65523 0.549827 0.897329
2.65608 0.550594 0.894902
2.65694 0.551358 0.892471
2.65779 0.552121 0.890036
2.65865 0.552883 0.887598
2.65951 0.553643 0.885155
2.66037 0.554401 0.882709
2.66122 0.555158 0.880259
2.66208 0.555913 0.877805
2.66294 0.556667 0.875347
2.6638 0.557419 0.872885
2.66466 0.558169 0.870419
2.66552 0.558918 0.867949
2.66639 0.559665 0.865476
2.66725 0.56041 0.862999
2.66811 0.561154 0.860518
2.66898 0.561896 0.858033
2.66984 0.562636 0.855545
2.6707 0.563375 0.853052
2.67157 0.564112 0.850556
2.67244 0.564847 0.848056
2.6733 0.565581 0.845552
2.67417 0.566313 0.843045
2.67504 0.567043 0.840534
2.6759 0.567772 0.838019
2.67677 0.568499 0.8355
2.67764 0.569224 0.832978
2.67851 0.569947 0.830452
2.67938 0.570669 0.827922
2.68025 0.571389 0.825388
2.68112 0.572107 0.822851
2.682 0.572823 0.820311
2.68287 0.573538 0.817766
2.68374 0.574251 0.815218
2.68462 0.574962 0.812666
2.68549 0.575671 0.810111
2.68636 0.576379 0.807552
2.68724 0.577084 0.804989
2.68812 0.577788 0.802423
2.68899 0.57849 0.799853
2.68987 0.57919 0.79728
2.69075 0.579889 0.794703
2.69162 0.580585 0.792123
2.6925 0.58128 0.789539
2.69338 0.581973 0.786951
2.69426 0.582664 0.78436
2.69514 0.583353 0.781765
2.69602 0.58404 0.779167
2.6969 0.584725 0.776566
2.69778 0.585409 0.773961
2.69867 0.58609 0.771352
2.69955 0.58677 0.768741
2.70043 0.587447 0.766125
2.70132 0.588123 0.763507
2.7022 0.588797 0.760884
2.70308 0.589469 0.758259
2.70397 0.590139 0.75563
2.70485 0.590807 0.752998
2.70574 0.591473 0.750362
2.70663 0.592137 0.747723
2.70751 0.592799 0.745081
2.7084 0.593459 0.742435
2.70929 0.594117 0.739786
2.71018 0.594774 0.737134
2.71107 0.595428 0.734479
2.71196 0.59608 0.73182
2.71285 0.59673 0.729158
2.71374 0.597378 0.726493
2.71463 0.598024 0.723825
2.71552 0.598668 0.721153
2.71641 0.59931 0.718478
2.7173 0.59995 0.7158
2.7182 0.600588 0.713119
2.71909 0.601224 0.710435
2.71998 0.601858 0.707748
2.72088 0.602489 0.705057
2.72177 0.603119 0.702364
2.72267 0.603746 0.699667
2.72356 0.604372 0.696968
2.72446 0.604995 0.694265
2.72536 0.605616 0.691559
2.72625 0.606235 0.688851
2.72715 0.606852 0.686139
2.72805 0.607467 0.683424
2.72895 0.608079 0.680707
2.72984 0.60869 0.677986
2.73074 0.609298 0.675263
2.73164 0.609904 0.672537
2.73254 0.610508 0.669807
2.73344 0.61111 0.667075
2.73434 0.611709 0.66434
2.73524 0.612307 0.661602
2.73615 0.612902 0.658862
2.73705 0.613495 0.656118
2.73795 0.614086 0.653372
2.73885 0.614674 0.650623
2.73976 0.615261 0.647872
2.74066 0.615845 0.645117
2.74156 0.616427 0.64236
2.74247 0.617006 0.6396
2.74337 0.617584 0.636838
2.74428 0.618159 0.634073
2.74518 0.618731 0.631305
2.74609 0.619302 0.628535
2.74699 0.61987 0.625762
2.7479 0.620436 0.622986
2.74881 0.621 0.620208
2.74971 0.621561 0.617428
2.75062 0.62212 0.614645
2.75153 0.622677 0.611859
2.75244 0.623232 0.609071
2.75335 0.623784 0.606281
2.75426 0.624333 0.603488
2.75516 0.624881 0.600692
2.75607 0.625426 0.597895
2.75698 0.625969 0.595095
2.75789 0.626509 0.592292
2.75881 0.627047 0.589488
2.75972 0.627583 0.586681
2.76063 0.628116 0.583871
2.76154 0.628647 0.58106
2.76245 0.629175 0.578246
2.76336 0.629701 0.57543
2.76427 0.630225 0.572612
2.76519 0.630746 0.569791
2.7661 0.631265 0.566969
2.76701 0.631782 0.564144
2.76793 0.632296 0.561317
2.76884 0.632807 0.558488
2.76975 0.633316 0.555657
2.77067 0.633823 0.552824
2.77158 0.634327 0.549989
2.7725 0.634829 0.547152
2.77341 0.635329 0.544313
2.77433 0.635826 0.541472
2.77524 0.63632 0.53863
2.77616 0.636812 0.535785
2.77708 0.637301 0.532938
2.77799 0.637788 0.53009
2.77891 0.638273 0.527239
2.77982 0.638755 0.524387
2.78074 0.639234 0.521533
2.78166 0.639711 0.518677
2.78258 0.640186 0.51582
2.78349 0.640658 0.512961
2.78441 0.641127 0.5101
2.78533 0.641594 0.507237
2.78625 0.642058 0.504373
2.78717 0.64252 0.501507
2.78808 0.64298 0.49864
2.789 0.643436 0.495771
2.78992 0.643891 0.4929
2.79084 0.644342 0.490028
2.79176 0.644791 0.487154
2.79268 0.645238 0.484279
2.7936 0.645682 0.481403
2.79452 0.646123 0.478525
2.79544 0.646562 0.475645
2.79636 0.646998 0.472765
2.79728 0.647432 0.469882
2.7982 0.647863 0.466999
2.79912 0.648291 0.464114
2.80004 0.648717 0.461228
2.80096 0.64914 0.45834
2.80188 0.649561 0.455452
2.8028 0.649979 0.452562
2.80372 0.650395 0.449671
2.80464 0.650807 0.446778
2.80556 0.651218 0.443885
2.80648 0.651625 0.440991
2.80741 0.65203 0.438095
2.80833 0.652432 0.435198
2.80925 0.652832 0.4323
2.81017 0.653229 0.429402
2.81109 0.653623 0.426502
2.81201 0.654015 0.423601
2.81294 0.654404 0.420699
2.81386 0.654791 0.417797
2.81478 0.655175 0.414893
2.8157 0.655556 0.411989
2.81662 0.655934 0.409083
2.81754 0.65631 0.406177
2.81847 0.656683 0.40327
2.81939 0.657054 0.400362
2.82031 0.657421 0.397454
2.82123 0.657787 0.394545
2.82215 0.658149 0.391635
2.82308 0.658509 0.388724
2.824 0.658866 0.385813
2.82492 0.65922 0.382901
2.82584 0.659572 0.379988
2.82677 0.659921 0.377075
2.82769 0.660268 0.374161
2.82861 0.660611 0.371247
2.82953 0.660952 0.368332
2.83045 0.66129 0.365417
2.83138 0.661626 0.362501
2.8323 0.661959 0.359585
2.83322 0.662289 0.356668
2.83414 0.662617 0.353751
2.83506 0.662941 0.350834
2.83599 0.663263 0.347916
2.83691 0.663583 0.344998
2.83783 0.663899 0.342079
2.83875 0.664213 0.33916
2.83967 0.664525 0.336241
2.84059 0.664833 0.333322
2.84152 0.665139 0.330403
2.84244 0.665442 0.327483
2.84336 0.665742 0.324563
2.84428 0.66604 0.321643
2.8452 0.666335 0.318723
2.84612 0.666627 0.315803
2.84704 0.666917 0.312882
2.84796 0.667204 0.309962
2.84888 0.667488 0.307042
2.8498 0.667769 0.304121
2.85073 0.668048 0.301201
2.85165 0.668323 0.29828
2.85257 0.668597 0.29536
2.85349 0.668867 0.29244
2.85441 0.669135 0.28952
2.85533 0.6694 0.2866
2.85625 0.669662 0.28368
2.85717 0.669922 0.28076
2.85809 0.670179 0.27784
2.85901 0.670433 0.274921
2.85992 0.670684 0.272002
2.86084 0.670933 0.269083
2.86176 0.671179 0.266164
2.86268 0.671422 0.263246
2.8636 0.671662 0.260328
2.86452 0.6719 0.25741
2.86544 0.672135 0.254493
2.86635 0.672367 0.251576
2.86727 0.672597 0.248659
2.86819 0.672824 0.245743
2.86911 0.673048 0.242827
2.87003 0.67327 0.239912
2.87094 0.673488 0.236997
2.87186 0.673704 0.234083
2.87278 0.673918 0.231169
2.87369 0.674128 0.228256
2.87461 0.674336 0.225343
2.87553 0.674541 0.222431
2.87644 0.674744 0.219519
2.87736 0.674943 0.216609
2.87827 0.67514 0.213698
2.87919 0.675335 0.210789
2.8801 0.675526 0.20788
2.88102 0.675715 0.204971
2.88193 0.675901 0.202064
2.88285 0.676085 0.199157
2.88376 0.676265 0.196251
2.88468 0.676443 0.193345
2.88559 0.676619 0.19044
2.8865 0.676792 0.187537
2.88742 0.676961 0.184634
2.88833 0.677129 0.181731
2.88924 0.677293 0.17883
2.89016 0.677455 0.17593
2.89107 0.677614 0.17303
2.89198 0.677771 0.170131
2.89289 0.677925 0.167234
2.8938 0.678076 0.164337
2.89472 0.678224 0.161441
2.89563 0.67837 0.158546
2.89654 0.678513 0.155652
2.89745 0.678654 0.152759
2.89836 0.678791 0.149867
2.89927 0.678926 0.146976
2.90018 0.679059 0.144087
2.90109 0.679189 0.141198
2.902 0.679316 0.13831
2.90291 0.67944 0.135424
2.90382 0.679562 0.132538
2.90472 0.679681 0.129654
2.90563 0.679797 0.126771
2.90654 0.679911 0.123889
2.90745 0.680022 0.121008
2.90835 0.680131 0.118128
2.90926 0.680236 0.11525
2.91017 0.68034 0.112373
2.91107 0.68044 0.109497
2.91198 0.680538 0.106622
2.91289 0.680633 0.103748
2.91379 0.680726 0.100876
2.9147 0.680816 0.0980053
2.9156 0.680903 0.0951357
2.91651 0.680988 0.0922674
2.91741 0.68107 0.0894005
2.91831 0.68115 0.0865349
2.91922 0.681227 0.0836707
2.92012 0.681301 0.0808078
2.92102 0.681373 0.0779464
2.92193 0.681442 0.0750863
2.92283 0.681508 0.0722277
2.92373 0.681572 0.0693704
2.92463 0.681633 0.0665147
2.92553 0.681692 0.0636604
2.92643 0.681748 0.0608075
2.92734 0.681802 0.0579561
2.92824 0.681852 0.0551062
2.92914 0.681901 0.0522579
2.93004 0.681946 0.049411
2.93093 0.68199 0.0465657
2.93183 0.68203 0.0437219
2.93273 0.682068 0.0408796
2.93363 0.682104 0.0380389
2.93453 0.682137 0.0351998
2.93543 0.682167 0.0323623
2.93632 0.682195 0.0295264
2.93722 0.68222 0.0266921
2.93812 0.682243 0.0238594
2.93901 0.682263 0.0210284
2.93991 0.68228 0.018199
2.94081 0.682295 0.0153712
2.9417 0.682308 0.0125451
2.9426 0.682318 0.00972072
2.94349 0.682325 0.006898
2.94439 0.68233 0.00407697
2.94528 0.682332 0.00125766
2.94617 0.682332 -0.00155994
2.94707 0.68233 -0.00437581
2.94796 0.682325 -0.00718994
2.94885 0.682317 -0.0100023
2.94974 0.682307 -0.0128129
2.95064 0.682294 -0.0156218
2.95153 0.682279 -0.0184289
2.95242 0.682261 -0.0212341
2.95331 0.682241 -0.0240376
2.9542 0.682218 -0.0268393
2.95509 0.682193 -0.0296392
2.95598 0.682166 -0.0324372
2.95687 0.682135 -0.0352334
2.95776 0.682103 -0.0380277
2.95865 0.682068 -0.0408202
2.95954 0.68203 -0.0436108
2.96042 0.68199 -0.0463996
2.96131 0.681948 -0.0491865
2.9622 0.681903 -0.0519714
2.96309 0.681856 -0.0547545
2.96397 0.681806 -0.0575357
2.96486 0.681754 -0.0603149
2.96574 0.681699 -0.0630923
2.96663 0.681642 -0.0658677
2.96751 0.681582 -0.0686411
2.9684 0.681521 -0.0714126
2.96928 0.681456 -0.0741822
2.97017 0.681389 -0.0769497
2.97105 0.68132 -0.0797153
2.97193 0.681248 -0.0824789
2.97282 0.681174 -0.0852406
2.9737 0.681098 -0.0880002
2.97458 0.681019 -0.0907578
2.97546 0.680938 -0.0935134
2.97635 0.680854 -0.096267
2.97723 0.680768 -0.0990185
2.97811 0.68068 -0.101768
2.97899 0.680589 -0.104515
2.97987 0.680496 -0.107261
2.98075 0.6804 -0.110004
2.98163 0.680302 -0.112745
2.98251 0.680202 -0.115485
2.98338 0.680099 -0.118222
2.98426 0.679994 -0.120957
2.98514 0.679887 -0.12369
2.98602 0.679777 -0.126421
2.9869 0.679665 -0.129149
2.98777 0.679551 -0.131876
2.98865 0.679434 -0.1346
2.98952 0.679315 -0.137323
2.9904 0.679193 -0.140043
2.99128 0.67907 -0.142761
2.99215 0.678943 -0.145477
2.99303 0.678815 -0.148191
2.9939 0.678684 -0.150902
2.99477 0.678551 -0.153611
2.99565 0.678416 -0.156319
2.99652 0.678278 -0.159024
2.99739 0.678138 -0.161727
2.99826 0.677996 -0.164427
2.99914 0.677851 -0.167126
3.00001 0.677705 -0.169822
3.00088 0.677555 -0.172516
3.00175 0.677404 -0.175208
3.00262 0.67725 -0.177897
3.00349 0.677094 -0.180584
3.00436 0.676936 -0.183269
3.00523 0.676776 -0.185952
3.0061 0.676613 -0.188633
3.00697 0.676448 -0.191311
3.00784 0.676281 -0.193987
3.00871 0.676111 -0.196661
3.00957 0.675939 -0.199332
3.01044 0.675765 -0.202002
3.01131 0.675589 -0.204668
3.01217 0.67541 -0.207333
3.01304 0.67523 -0.209995
3.01391 0.675047 -0.212655
3.01477 0.674861 -0.215313
3.01564 0.674674 -0.217968
3.0165 0.674484 -0.220621
3.01737 0.674293 -0.223272
3.01823 0.674098 -0.22592
3.01909 0.673902 -0.228566
3.01996 0.673704 -0.23121
3.02082 0.673503 -0.233851
3.02168 0.6733 -0.23649
3.02254 0.673095 -0.239127
3.02341 0.672888 -0.241761
3.02427 0.672679 -0.244393
3.02513 0.672467 -0.247022
3.02599 0.672253 -0.249649
3.02685 0.672037 -0.252274
3.02771 0.671819 -0.254896
3.02857 0.671599 -0.257516
3.02943 0.671377 -0.260134
3.03029 0.671152 -0.262749
3.03115 0.670925 -0.265361
3.032 0.670696 -0.267972
3.03286 0.670465 -0.270579
3.03372 0.670232 -0.273185
3.03458 0.669997 -0.275788
3.03543 0.66976 -0.278388
3.03629 0.66952 -0.280986
3.03715 0.669279 -0.283582
3.038 0.669035 -0.286175
3.03886 0.668789 -0.288765
3.03971 0.668541 -0.291353
3.04057 0.668291 -0.293939
3.04142 0.668039 -0.296522
3.04227 0.667784 -0.299103
3.04313 0.667528 -0.301681
3.04398 0.667269 -0.304257
3.04483 0.667009 -0.30683
3.04569 0.666746 -0.309401
3.04654 0.666481 -0.311969
3.04739 0.666215 -0.314535
3.04824 0.665946 -0.317098
3.04909 0.665675 -0.319659
3.04994 0.665402 -0.322217
3.05079 0.665127 -0.324773
3.05164 0.66485 -0.327326
3.05249 0.66457 -0.329876
3.05334 0.664289 -0.332424
3.05419 0.664006 -0.334969
3.05504 0.663721 -0.337512
3.05589 0.663433 -0.340053
3.05674 0.663144 -0.34259
3.05758 0.662852 -0.345126
3.05843 0.662559 -0.347658
3.05928 0.662264 -0.350188
3.06012 0.661966 -0.352716
3.06097 0.661667 -0.35524
3.06182 0.661365 -0.357763
3.06266 0.661062 -0.360282
3.06351 0.660756 -0.362799
3.06435 0.660449 -0.365314
3.06519 0.660139 -0.367826
3.06604 0.659828 -0.370335
3.06688 0.659514 -0.372841
3.06773 0.659199 -0.375345
3.06857 0.658881 -0.377847
3.06941 0.658562 -0.380345
3.07025 0.658241 -0.382841
3.07109 0.657917 -0.385335
3.07194 0.657592 -0.387826
3.07278 0.657265 -0.390314
3.07362 0.656935 -0.392799
3.07446 0.656604 -0.395282
3.0753 0.656271 -0.397762
3.07614 0.655936 -0.40024
3.07698 0.655599 -0.402714
3.07782 0.65526 -0.405186
3.07866 0.654919 -0.407656
3.07949 0.654577 -0.410123
3.08033 0.654232 -0.412587
3.08117 0.653885 -0.415048
3.08201 0.653537 -0.417507
3.08284 0.653186 -0.419963
3.08368 0.652834 -0.422416
3.08452 0.65248 -0.424866
3.08535 0.652124 -0.427314
3.08619 0.651766 -0.429759
3.08702 0.651406 -0.432202
3.08786 0.651044 -0.434641
3.08869 0.65068 -0.437078
3.08953 0.650315 -0.439512
3.09036 0.649947 -0.441944
3.09119 0.649578 -0.444373
3.09203 0.649207 -0.446799
3.09286 0.648834 -0.449222
3.09369 0.648459 -0.451642
3.09452 0.648082 -0.45406
3.09535 0.647703 -0.456475
3.09619 0.647323 -0.458887
3.09702 0.64694 -0.461296
3.09785 0.646556 -0.463703
3.09868 0.64617 -0.466107
3.09951 0.645782 -0.468508
3.10034 0.645393 -0.470906
3.10117 0.645001 -0.473301
3.102 0.644608 -0.475694
3.10282 0.644213 -0.478084
3.10365 0.643816 -0.480471
3.10448 0.643417 -0.482855
3.10531 0.643017 -0.485237
3.10613 0.642614 -0.487615
3.10696 0.64221 -0.489991
3.10779 0.641804 -0.492364
3.10861 0.641396 -0.494734
3.10944 0.640987 -0.497102
3.11027 0.640576 -0.499466
3.11109 0.640163 -0.501828
3.11192 0.639748 -0.504186
3.11274 0.639331 -0.506542
3.11356 0.638913 -0.508896
3.11439 0.638493 -0.511246
3.11521 0.638071 -0.513593
3.11603 0.637647 -0.515938
3.11686 0.637222 -0.518279
3.11768 0.636794 -0.520618
3.1185 0.636365 -0.522954
3.11932 0.635935 -0.525287
3.12014 0.635502 -0.527617
3.12096 0.635068 -0.529945
3.12179 0.634633 -0.532269
3.12261 0.634195 -0.534591
3.12343 0.633756 -0.536909
3.12425 0.633315 -0.539225
3.12506 0.632872 -0.541538
3.12588 0.632428 -0.543848
3.1267 0.631981 -0.546155
3.12752 0.631534 -0.548459
3.12834 0.631084 -0.55076
3.12916 0.630633 -0.553059
3.12997 0.63018 -0.555354
3.13079 0.629725 -0.557646
3.13161 0.629269 -0.559936
3.13242 0.628811 -0.562223
3.13324 0.628352 -0.564506
3.13405 0.62789 -0.566787
3.13487 0.627427 -0.569065
3.13568 0.626963 -0.57134
3.1365 0.626496 -0.573611
3.13731 0.626029 -0.57588
3.13813 0.625559 -0.578146
3.13894 0.625088 -0.580409
3.13975 0.624615 -0.582669
3.14057 0.62414 -0.584927
3.14138 0.623664 -0.587181
3.14219 0.623186 -0.589432
3.143 0.622707 -0.59168
3.14381 0.622226 -0.593925
3.14462 0.621743 -0.596168
3.14543 0.621259 -0.598407
3.14625 0.620773 -0.600643
3.14706 0.620286 -0.602876
3.14787 0.619797 -0.605107
3.14867 0.619306 -0.607334
3.14948 0.618814 -0.609558
3.15029 0.61832 -0.61178
3.1511 0.617824 -0.613998
3.15191 0.617327 -0.616213
3.15272 0.616829 -0.618426
3.15352 0.616329 -0.620635
3.15433 0.615827 -0.622841
3.15514 0.615323 -0.625044
3.15594 0.614819 -0.627245
3.15675 0.614312 -0.629442
3.15756 0.613804 -0.631636
3.15836 0.613295 -0.633827
3.15917 0.612783 -0.636015
3.15997 0.612271 -0.6382
3.16078 0.611756 -0.640382
3.16158 0.611241 -0.642561
3.16238 0.610723 -0.644737
3.16319 0.610205 -0.64691
3.16399 0.609684 -0.64908
3.16479 0.609162 -0.651247
3.16559 0.608639 -0.653411
3.1664 0.608114 -0.655571
3.1672 0.607588 -0.657729
3.168 0.60706 -0.659884
3.1688 0.60653 -0.662035
3.1696 0.605999 -0.664183
3.1704 0.605467 -0.666329
3.1712 0.604933 -0.668471
3.172 0.604398 -0.67061
3.1728 0.603861 -0.672746
3.1736 0.603322 -0.674879
3.1744 0.602782 -0.677009
3.1752 0.602241 -0.679136
3.17599 0.601698 -0.68126
3.17679 0.601154 -0.683381
3.17759 0.600608 -0.685498
3.17839 0.600061 -0.687613
3.17918 0.599512 -0.689724
3.17998 0.598962 -0.691833
3.18078 0.598411 -0.693938
3.18157 0.597858 -0.69604
3.18237 0.597303 -0.698139
3.18316 0.596747 -0.700235
3.18396 0.59619 -0.702327
3.18475 0.595631 -0.704417
3.18555 0.595071 -0.706504
3.18634 0.594509 -0.708587
3.18713 0.593946 -0.710667
3.18793 0.593382 -0.712744
3.18872 0.592816 -0.714818
3.18951 0.592249 -0.716889
3.1903 0.59168 -0.718957
3.19109 0.59111 -0.721022
3.19189 0.590539 -0.723083
3.19268 0.589966 -0.725141
3.19347 0.589391 -0.727197
3.19426 0.588816 -0.729249
3.19505 0.588239 -0.731298
3.19584 0.58766 -0.733343
3.19663 0.587081 -0.735386
3.19742 0.5865 -0.737425
3.19821 0.585917 -0.739462
3.19899 0.585333 -0.741495
3.19978 0.584748 -0.743525
3.20057 0.584161 -0.745552
3.20136 0.583573 -0.747575
3.20214 0.582984 -0.749596
3.20293 0.582393 -0.751613
3.20372 0.581801 -0.753627
3.2045 0.581208 -0.755638
3.20529 0.580614 -0.757646
3.20608 0.580018 -0.759651
3.20686 0.57942 -0.761652
3.20765 0.578822 -0.763651
3.20843 0.578222 -0.765646
3.20922 0.57762 -0.767638
3.21 0.577018 -0.769626
3.21078 0.576414 -0.771612
3.21157 0.575809 -0.773594
3.21235 0.575202 -0.775573
3.21313 0.574594 -0.777549
3.21391 0.573985 -0.779522
3.2147 0.573375 -0.781492
3.21548 0.572763 -0.783458
3.21626 0.57215 -0.785421
3.21704 0.571536 -0.787381
3.21782 0.57092 -0.789338
3.2186 0.570304 -0.791292
3.21938 0.569686 -0.793242
3.22016 0.569066 -0.795189
3.22094 0.568446 -0.797133
3.22172 0.567824 -0.799074
3.2225 0.567201 -0.801012
3.22328 0.566576 -0.802946
3.22406 0.565951 -0.804877
3.22483 0.565324 -0.806805
3.22561 0.564696 -0.80873
3.22639 0.564066 -0.810651
3.22717 0.563436 -0.812569
3.22794 0.562804 -0.814484
3.22872 0.562171 -0.816396
3.22949 0.561537 -0.818305
3.23027 0.560901 -0.82021
3.23105 0.560264 -0.822112
3.23182 0.559626 -0.824011
3.2326 0.558987 -0.825907
3.23337 0.558347 -0.827799
3.23414 0.557705 -0.829688
3.23492 0.557063 -0.831574
3.23569 0.556419 -0.833457
3.23646 0.555774 -0.835336
3.23724 0.555127 -0.837212
3.23801 0.55448 -0.839085
3.23878 0.553831 -0.840955
3.23955 0.553181 -0.842822
3.24033 0.55253 -0.844685
3.2411 0.551878 -0.846545
3.24187 0.551224 -0.848402
3.24264 0.55057 -0.850255
3.24341 0.549914 -0.852105
3.24418 0.549257 -0.853952
3.24495 0.548599 -0.855796
3.24572 0.54794 -0.857637
3.24649 0.547279 -0.859474
3.24726 0.546618 -0.861308
3.24803 0.545955 -0.863138
3.24879 0.545291 -0.864966
3.24956 0.544626 -0.86679
3.25033 0.54396 -0.868611
3.2511 0.543293 -0.870429
3.25186 0.542625 -0.872243
3.25263 0.541955 -0.874054
3.2534 0.541285 -0.875862
3.25416 0.540613 -0.877667
3.25493 0.53994 -0.879468
3.25569 0.539266 -0.881266
3.25646 0.538591 -0.883061
3.25722 0.537915 -0.884852
3.25799 0.537238 -0.886641
3.25875 0.53656 -0.888426
3.25952 0.53588 -0.890207
3.26028 0.5352 -0.891986
3.26104 0.534518 -0.893761
3.26181 0.533836 -0.895533
3.26257 0.533152 -0.897301
3.26333 0.532467 -0.899067
3.26409 0.531781 -0.900829
3.26486 0.531094 -0.902587
3.26562 0.530406 -0.904343
3.26638 0.529717 -0.906095
3.26714 0.529027 -0.907844
3.2679 0.528335 -0.909589
3.26866 0.527643 -0.911332
3.26942 0.52695 -0.913071
3.27018 0.526255 -0.914807
3.27094 0.52556 -0.916539
3.2717 0.524863 -0.918268
3.27246 0.524166 -0.919994
3.27322 0.523467 -0.921717
3.27398 0.522768 -0.923436
3.27473 0.522067 -0.925152
3.27549 0.521365 -0.926865
3.27625 0.520663 -0.928574
3.27701 0.519959 -0.93028
3.27776 0.519254 -0.931983
3.27852 0.518549 -0.933683
3.27928 0.517842 -0.935379
3.28003 0.517134 -0.937072
3.28079 0.516425 -0.938762
3.28154 0.515716 -0.940448
3.2823 0.515005 -0.942131
3.28305 0.514293 -0.943811
3.28381 0.51358 -0.945487
3.28456 0.512866 -0.94716
3.28532 0.512152 -0.94883
3.28607 0.511436 -0.950497
3.28682 0.510719 -0.95216
3.28758 0.510002 -0.95382
3.28833 0.509283 -0.955477
3.28908 0.508563 -0.95713
3.28983 0.507843 -0.95878
3.29058 0.507121 -0.960427
3.29134 0.506399 -0.96207
3.29209 0.505675 -0.96371
3.29284 0.504951 -0.965347
3.29359 0.504225 -0.966981
3.29434 0.503499 -0.968611
3.29509 0.502772 -0.970238
3.29584 0.502044 -0.971861
3.29659 0.501314 -0.973481
3.29734 0.500584 -0.975098
3.29809 0.499853 -0.976712
3.29884 0.499121 -0.978322
3.29959 0.498388 -0.979929
3.30033 0.497654 -0.981533
3.30108 0.49692 -0.983134
3.30183 0.496184 -0.984731
3.30258 0.495447 -0.986324
3.30332 0.49471 -0.987915
3.30407 0.493971 -0.989502
3.30482 0.493232 -0.991086
3.30556 0.492492 -0.992666
3.30631 0.491751 -0.994244
3.30706 0.491009 -0.995818
3.3078 0.490266 -0.997388
3.30855 0.489522 -0.998955
3.30929 0.488777 -1.00052
3.31004 0.488031 -1.00208
3.31078 0.487285 -1.00364
3.31152 0.486537 -1.00519
3.31227 0.485789 -1.00674
3.31301 0.48504 -1.00829
3.31376 0.48429 -1.00983
3.3145 0.483539 -1.01137
3.31524 0.482787 -1.01291
3.31598 0.482035 -1.01445
3.31673 0.481281 -1.01598
3.31747 0.480527 -1.0175
3.31821 0.479771 -1.01903
3.31895 0.479015 -1.02055
3.31969 0.478258 -1.02207
3.32043 0.477501 -1.02358
3.32117 0.476742 -1.02509
3.32191 0.475983 -1.0266
3.32265 0.475222 -1.0281
3.32339 0.474461 -1.0296
3.32413 0.473699 -1.0311
3.32487 0.472936 -1.0326
3.32561 0.472172 -1.03409
3.32635 0.471408 -1.03558
3.32709 0.470643 -1.03706
3.32783 0.469877 -1.03854
3.32857 0.46911 -1.04002
3.3293 0.468342 -1.04149
3.33004 0.467573 -1.04296
3.33078 0.466804 -1.04443
3.33151 0.466034 -1.0459
3.33225 0.465262 -1.04736
3.33299 0.464491 -1.04881
3.33372 0.463718 -1.05027
3.33446 0.462945 -1.05172
3.3352 0.46217 -1.05317
3.33593 0.461395 -1.05461
3.33667 0.460619 -1.05605
3.3374 0.459843 -1.05749
3.33814 0.459065 -1.05893
3.33887 0.458287 -1.06036
3.3396 0.457508 -1.06179
3.34034 0.456729 -1.06321
3.34107 0.455948 -1.06463
3.34181 0.455167 -1.06605
3.34254 0.454385 -1.06746
3.34327 0.453602 -1.06887
3.344 0.452818 -1.07028
3.34474 0.452034 -1.07169
3.34547 0.451249 -1.07309
3.3462 0.450463 -1.07449
3.34693 0.449676 -1.07588
3.34766 0.448889 -1.07727
3.34839 0.448101 -1.07866
3.34912 0.447312 -1.08005
3.34986 0.446522 -1.08143
3.35059 0.445732 -1.08281
3.35132 0.444941 -1.08418
3.35205 0.444149 -1.08555
3.35278 0.443357 -1.08692
3.35351 0.442563 -1.08828
3.35423 0.441769 -1.08965
3.35496 0.440974 -1.091
3.35569 0.440179 -1.09236
3.35642 0.439383 -1.09371
3.35715 0.438586 -1.09506
3.35788 0.437788 -1.0964
3.3586 0.43699 -1.09775
3.35933 0.436191 -1.09908
3.36006 0.435391 -1.10042
3.36079 0.434591 -1.10175
3.36151 0.433789 -1.10308
3.36224 0.432987 -1.1044
3.36297 0.432185 -1.10573
3.36369 0.431382 -1.10704
3.36442 0.430578 -1.10836
3.36514 0.429773 -1.10967
3.36587 0.428968 -1.11098
3.36659 0.428161 -1.11228
3.36732 0.427355 -1.11359
3.36804 0.426547 -1.11489
3.36877 0.425739 -1.11618
3.36949 0.42493 -1.11747
3.37022 0.424121 -1.11876
3.37094 0.423311 -1.12005
3.37166 0.4225 -1.12133
3.37239 0.421689 -1.12261
3.37311 0.420876 -1.12388
3.37383 0.420064 -1.12515
3.37455 0.41925 -1.12642
3.37528 0.418436 -1.12769
3.376 0.417621 -1.12895
3.37672 0.416806 -1.13021
3.37744 0.41599 -1.13146
3.37816 0.415173 -1.13272
3.37888 0.414355 -1.13397
3.37961 0.413537 -1.13521
3.38033 0.412719 -1.13645
3.38105 0.411899 -1.13769
3.38177 0.411079 -1.13893
3.38249 0.410259 -1.14016
3.38321 0.409438 -1.14139
3.38393 0.408616 -1.14261
3.38465 0.407793 -1.14384
3.38537 0.40697 -1.14506
3.38609 0.406146 -1.14627
3.3868 0.405322 -1.14748
3.38752 0.404497 -1.14869
3.38824 0.403671 -1.1499
3.38896 0.402845 -1.1511
3.38968 0.402018 -1.1523
3.39039 0.401191 -1.1535
3.39111 0.400363 -1.15469
3.39183 0.399534 -1.15588
3.39255 0.398705 -1.15706
3.39326 0.397875 -1.15825
3.39398 0.397044 -1.15943
3.3947 0.396213 -1.1606
3.39541 0.395381 -1.16178
3.39613 0.394549 -1.16295
3.39684 0.393716 -1.16411
3.39756 0.392883 -1.16527
3.39828 0.392049 -1.16643
3.39899 0.391214 -1.16759
3.39971 0.390379 -1.16874
3.40042 0.389543 -1.16989
3.40114 0.388707 -1.17104
3.40185 0.38787 -1.17218
3.40256 0.387032 -1.17332
3.40328 0.386194 -1.17446
3.40399 0.385355 -1.17559
3.40471 0.384516 -1.17672
3.40542 0.383676 -1.17785
3.40613 0.382836 -1.17897
3.40684 0.381995 -1.18009
3.40756 0.381153 -1.18121
3.40827 0.380311 -1.18232
3.40898 0.379469 -1.18343
3.40969 0.378625 -1.18454
3.41041 0.377782 -1.18564
3.41112 0.376937 -1.18674
3.41183 0.376092 -1.18784
3.41254 0.375247 -1.18893
3.41325 0.374401 -1.19002
3.41396 0.373555 -1.19111
3.41467 0.372708 -1.19219
3.41538 0.37186 -1.19327
3.4161 0.371012 -1.19435
3.41681 0.370163 -1.19543
3.41752 0.369314 -1.1965
3.41823 0.368464 -1.19756
3.41893 0.367614 -1.19863
3.41964 0.366764 -1.19969
3.42035 0.365912 -1.20075
3.42106 0.36506 -1.2018
3.42177 0.364208 -1.20285
3.42248 0.363355 -1.2039
3.42319 0.362502 -1.20494
3.4239 0.361648 -1.20598
3.42461 0.360794 -1.20702
3.42531 0.359939 -1.20806
3.42602 0.359083 -1.20909
3.42673 0.358228 -1.21012
3.42744 0.357371 -1.21114
3.42814 0.356514 -1.21216
3.42885 0.355657 -1.21318
3.42956 0.354799 -1.21419
3.43026 0.35394 -1.21521
3.43097 0.353082 -1.21621
3.43168 0.352222 -1.21722
3.43238 0.351362 -1.21822
3.43309 0.350502 -1.21922
3.43379 0.349641 -1.22021
3.4345 0.34878 -1.22121
3.43521 0.347918 -1.22219
3.43591 0.347055 -1.22318
3.43662 0.346193 -1.22416
3.43732 0.345329 -1.22514
3.43803 0.344466 -1.22612
3.43873 0.343601 -1.22709
3.43943 0.342737 -1.22806
3.44014 0.341872 -1.22902
3.44084 0.341006 -1.22998
3.44155 0.34014 -1.23094
3.44225 0.339273 -1.2319
3.44295 0.338406 -1.23285
3.44366 0.337539 -1.2338
3.44436 0.336671 -1.23475
3.44506 0.335802 -1.23569
3.44577 0.334933 -1.23663
3.44647 0.334064 -1.23757
3.44717 0.333194 -1.2385
3.44787 0.332324 -1.23943
3.44858 0.331453 -1.24035
3.44928 0.330582 -1.24128
3.44998 0.329711 -1.2422
3.45068 0.328839 -1.24311
3.45138 0.327966 -1.24403
3.45209 0.327093 -1.24494
3.45279 0.32622 -1.24584
3.45349 0.325346 -1.24675
3.45419 0.324472 -1.24765
3.45489 0.323597 -1.24854
3.45559 0.322722 -1.24944
3.45629 0.321847 -1.25033
3.45699 0.320971 -1.25122
3.45769 0.320095 -1.2521
3.45839 0.319218 -1.25298
3.45909 0.318341 -1.25386
3.45979 0.317463 -1.25473
3.46049 0.316585 -1.2556
3.46119 0.315706 -1.25647
3.46189 0.314828 -1.25733
3.46259 0.313948 -1.2582
3.46329 0.313069 -1.25905
3.46399 0.312189 -1.25991
3.46468 0.311308 -1.26076
3.46538 0.310427 -1.26161
3.46608 0.309546 -1.26245
3.46678 0.308664 -1.26329
3.46748 0.307782 -1.26413
3.46817 0.306899 -1.26497
3.46887 0.306016 -1.2658
3.46957 0.305133 -1.26663
3.47027 0.304249 -1.26745
3.47096 0.303365 -1.26828
3.47166 0.302481 -1.26909
3.47236 0.301596 -1.26991
3.47306 0.300711 -1.27072
3.47375 0.299825 -1.27153
3.47445 0.298939 -1.27234
3.47515 0.298052 -1.27314
3.47584 0.297166 -1.27394
3.47654 0.296278 -1.27473
3.47723 0.295391 -1.27553
3.47793 0.294503 -1.27632
3.47863 0.293615 -1.2771
3.47932 0.292726 -1.27789
3.48002 0.291837 -1.27867
3.48071 0.290947 -1.27944
3.48141 0.290058 -1.28022
3.4821 0.289167 -1.28099
3.4828 0.288277 -1.28175
3.48349 0.287386 -1.28252
3.48419 0.286495 -1.28328
3.48488 0.285603 -1.28403
3.48558 0.284711 -1.28479
3.48627 0.283819 -1.28554
3.48697 0.282926 -1.28628
3.48766 0.282033 -1.28703
3.48835 0.28114 -1.28777
3.48905 0.280246 -1.28851
3.48974 0.279352 -1.28924
3.49043 0.278457 -1.28997
3.49113 0.277563 -1.2907
3.49182 0.276667 -1.29142
3.49251 0.275772 -1.29215
3.49321 0.274876 -1.29286
3.4939 0.27398 -1.29358
3.49459 0.273083 -1.29429
3.49529 0.272187 -1.295
3.49598 0.271289 -1.2957
3.49667 0.270392 -1.29641
3.49736 0.269494 -1.29711
3.49806 0.268596 -1.2978
3.49875 0.267697 -1.29849
3.49944 0.266799 -1.29918
3.50013 0.265899 -1.29987
3.50082 0.265 -1.30055
3.50152 0.2641 -1.30123
3.50221 0.2632 -1.30191
3.5029 0.2623 -1.30258
3.50359 0.261399 -1.30325
3.50428 0.260498 -1.30392
3.50497 0.259596 -1.30458
3.50566 0.258695 -1.30524
3.50635 0.257793 -1.30589
3.50704 0.25689 -1.30655
3.50774 0.255988 -1.3072
3.50843 0.255085 -1.30785
3.50912 0.254181 -1.30849
3.50981 0.253278 -1.30913
3.5105 0.252374 -1.30977
3.51119 0.25147 -1.3104
3.51188 0.250565 -1.31103
3.51257 0.249661 -1.31166
3.51326 0.248756 -1.31228
3.51395 0.24785 -1.31291
3.51464 0.246945 -1.31352
3.51533 0.246039 -1.31414
3.51602 0.245132 -1.31475
3.51671 0.244226 -1.31536
3.51739 0.243319 -1.31596
3.51808 0.242412 -1.31657
3.51877 0.241504 -1.31716
3.51946 0.240597 -1.31776
3.52015 0.239689 -1.31835
3.52084 0.238781 -1.31894
3.52153 0.237872 -1.31953
3.52222 0.236963 -1.32011
3.5229 0.236054 -1.32069
3.52359 0.235145 -1.32126
3.52428 0.234235 -1.32184
3.52497 0.233325 -1.32241
3.52566 0.232415 -1.32297
3.52635 0.231505 -1.32354
3.52703 0.230594 -1.3241
3.52772 0.229683 -1.32465
3.52841 0.228772 -1.32521
3.5291 0.22786 -1.32576
3.52978 0.226949 -1.3263
3.53047 0.226037 -1.32685
3.53116 0.225124 -1.32739
3.53185 0.224212 -1.32793
3.53253 0.223299 -1.32846
3.53322 0.222386 -1.32899
3.53391 0.221473 -1.32952
3.5346 0.220559 -1.33004
3.53528 0.219645 -1.33057
3.53597 0.218731 -1.33108
3.53666 0.217817 -1.3316
3.53734 0.216902 -1.33211
3.53803 0.215987 -1.33262
3.53872 0.215072 -1.33312
3.5394 0.214157 -1.33363
3.54009 0.213241 -1.33413
3.54077 0.212326 -1.33462
3.54146 0.21141 -1.33511
3.54215 0.210493 -1.3356
3.54283 0.209577 -1.33609
3.54352 0.20866 -1.33657
3.54421 0.207743 -1.33705
3.54489 0.206826 -1.33753
3.54558 0.205909 -1.338
3.54626 0.204991 -1.33847
3.54695 0.204073 -1.33894
3.54763 0.203155 -1.3394
3.54832 0.202236 -1.33986
3.54901 0.201318 -1.34032
3.54969 0.200399 -1.34077
3.55038 0.19948 -1.34122
3.55106 0.198561 -1.34167
3.55175 0.197641 -1.34212
3.55243 0.196722 -1.34256
3.55312 0.195802 -1.343
3.5538 0.194882 -1.34343
3.55449 0.193961 -1.34386
3.55517 0.193041 -1.34429
3.55586 0.19212 -1.34472
3.55654 0.191199 -1.34514
3.55723 0.190278 -1.34556
3.55791 0.189357 -1.34597
3.55859 0.188435 -1.34638
3.55928 0.187513 -1.34679
3.55996 0.186591 -1.3472
3.56065 0.185669 -1.3476
3.56133 0.184747 -1.348
3.56202 0.183824 -1.3484
3.5627 0.182901 -1.34879
3.56339 0.181978 -1.34918
3.56407 0.181055 -1.34957
3.56475 0.180132 -1.34995
3.56544 0.179208 -1.35033
3.56612 0.178284 -1.35071
3.56681 0.17736 -1.35108
3.56749 0.176436 -1.35145
3.56817 0.175512 -1.35182
3.56886 0.174587 -1.35219
3.56954 0.173663 -1.35255
3.57022 0.172738 -1.3529
3.57091 0.171813 -1.35326
3.57159 0.170887 -1.35361
3.57228 0.169962 -1.35396
3.57296 0.169036 -1.3543
3.57364 0.168111 -1.35465
3.57433 0.167185 -1.35498
3.57501 0.166258 -1.35532
3.57569 0.165332 -1.35565
3.57638 0.164406 -1.35598
3.57706 0.163479 -1.35631
3.57774 0.162552 -1.35663
3.57843 0.161625 -1.35695
3.57911 0.160698 -1.35727
3.57979 0.159771 -1.35758
3.58048 0.158843 -1.35789
3.58116 0.157915 -1.3582
3.58184 0.156988 -1.3585
3.58252 0.15606 -1.3588
3.58321 0.155131 -1.3591
3.58389 0.154203 -1.35939
3.58457 0.153275 -1.35968
3.58526 0.152346 -1.35997
3.58594 0.151417 -1.36025
3.58662 0.150488 -1.36054
3.58731 0.149559 -1.36081
3.58799 0.14863 -1.36109
3.58867 0.1477 -1.36136
3.58935 0.146771 -1.36163
3.59004 0.145841 -1.36189
3.59072 0.144911 -1.36216
3.5914 0.143981 -1.36241
3.59208 0.143051 -1.36267
3.59277 0.142121 -1.36292
3.59345 0.141191 -1.36317
3.59413 0.14026 -1.36342
3.59481 0.139329 -1.36366
3.5955 0.138398 -1.3639
3.59618 0.137467 -1.36414
3.59686 0.136536 -1.36437
3.59754 0.135605 -1.3646
3.59823 0.134674 -1.36483
3.59891 0.133742 -1.36505
3.59959 0.132811 -1.36527
3.60027 0.131879 -1.36549
3.60096 0.130947 -1.3657
3.60164 0.130015 -1.36591
3.60232 0.129083 -1.36612
3.603 0.12815 -1.36633
3.60369 0.127218 -1.36653
3.60437 0.126285 -1.36673
3.60505 0.125353 -1.36692
3.60573 0.12442 -1.36711
3.60642 0.123487 -1.3673
3.6071 0.122554 -1.36749
3.60778 0.121621 -1.36767
3.60846 0.120688 -1.36785
3.60915 0.119754 -1.36802
3.60983 0.118821 -1.3682
3.61051 0.117887 -1.36837
3.61119 0.116954 -1.36853
3.61187 0.11602 -1.36869
3.61256 0.115086 -1.36885
3.61324 0.114152 -1.36901
3.61392 0.113218 -1.36916
3.6146 0.112283 -1.36931
3.61529 0.111349 -1.36946
3.61597 0.110415 -1.36961
3.61665 0.10948 -1.36975
3.61733 0.108545 -1.36988
3.61802 0.107611 -1.37002
3.6187 0.106676 -1.37015
3.61938 0.105741 -1.37028
3.62006 0.104806 -1.3704
3.62074 0.103871 -1.37052
3.62143 0.102935 -1.37064
3.62211 0.102 -1.37076
3.62279 0.101065 -1.37087
3.62347 0.100129 -1.37098
3.62416 0.0991936 -1.37108
3.62484 0.0982579 -1.37119
3.62552 0.0973222 -1.37129
3.6262 0.0963863 -1.37138
3.62689 0.0954504 -1.37147
3.62757 0.0945143 -1.37156
3.62825 0.0935782 -1.37165
3.62893 0.0926421 -1.37173
3.62962 0.0917058 -1.37181
3.6303 0.0907695 -1.37189
3.63098 0.089833 -1.37196
3.63166 0.0888965 -1.37203
3.63235 0.08796 -1.3721
3.63303 0.0870233 -1.37217
3.63371 0.0860866 -1.37223
3.63439 0.0851498 -1.37228
3.63508 0.084213 -1.37234
3.63576 0.083276 -1.37239
3.63644 0.082339 -1.37244
3.63713 0.081402 -1.37248
3.63781 0.0804649 -1.37252
3.63849 0.0795277 -1.37256
3.63917 0.0785904 -1.3726
3.63986 0.0776531 -1.37263
3.64054 0.0767157 -1.37266
3.64122 0.0757783 -1.37269
3.64191 0.0748408 -1.37271
3.64259 0.0739032 -1.37273
3.64327 0.0729656 -1.37274
3.64395 0.0720279 -1.37276
3.64464 0.0710902 -1.37277
3.64532 0.0701524 -1.37277
3.646 0.0692146 -1.37278
3.64669 0.0682767 -1.37278
3.64737 0.0673388 -1.37277
3.64805 0.0664008 -1.37277
3.64874 0.0654628 -1.37276
3.64942 0.0645247 -1.37275
3.6501 0.0635866 -1.37273
3.65079 0.0626484 -1.37271
3.65147 0.0617102 -1.37269
3.65215 0.060772 -1.37266
3.65284 0.0598337 -1.37263
3.65352 0.0588954 -1.3726
3.6542 0.057957 -1.37257
3.65489 0.0570186 -1.37253
3.65557 0.0560802 -1.37249
3.65626 0.0551417 -1.37244
3.65694 0.0542032 -1.3724
3.65762 0.0532646 -1.37234
3.65831 0.0523261 -1.37229
3.65899 0.0513875 -1.37223
3.65968 0.0504488 -1.37217
3.66036 0.0495102 -1.37211
3.66104 0.0485715 -1.37204
3.66173 0.0476328 -1.37197
3.66241 0.0466941 -1.3719
3.6631 0.0457553 -1.37182
3.66378 0.0448165 -1.37174
3.66447 0.0438777 -1.37166
3.66515 0.0429389 -1.37157
3.66583 0.042 -1.37148
3.66652 0.0410612 -1.37139
3.6672 0.0401223 -1.37129
3.66789 0.0391834 -1.3712
3.66857 0.0382445 -1.37109
3.66926 0.0373056 -1.37099
3.66994 0.0363667 -1.37088
3.67063 0.0354277 -1.37077
3.67131 0.0344888 -1.37065
3.672 0.0335498 -1.37053
3.67268 0.0326108 -1.37041
3.67337 0.0316719 -1.37029
3.67405 0.0307329 -1.37016
3.67474 0.0297939 -1.37003
3.67542 0.0288549 -1.36989
3.67611 0.0279159 -1.36976
3.6768 0.0269769 -1.36962
3.67748 0.0260379 -1.36947
3.67817 0.0250989 -1.36933
3.67885 0.0241599 -1.36918
3.67954 0.023221 -1.36902
3.68022 0.022282 -1.36887
3.68091 0.021343 -1.36871
3.6816 0.020404 -1.36854
3.68228 0.0194651 -1.36838
3.68297 0.0185261 -1.36821
3.68365 0.0175872 -1.36803
3.68434 0.0166483 -1.36786
3.68503 0.0157094 -1.36768
3.68571 0.0147705 -1.3675
3.6864 0.0138316 -1.36731
3.68709 0.0128927 -1.36712
3.68777 0.0119539 -1.36693
3.68846 0.011015 -1.36673
3.68915 0.0100762 -1.36654
3.68984 0.00913744 -1.36633
3.69052 0.00819867 -1.36613
3.69121 0.00725993 -1.36592
3.6919 0.00632121 -1.36571
3.69258 0.00538251 -1.36549
3.69327 0.00444385 -1.36528
3.69396 0.0035052 -1.36506
3.69465 0.00256659 -1.36483
3.69533 0.00162801 -1.3646
3.69602 0.000689462 -1.36437
3.69671 -0.000249056 -1.36414
3.6974 -0.00118754 -1.3639
3.69809 -0.00212599 -1.36366
3.69877 -0.0030644 -1.36342
3.69946 -0.00400278 -1.36317
3.70015 -0.00494112 -1.36292
3.70084 -0.00587942 -1.36267
3.70153 -0.00681768 -1.36241
3.70222 -0.00775589 -1.36215
3.70291 -0.00869407 -1.36189
3.70359 -0.0096322 -1.36162
3.70428 -0.0105703 -1.36135
3.70497 -0.0115083 -1.36108
3.70566 -0.0124463 -1.36081
3.70635 -0.0133843 -1.36053
3.70704 -0.0143222 -1.36025
3.70773 -0.01526 -1.35996
3.70842 -0.0161978 -1.35967
3.70911 -0.0171355 -1.35938
3.7098 -0.0180732 -1.35908
3.71049 -0.0190108 -1.35879
3.71118 -0.0199484 -1.35848
3.71187 -0.0208859 -1.35818
3.71256 -0.0218234 -1.35787
3.71325 -0.0227608 -1.35756
3.71394 -0.0236981 -1.35725
3.71463 -0.0246354 -1.35693
3.71532 -0.0255726 -1.35661
3.71601 -0.0265097 -1.35628
3.7167 -0.0274468 -1.35595
3.7174 -0.0283838 -1.35562
3.71809 -0.0293207 -1.35529
3.71878 -0.0302576 -1.35495
3.71947 -0.0311944 -1.35461
3.72016 -0.0321311 -1.35427
3.72085 -0.0330678 -1.35392
3.72155 -0.0340044 -1.35357
3.72224 -0.0349409 -1.35322
3.72293 -0.0358773 -1.35286
3.72362 -0.0368137 -1.3525
3.72431 -0.0377499 -1.35214
3.72501 -0.0386861 -1.35177
3.7257 -0.0396222 -1.3514
3.72639 -0.0405583 -1.35103
3.72708 -0.0414942 -1.35065
3.72778 -0.0424301 -1.35027
3.72847 -0.0433658 -1.34989
3.72916 -0.0443015 -1.34951
3.72986 -0.0452371 -1.34912
3.73055 -0.0461726 -1.34873
3.73124 -0.047108 -1.34833
3.73194 -0.0480433 -1.34793
3.73263 -0.0489786 -1.34753
3.73333 -0.0499137 -1.34712
3.73402 -0.0508488 -1.34671
3.73471 -0.0517837 -1.3463
3.73541 -0.0527185 -1.34589
3.7361 -0.0536533 -1.34547
3.7368 -0.0545879 -1.34505
3.73749 -0.0555225 -1.34462
3.73819 -0.0564569 -1.3442
3.73888 -0.0573912 -1.34376
3.73958 -0.0583255 -1.34333
3.74027 -0.0592596 -1.34289
3.74097 -0.0601936 -1.34245
3.74167 -0.0611275 -1.34201
3.74236 -0.0620613 -1.34156
3.74306 -0.062995 -1.34111
3.74375 -0.0639286 -1.34065
3.74445 -0.064862 -1.3402
3.74515 -0.0657954 -1.33974
3.74584 -0.0667286 -1.33927
3.74654 -0.0676617 -1.3388
3.74724 -0.0685947 -1.33833
3.74793 -0.0695276 -1.33786
3.74863 -0.0704603 -1.33738
3.74933 -0.0713929 -1.3369
3.75003 -0.0723254 -1.33642
3.75072 -0.0732578 -1.33593
3.75142 -0.0741901 -1.33544
3.75212 -0.0751222 -1.33495
3.75282 -0.0760542 -1.33445
3.75352 -0.076986 -1.33395
3.75422 -0.0779178 -1.33345
3.75492 -0.0788494 -1.33294
3.75561 -0.0797808 -1.33243
3.75631 -0.0807122 -1.33192
3.75701 -0.0816433 -1.3314
3.75771 -0.0825744 -1.33088
3.75841 -0.0835053 -1.33036
3.75911 -0.0844361 -1.32983
3.75981 -0.0853667 -1.3293
3.76051 -0.0862972 -1.32877
3.76121 -0.0872276 -1.32824
3.76191 -0.0881578 -1.3277
3.76261 -0.0890878 -1.32715
3.76331 -0.0900177 -1.32661
3.76401 -0.0909475 -1.32606
3.76472 -0.0918771 -1.32551
3.76542 -0.0928066 -1.32495
3.76612 -0.0937359 -1.32439
3.76682 -0.094665 -1.32383
3.76752 -0.095594 -1.32326
3.76822 -0.0965228 -1.3227
3.76893 -0.0974515 -1.32212
3.76963 -0.09838 -1.32155
3.77033 -0.0993084 -1.32097
3.77103 -0.100237 -1.32039
3.77174 -0.101165 -1.3198
3.77244 -0.102093 -1.31921
3.77314 -0.10302 -1.31862
3.77385 -0.103948 -1.31803
3.77455 -0.104875 -1.31743
3.77526 -0.105802 -1.31683
3.77596 -0.106729 -1.31622
3.77666 -0.107656 -1.31561
3.77737 -0.108583 -1.315
3.77807 -0.109509 -1.31438
3.77878 -0.110436 -1.31377
3.77948 -0.111362 -1.31314
3.78019 -0.112288 -1.31252
3.78089 -0.113214 -1.31189
3.7816 -0.114139 -1.31126
3.78231 -0.115065 -1.31062
3.78301 -0.11599 -1.30999
3.78372 -0.116915 -1.30934
3.78442 -0.11784 -1.3087
3.78513 -0.118764 -1.30805
3.78584 -0.119689 -1.3074
3.78655 -0.120613 -1.30674
3.78725 -0.121537 -1.30609
3.78796 -0.122461 -1.30543
3.78867 -0.123385 -1.30476
3.78938 -0.124308 -1.30409
3.79008 -0.125232 -1.30342
3.79079 -0.126155 -1.30275
3.7915 -0.127078 -1.30207
3.79221 -0.128001 -1.30139
3.79292 -0.128923 -1.3007
3.79363 -0.129845 -1.30001
3.79434 -0.130767 -1.29932
3.79505 -0.131689 -1.29863
3.79576 -0.132611 -1.29793
3.79647 -0.133533 -1.29723
3.79718 -0.134454 -1.29652
3.79789 -0.135375 -1.29581
3.7986 -0.136296 -1.2951
3.79931 -0.137216 -1.29439
3.80002 -0.138137 -1.29367
3.80073 -0.139057 -1.29295
3.80145 -0.139977 -1.29222
3.80216 -0.140897 -1.2915
3.80287 -0.141816 -1.29076
3.80358 -0.142735 -1.29003
3.80429 -0.143654 -1.28929
3.80501 -0.144573 -1.28855
3.80572 -0.145492 -1.2878
3.80643 -0.14641 -1.28706
3.80715 -0.147328 -1.2863
3.80786 -0.148246 -1.28555
3.80858 -0.149164 -1.28479
3.80929 -0.150081 -1.28403
3.81 -0.150999 -1.28326
3.81072 -0.151916 -1.2825
3.81143 -0.152832 -1.28172
3.81215 -0.153749 -1.28095
3.81286 -0.154665 -1.28017
3.81358 -0.155581 -1.27939
3.8143 -0.156497 -1.2786
3.81501 -0.157412 -1.27781
3.81573 -0.158327 -1.27702
3.81645 -0.159242 -1.27623
3.81716 -0.160157 -1.27543
3.81788 -0.161072 -1.27463
3.8186 -0.161986 -1.27382
3.81931 -0.1629 -1.27301
3.82003 -0.163813 -1.2722
3.82075 -0.164727 -1.27138
3.82147 -0.16564 -1.27056
3.82219 -0.166553 -1.26974
3.82291 -0.167466 -1.26892
3.82363 -0.168378 -1.26809
3.82435 -0.16929 -1.26725
3.82507 -0.170202 -1.26642
3.82579 -0.171114 -1.26558
3.82651 -0.172025 -1.26474
3.82723 -0.172936 -1.26389
3.82795 -0.173847 -1.26304
3.82867 -0.174757 -1.26219
3.82939 -0.175667 -1.26133
3.83011 -0.176577 -1.26047
3.83083 -0.177487 -1.25961
3.83156 -0.178396 -1.25874
3.83228 -0.179305 -1.25787
3.833 -0.180214 -1.257
3.83372 -0.181123 -1.25612
3.83445 -0.182031 -1.25524
3.83517 -0.182939 -1.25436
3.83589 -0.183846 -1.25347
3.83662 -0.184754 -1.25258
3.83734 -0.185661 -1.25169
3.83807 -0.186567 -1.25079
3.83879 -0.187474 -1.24989
3.83952 -0.18838 -1.24899
3.84024 -0.189286 -1.24808
3.84097 -0.190191 -1.24717
3.8417 -0.191097 -1.24625
3.84242 -0.192002 -1.24534
3.84315 -0.192906 -1.24442
3.84388 -0.19381 -1.24349
3.8446 -0.194714 -1.24256
3.84533 -0.195618 -1.24163
3.84606 -0.196521 -1.2407
3.84679 -0.197424 -1.23976
3.84751 -0.198327 -1.23882
3.84824 -0.199229 -1.23787
3.84897 -0.200131 -1.23692
3.8497 -0.201033 -1.23597
3.85043 -0.201935 -1.23502
3.85116 -0.202836 -1.23406
3.85189 -0.203736 -1.23309
3.85262 -0.204637 -1.23213
3.85335 -0.205537 -1.23116
3.85408 -0.206437 -1.23019
3.85481 -0.207336 -1.22921
3.85555 -0.208235 -1.22823
3.85628 -0.209134 -1.22725
3.85701 -0.210032 -1.22626
3.85774 -0.21093 -1.22527
3.85848 -0.211828 -1.22428
3.85921 -0.212725 -1.22328
3.85994 -0.213622 -1.22228
3.86068 -0.214519 -1.22128
3.86141 -0.215415 -1.22027
3.86215 -0.216311 -1.21926
3.86288 -0.217207 -1.21825
3.86362 -0.218102 -1.21723
3.86435 -0.218997 -1.21621
3.86509 -0.219891 -1.21518
3.86582 -0.220785 -1.21416
3.86656 -0.221679 -1.21312
3.8673 -0.222573 -1.21209
3.86803 -0.223466 -1.21105
3.86877 -0.224358 -1.21001
3.86951 -0.225251 -1.20896
3.87025 -0.226143 -1.20791
3.87099 -0.227034 -1.20686
3.87172 -0.227925 -1.20581
3.87246 -0.228816 -1.20475
3.8732 -0.229706 -1.20368
3.87394 -0.230596 -1.20262
3.87468 -0.231486 -1.20155
3.87542 -0.232375 -1.20048
3.87616 -0.233264 -1.1994
3.8769 -0.234153 -1.19832
3.87765 -0.235041 -1.19723
3.87839 -0.235928 -1.19615
3.87913 -0.236816 -1.19506
3.87987 -0.237702 -1.19396
3.88062 -0.238589 -1.19286
3.88136 -0.239475 -1.19176
3.8821 -0.240361 -1.19066
3.88285 -0.241246 -1.18955
3.88359 -0.242131 -1.18844
3.88433 -0.243015 -1.18732
3.88508 -0.243899 -1.1862
3.88582 -0.244783 -1.18508
3.88657 -0.245666 -1.18396
3.88732 -0.246549 -1.18283
3.88806 -0.247431 -1.18169
3.88881 -0.248313 -1.18056
3.88956 -0.249194 -1.17942
3.8903 -0.250075 -1.17827
3.89105 -0.250956 -1.17713
3.8918 -0.251836 -1.17598
3.89255 -0.252716 -1.17482
3.8933 -0.253595 -1.17366
3.89405 -0.254474 -1.1725
3.8948 -0.255353 -1.17134
3.89555 -0.256231 -1.17017
3.8963 -0.257108 -1.169
3.89705 -0.257985 -1.16782
3.8978 -0.258862 -1.16664
3.89855 -0.259738 -1.16546
3.8993 -0.260614 -1.16428
3.90005 -0.261489 -1.16309
3.90081 -0.262364 -1.16189
3.90156 -0.263239 -1.1607
3.90231 -0.264113 -1.1595
3.90307 -0.264986 -1.15829
3.90382 -0.265859 -1.15709
3.90457 -0.266732 -1.15588
3.90533 -0.267604 -1.15466
3.90608 -0.268475 -1.15344
3.90684 -0.269346 -1.15222
3.9076 -0.270217 -1.151
3.90835 -0.271087 -1.14977
3.90911 -0.271957 -1.14854
3.90987 -0.272826 -1.1473
3.91062 -0.273695 -1.14606
3.91138 -0.274563 -1.14482
3.91214 -0.275431 -1.14357
3.9129 -0.276298 -1.14232
3.91366 -0.277165 -1.14107
3.91442 -0.278031 -1.13981
3.91518 -0.278897 -1.13855
3.91594 -0.279762 -1.13728
3.9167 -0.280627 -1.13602
3.91746 -0.281491 -1.13474
3.91822 -0.282355 -1.13347
3.91898 -0.283218 -1.13219
3.91975 -0.284081 -1.13091
3.92051 -0.284943 -1.12962
3.92127 -0.285804 -1.12833
3.92204 -0.286666 -1.12704
3.9228 -0.287526 -1.12574
3.92356 -0.288386 -1.12444
3.92433 -0.289246 -1.12314
3.92509 -0.290105 -1.12183
3.92586 -0.290963 -1.12052
3.92663 -0.291821 -1.1192
3.92739 -0.292679 -1.11788
3.92816 -0.293536 -1.11656
3.92893 -0.294392 -1.11523
3.92969 -0.295248 -1.11391
3.93046 -0.296103 -1.11257
3.93123 -0.296958 -1.11124
3.932 -0.297812 -1.1099
3.93277 -0.298666 -1.10855
3.93354 -0.299519 -1.1072
3.93431 -0.300371 -1.10585
3.93508 -0.301223 -1.1045
3.93585 -0.302074 -1.10314
3.93662 -0.302925 -1.10178
3.9374 -0.303776 -1.10041
3.93817 -0.304625 -1.09904
3.93894 -0.305474 -1.09767
3.93972 -0.306323 -1.09629
3.94049 -0.307171 -1.09491
3.94126 -0.308018 -1.09353
3.94204 -0.308865 -1.09214
3.94281 -0.309711 -1.09075
3.94359 -0.310556 -1.08935
3.94437 -0.311401 -1.08795
3.94514 -0.312246 -1.08655
3.94592 -0.31309 -1.08515
3.9467 -0.313933 -1.08374
3.94748 -0.314775 -1.08232
3.94825 -0.315617 -1.08091
3.94903 -0.316459 -1.07948
3.94981 -0.317299 -1.07806
3.95059 -0.318139 -1.07663
3.95137 -0.318979 -1.0752
3.95215 -0.319818 -1.07376
3.95293 -0.320656 -1.07233
3.95372 -0.321494 -1.07088
3.9545 -0.322331 -1.06944
3.95528 -0.323167 -1.06799
3.95606 -0.324003 -1.06653
3.95685 -0.324838 -1.06507
3.95763 -0.325672 -1.06361
3.95842 -0.326506 -1.06215
3.9592 -0.327339 -1.06068
3.95999 -0.328172 -1.05921
3.96077 -0.329004 -1.05773
3.96156 -0.329835 -1.05625
3.96235 -0.330665 -1.05477
3.96313 -0.331495 -1.05328
3.96392 -0.332325 -1.05179
3.96471 -0.333153 -1.0503
3.9655 -0.333981 -1.0488
3.96629 -0.334808 -1.0473
3.96708 -0.335635 -1.04579
3.96787 -0.336461 -1.04428
3.96866 -0.337286 -1.04277
3.96945 -0.33811 -1.04125
3.97024 -0.338934 -1.03973
3.97103 -0.339757 -1.0382
3.97183 -0.34058 -1.03668
3.97262 -0.341401 -1.03515
3.97341 -0.342222 -1.03361
3.97421 -0.343043 -1.03207
3.975 -0.343862 -1.03053
3.9758 -0.344681 -1.02898
3.97659 -0.345499 -1.02743
3.97739 -0.346317 -1.02588
3.97819 -0.347133 -1.02432
3.97898 -0.347949 -1.02276
3.97978 -0.348765 -1.02119
3.98058 -0.349579 -1.01962
3.98138 -0.350393 -1.01805
3.98218 -0.351206 -1.01647
3.98298 -0.352018 -1.01489
3.98378 -0.35283 -1.01331
3.98458 -0.353641 -1.01172
3.98538 -0.354451 -1.01013
3.98618 -0.35526 -1.00853
3.98698 -0.356069 -1.00693
3.98779 -0.356877 -1.00533
3.98859 -0.357684 -1.00372
3.98939 -0.35849 -1.00211
3.9902 -0.359296 -1.0005
3.991 -0.360101 -0.998881
3.99181 -0.360905 -0.99726
3.99261 -0.361708 -0.995634
3.99342 -0.36251 -0.994005
3.99423 -0.363312 -0.992372
3.99504 -0.364113 -0.990735
3.99584 -0.364913 -0.989094
3.99665 -0.365712 -0.98745
3.99746 -0.36651 -0.985802
3.99827 -0.367308 -0.98415
3.99908 -0.368105 -0.982494
3.99989 -0.368901 -0.980835
4.0007 -0.369696 -0.979171
4.00152 -0.370491 -0.977504
4.00233 -0.371284 -0.975833
4.00314 -0.372077 -0.974159
4.00396 -0.372869 -0.97248
4.00477 -0.37366 -0.970798
4.00558 -0.37445 -0.969112
4.0064 -0.375239 -0.967422
4.00722 -0.376028 -0.965729
4.00803 -0.376816 -0.964031
4.00885 -0.377603 -0.96233
4.00967 -0.378389 -0.960625
4.01048 -0.379174 -0.958916
4.0113 -0.379958 -0.957204
4.01212 -0.380741 -0.955487
4.01294 -0.381524 -0.953767
4.01376 -0.382306 -0.952043
4.01458 -0.383086 -0.950315
4.0154 -0.383866 -0.948583
4.01623 -0.384645 -0.946848
4.01705 -0.385423 -0.945109
4.01787 -0.386201 -0.943366
4.0187 -0.386977 -0.941619
4.01952 -0.387752 -0.939868
4.02035 -0.388527 -0.938114
4.02117 -0.389301 -0.936355
4.022 -0.390073 -0.934593
4.02282 -0.390845 -0.932827
4.02365 -0.391616 -0.931058
4.02448 -0.392386 -0.929284
4.02531 -0.393155 -0.927507
4.02614 -0.393923 -0.925725
4.02696 -0.39469 -0.92394
4.02779 -0.395456 -0.922151
4.02863 -0.396221 -0.920359
4.02946 -0.396986 -0.918562
4.03029 -0.397749 -0.916762
4.03112 -0.398511 -0.914958
4.03195 -0.399273 -0.91315
4.03279 -0.400033 -0.911338
4.03362 -0.400792 -0.909522
4.03446 -0.401551 -0.907703
4.03529 -0.402308 -0.90588
4.03613 -0.403065 -0.904053
4.03696 -0.40382 -0.902222
4.0378 -0.404575 -0.900387
4.03864 -0.405328 -0.898548
4.03948 -0.406081 -0.896706
4.04032 -0.406832 -0.89486
4.04116 -0.407583 -0.89301
4.042 -0.408332 -0.891156
4.04284 -0.409081 -0.889298
4.04368 -0.409828 -0.887436
4.04452 -0.410575 -0.885571
4.04536 -0.41132 -0.883702
4.04621 -0.412064 -0.881829
4.04705 -0.412807 -0.879952
4.04789 -0.41355 -0.878071
4.04874 -0.414291 -0.876187
4.04958 -0.415031 -0.874298
4.05043 -0.41577 -0.872406
4.05128 -0.416508 -0.87051
4.05212 -0.417245 -0.86861
4.05297 -0.417981 -0.866706
4.05382 -0.418715 -0.864799
4.05467 -0.419449 -0.862887
4.05552 -0.420182 -0.860972
4.05637 -0.420913 -0.859053
4.05722 -0.421643 -0.85713
4.05807 -0.422373 -0.855204
4.05893 -0.423101 -0.853273
4.05978 -0.423828 -0.851339
4.06063 -0.424554 -0.849401
4.06149 -0.425278 -0.847459
4.06234 -0.426002 -0.845513
4.0632 -0.426725 -0.843563
4.06405 -0.427446 -0.84161
4.06491 -0.428166 -0.839652
4.06577 -0.428885 -0.837691
4.06663 -0.429603 -0.835726
4.06748 -0.43032 -0.833758
4.06834 -0.431035 -0.831785
4.0692 -0.43175 -0.829809
4.07006 -0.432463 -0.827829
4.07093 -0.433175 -0.825845
4.07179 -0.433886 -0.823857
4.07265 -0.434596 -0.821865
4.07351 -0.435304 -0.81987
4.07438 -0.436011 -0.81787
4.07524 -0.436717 -0.815867
4.07611 -0.437422 -0.81386
4.07697 -0.438126 -0.81185
4.07784 -0.438828 -0.809835
4.0787 -0.439529 -0.807817
4.07957 -0.440229 -0.805795
4.08044 -0.440928 -0.803769
4.08131 -0.441625 -0.801739
4.08218 -0.442322 -0.799706
4.08305 -0.443017 -0.797669
4.08392 -0.44371 -0.795627
4.08479 -0.444403 -0.793583
4.08566 -0.445094 -0.791534
4.08654 -0.445784 -0.789482
4.08741 -0.446472 -0.787425
4.08828 -0.447159 -0.785365
4.08916 -0.447845 -0.783302
4.09003 -0.44853 -0.781234
4.09091 -0.449214 -0.779163
4.09178 -0.449896 -0.777088
4.09266 -0.450576 -0.775009
4.09354 -0.451256 -0.772926
4.09442 -0.451934 -0.77084
4.0953 -0.452611 -0.76875
4.09618 -0.453286 -0.766656
4.09706 -0.45396 -0.764558
4.09794 -0.454633 -0.762457
4.09882 -0.455304 -0.760352
4.0997 -0.455974 -0.758243
4.10059 -0.456643 -0.75613
4.10147 -0.45731 -0.754014
4.10235 -0.457976 -0.751894
4.10324 -0.45864 -0.74977
4.10412 -0.459303 -0.747642
4.10501 -0.459965 -0.745511
4.1059 -0.460625 -0.743376
4.10679 -0.461284 -0.741238
4.10767 -0.461941 -0.739095
4.10856 -0.462597 -0.736949
4.10945 -0.463252 -0.734799
4.11034 -0.463905 -0.732646
4.11123 -0.464557 -0.730489
4.11212 -0.465207 -0.728328
4.11302 -0.465856 -0.726163
4.11391 -0.466503 -0.723995
4.1148 -0.467149 -0.721823
4.1157 -0.467793 -0.719648
4.11659 -0.468436 -0.717468
4.11749 -0.469078 -0.715286
4.11838 -0.469718 -0.713099
4.11928 -0.470356 -0.710909
4.12018 -0.470993 -0.708715
4.12107 -0.471628 -0.706518
4.12197 -0.472262 -0.704317
4.12287 -0.472895 -0.702112
4.12377 -0.473525 -0.699904
4.12467 -0.474155 -0.697692
4.12557 -0.474783 -0.695476
4.12648 -0.475409 -0.693257
4.12738 -0.476033 -0.691034
4.12828 -0.476656 -0.688808
4.12919 -0.477278 -0.686578
4.13009 -0.477898 -0.684345
4.13099 -0.478516 -0.682108
4.1319 -0.479133 -0.679867
4.13281 -0.479748 -0.677623
4.13371 -0.480362 -0.675376
4.13462 -0.480974 -0.673124
4.13553 -0.481584 -0.67087
4.13644 -0.482193 -0.668611
4.13735 -0.4828 -0.66635
4.13826 -0.483405 -0.664084
4.13917 -0.484009 -0.661816
4.14008 -0.484611 -0.659543
4.14099 -0.485212 -0.657268
4.1419 -0.48581 -0.654988
4.14282 -0.486407 -0.652706
4.14373 -0.487003 -0.650419
4.14465 -0.487597 -0.64813
4.14556 -0.488189 -0.645837
4.14648 -0.488779 -0.64354
4.14739 -0.489368 -0.641241
4.14831 -0.489955 -0.638937
4.14923 -0.49054 -0.63663
4.15015 -0.491124 -0.63432
4.15107 -0.491706 -0.632007
4.15199 -0.492286 -0.62969
4.15291 -0.492864 -0.62737
4.15383 -0.493441 -0.625046
4.15475 -0.494015 -0.622719
4.15567 -0.494588 -0.620389
4.15659 -0.49516 -0.618055
4.15752 -0.495729 -0.615718
4.15844 -0.496297 -0.613378
4.15936 -0.496863 -0.611035
4.16029 -0.497427 -0.608688
4.16121 -0.497989 -0.606338
4.16214 -0.49855 -0.603985
4.16307 -0.499109 -0.601628
4.16399 -0.499665 -0.599268
4.16492 -0.50022 -0.596905
4.16585 -0.500774 -0.594539
4.16678 -0.501325 -0.592169
4.16771 -0.501874 -0.589797
4.16864 -0.502422 -0.587421
4.16957 -0.502968 -0.585042
4.1705 -0.503512 -0.58266
4.17143 -0.504054 -0.580275
4.17237 -0.504594 -0.577886
4.1733 -0.505132 -0.575495
4.17423 -0.505668 -0.5731
4.17517 -0.506203 -0.570702
4.1761 -0.506735 -0.568301
4.17704 -0.507266 -0.565898
4.17798 -0.507794 -0.563491
4.17891 -0.508321 -0.561081
4.17985 -0.508845 -0.558668
4.18079 -0.509368 -0.556252
4.18173 -0.509889 -0.553833
4.18266 -0.510408 -0.551411
4.1836 -0.510925 -0.548986
4.18454 -0.51144 -0.546558
4.18548 -0.511952 -0.544128
4.18642 -0.512463 -0.541694
4.18737 -0.512972 -0.539257
4.18831 -0.513479 -0.536818
4.18925 -0.513984 -0.534375
4.19019 -0.514487 -0.53193
4.19114 -0.514988 -0.529482
4.19208 -0.515486 -0.527031
4.19303 -0.515983 -0.524578
4.19397 -0.516478 -0.522121
4.19492 -0.51697 -0.519662
4.19586 -0.517461 -0.5172
4.19681 -0.517949 -0.514735
4.19776 -0.518436 -0.512268
4.19871 -0.51892 -0.509798
4.19965 -0.519402 -0.507325
4.2006 -0.519882 -0.504849
4.20155 -0.52036 -0.502371
4.2025 -0.520836 -0.499891
4.20345 -0.52131 -0.497407
4.2044 -0.521782 -0.494921
4.20535 -0.522251 -0.492433
4.2063 -0.522719 -0.489941
4.20726 -0.523184 -0.487448
4.20821 -0.523647 -0.484952
4.20916 -0.524108 -0.482453
4.21012 -0.524567 -0.479952
4.21107 -0.525023 -0.477448
4.21202 -0.525478 -0.474942
4.21298 -0.52593 -0.472433
4.21393 -0.52638 -0.469922
4.21489 -0.526828 -0.467409
4.21584 -0.527273 -0.464894
4.2168 -0.527717 -0.462375
4.21776 -0.528158 -0.459855
4.21872 -0.528597 -0.457332
4.21967 -0.529034 -0.454808
4.22063 -0.529468 -0.45228
4.22159 -0.529901 -0.449751
4.22255 -0.530331 -0.447219
4.22351 -0.530759 -0.444685
4.22447 -0.531184 -0.442149
4.22543 -0.531607 -0.439611
4.22639 -0.532028 -0.437071
4.22735 -0.532447 -0.434528
4.22831 -0.532863 -0.431984
4.22927 -0.533278 -0.429437
4.23023 -0.533689 -0.426889
4.2312 -0.534099 -0.424338
4.23216 -0.534506 -0.421785
4.23312 -0.534911 -0.419231
4.23408 -0.535314 -0.416674
4.23505 -0.535714 -0.414115
4.23601 -0.536112 -0.411555
4.23698 -0.536507 -0.408993
4.23794 -0.536901 -0.406428
4.2389 -0.537292 -0.403862
4.23987 -0.53768 -0.401295
4.24084 -0.538066 -0.398725
4.2418 -0.53845 -0.396154
4.24277 -0.538832 -0.39358
4.24373 -0.539211 -0.391005
4.2447 -0.539587 -0.388429
4.24567 -0.539962 -0.385851
4.24663 -0.540334 -0.383271
4.2476 -0.540703 -0.380689
4.24857 -0.54107 -0.378106
4.24954 -0.541435 -0.375521
4.25051 -0.541797 -0.372935
4.25147 -0.542157 -0.370347
4.25244 -0.542515 -0.367758
4.25341 -0.54287 -0.365167
4.25438 -0.543223 -0.362575
4.25535 -0.543573 -0.359982
4.25632 -0.543921 -0.357387
4.25729 -0.544266 -0.35479
4.25826 -0.544609 -0.352193
4.25923 -0.544949 -0.349593
4.2602 -0.545287 -0.346993
4.26117 -0.545623 -0.344392
4.26214 -0.545956 -0.341789
4.26311 -0.546286 -0.339185
4.26408 -0.546614 -0.336579
4.26505 -0.54694 -0.333973
4.26603 -0.547263 -0.331365
4.267 -0.547584 -0.328757
4.26797 -0.547902 -0.326147
4.26894 -0.548218 -0.323536
4.26991 -0.548531 -0.320924
4.27089 -0.548842 -0.318311
4.27186 -0.54915 -0.315697
4.27283 -0.549456 -0.313083
4.2738 -0.549759 -0.310467
4.27478 -0.55006 -0.30785
4.27575 -0.550358 -0.305233
4.27672 -0.550653 -0.302614
4.27769 -0.550947 -0.299995
4.27867 -0.551237 -0.297375
4.27964 -0.551525 -0.294754
4.28061 -0.551811 -0.292133
4.28159 -0.552094 -0.289511
4.28256 -0.552374 -0.286888
4.28353 -0.552652 -0.284264
4.28451 -0.552928 -0.28164
4.28548 -0.553201 -0.279015
4.28645 -0.553471 -0.27639
4.28743 -0.553739 -0.273764
4.2884 -0.554004 -0.271137
4.28937 -0.554267 -0.26851
4.29035 -0.554527 -0.265883
4.29132 -0.554784 -0.263255
4.29229 -0.555039 -0.260626
4.29327 -0.555292 -0.257998
4.29424 -0.555542 -0.255369
4.29521 -0.555789 -0.252739
4.29619 -0.556034 -0.250109
4.29716 -0.556276 -0.247479
4.29813 -0.556515 -0.244849
4.29911 -0.556753 -0.242218
4.30008 -0.556987 -0.239587
4.30105 -0.557219 -0.236956
4.30203 -0.557448 -0.234325
4.303 -0.557675 -0.231694
4.30397 -0.557899 -0.229063
4.30495 -0.558121 -0.226431
4.30592 -0.55834 -0.2238
4.30689 -0.558556 -0.221168
4.30787 -0.55877 -0.218537
4.30884 -0.558981 -0.215905
4.30981 -0.55919 -0.213274
4.31078 -0.559396 -0.210642
4.31176 -0.5596 -0.208011
4.31273 -0.559801 -0.20538
4.3137 -0.559999 -0.202749
4.31467 -0.560195 -0.200118
4.31564 -0.560388 -0.197487
4.31662 -0.560579 -0.194857
4.31759 -0.560767 -0.192227
4.31856 -0.560952 -0.189597
4.31953 -0.561135 -0.186967
4.3205 -0.561315 -0.184338
4.32147 -0.561493 -0.181709
4.32244 -0.561668 -0.179081
4.32341 -0.561841 -0.176453
4.32438 -0.562011 -0.173825
4.32535 -0.562178 -0.171198
4.32632 -0.562343 -0.168571
4.32729 -0.562505 -0.165945
4.32826 -0.562665 -0.163319
4.32923 -0.562822 -0.160694
4.3302 -0.562976 -0.158069
4.33117 -0.563128 -0.155445
4.33214 -0.563277 -0.152822
4.33311 -0.563424 -0.150199
4.33408 -0.563568 -0.147577
4.33504 -0.56371 -0.144955
4.33601 -0.563849 -0.142335
4.33698 -0.563985 -0.139715
4.33795 -0.564119 -0.137095
4.33891 -0.564251 -0.134477
4.33988 -0.564379 -0.131859
4.34085 -0.564505 -0.129243
4.34181 -0.564629 -0.126627
4.34278 -0.56475 -0.124011
4.34375 -0.564869 -0.121397
4.34471 -0.564985 -0.118784
4.34568 -0.565098 -0.116172
4.34664 -0.565209 -0.11356
4.34761 -0.565317 -0.11095
4.34857 -0.565423 -0.10834
4.34953 -0.565526 -0.105732
4.3505 -0.565627 -0.103125
4.35146 -0.565725 -0.100518
4.35242 -0.56582 -0.0979131
4.35339 -0.565913 -0.095309
4.35435 -0.566004 -0.092706
4.35531 -0.566092 -0.0901042
4.35627 -0.566177 -0.0875035
4.35723 -0.56626 -0.084904
4.3582 -0.56634 -0.0823057
4.35916 -0.566418 -0.0797087
4.36012 -0.566494 -0.0771128
4.36108 -0.566566 -0.0745183
4.36204 -0.566637 -0.071925
4.363 -0.566704 -0.069333
4.36396 -0.56677 -0.0667423
4.36491 -0.566832 -0.064153
4.36587 -0.566893 -0.0615651
4.36683 -0.56695 -0.0589785
4.36779 -0.567006 -0.0563933
4.36874 -0.567058 -0.0538095
4.3697 -0.567109 -0.0512271
4.37066 -0.567156 -0.0486462
4.37161 -0.567202 -0.0460668
4.37257 -0.567244 -0.0434888
4.37352 -0.567285 -0.0409124
4.37448 -0.567322 -0.0383374
4.37543 -0.567358 -0.035764
4.37639 -0.567391 -0.0331921
4.37734 -0.567421 -0.0306219
4.37829 -0.567449 -0.0280531
4.37925 -0.567475 -0.025486
4.3802 -0.567498 -0.0229205
4.38115 -0.567518 -0.0203567
4.3821 -0.567536 -0.0177945
4.38306 -0.567552 -0.0152339
4.38401 -0.567565 -0.0126751
4.38496 -0.567576 -0.0101179
4.38591 -0.567585 -0.00756245
4.38686 -0.567591 -0.00500872
4.3878 -0.567594 -0.00245673
4.38875 -0.567595 9.35039e-05
4.3897 -0.567594 0.00264197
4.39065 -0.56759 0.00518864
4.3916 -0.567584 0.00773352
4.39254 -0.567576 0.0102766
4.39349 -0.567565 0.0128178
4.39444 -0.567551 0.0153572
4.39538 -0.567536 0.0178947
4.39633 -0.567518 0.0204304
4.39727 -0.567497 0.0229642
4.39822 -0.567474 0.0254961
4.39916 -0.567449 0.028026
4.4001 -0.567421 0.0305541
4.40105 -0.567391 0.0330802
4.40199 -0.567359 0.0356044
4.40293 -0.567324 0.0381266
4.40387 -0.567287 0.0406468
4.40481 -0.567248 0.043165
4.40575 -0.567206 0.0456813
4.40669 -0.567162 0.0481955
4.40763 -0.567115 0.0507077
4.40857 -0.567066 0.0532179
4.40951 -0.567015 0.055726
4.41045 -0.566962 0.0582321
4.41139 -0.566906 0.0607361
4.41232 -0.566848 0.063238
4.41326 -0.566788 0.0657378
4.4142 -0.566725 0.0682355
4.41513 -0.56666 0.0707311
4.41607 -0.566593 0.0732246
4.417 -0.566523 0.0757159
4.41794 -0.566451 0.0782051
4.41887 -0.566377 0.0806921
4.4198 -0.5663 0.083177
4.42074 -0.566222 0.0856596
4.42167 -0.566141 0.0881401
4.4226 -0.566057 0.0906184
4.42353 -0.565972 0.0930945
4.42446 -0.565884 0.0955684
4.42539 -0.565794 0.09804
4.42632 -0.565702 0.100509
4.42725 -0.565607 0.102977
4.42818 -0.56551 0.105441
4.42911 -0.565411 0.107904
4.43004 -0.56531 0.110364
4.43097 -0.565206 0.112822
4.43189 -0.565101 0.115278
4.43282 -0.564993 0.117732
4.43375 -0.564883 0.120183
4.43467 -0.56477 0.122632
4.4356 -0.564656 0.125078
4.43652 -0.564539 0.127522
4.43744 -0.56442 0.129964
4.43837 -0.564299 0.132404
4.43929 -0.564175 0.134841
4.44021 -0.56405 0.137275
4.44113 -0.563922 0.139708
4.44206 -0.563792 0.142138
4.44298 -0.56366 0.144565
4.4439 -0.563526 0.146991
4.44482 -0.56339 0.149413
4.44574 -0.563251 0.151834
4.44666 -0.563111 0.154252
4.44757 -0.562968 0.156667
4.44849 -0.562823 0.15908
4.44941 -0.562676 0.161491
4.45033 -0.562527 0.163899
4.45124 -0.562375 0.166305
4.45216 -0.562222 0.168708
4.45307 -0.562066 0.171109
4.45399 -0.561909 0.173507
4.4549 -0.561749 0.175903
4.45582 -0.561587 0.178296
4.45673 -0.561423 0.180687
4.45764 -0.561257 0.183075
4.45856 -0.561089 0.185461
4.45947 -0.560919 0.187844
4.46038 -0.560747 0.190225
4.46129 -0.560572 0.192603
4.4622 -0.560396 0.194979
4.46311 -0.560217 0.197352
4.46402 -0.560037 0.199722
4.46493 -0.559854 0.20209
4.46584 -0.55967 0.204456
4.46675 -0.559483 0.206819
4.46765 -0.559294 0.209179
4.46856 -0.559103 0.211537
4.46947 -0.558911 0.213892
4.47037 -0.558716 0.216245
4.47128 -0.558519 0.218595
4.47218 -0.55832 0.220942
4.47309 -0.558119 0.223287
4.47399 -0.557916 0.225629
4.47489 -0.557711 0.227968
4.4758 -0.557505 0.230305
4.4767 -0.557296 0.23264
4.4776 -0.557085 0.234971
4.4785 -0.556872 0.2373
4.4794 -0.556657 0.239627
4.4803 -0.55644 0.24195
4.4812 -0.556222 0.244271
4.4821 -0.556001 0.24659
4.483 -0.555778 0.248906
4.4839 -0.555554 0.251219
4.4848 -0.555327 0.253529
4.48569 -0.555099 0.255837
4.48659 -0.554868 0.258142
4.48749 -0.554636 0.260445
4.48838 -0.554401 0.262744
4.48928 -0.554165 0.265041
4.49017 -0.553927 0.267336
4.49107 -0.553687 0.269627
4.49196 -0.553445 0.271916
4.49285 -0.553201 0.274203
4.49375 -0.552955 0.276486
4.49464 -0.552707 0.278767
4.49553 -0.552458 0.281045
4.49642 -0.552206 0.28332
4.49731 -0.551953 0.285593
4.4982 -0.551698 0.287863
4.49909 -0.55144 0.29013
4.49998 -0.551181 0.292394
4.50087 -0.55092 0.294656
4.50176 -0.550658 0.296915
4.50265 -0.550393 0.299171
4.50354 -0.550127 0.301425
4.50442 -0.549858 0.303675
4.50531 -0.549588 0.305923
4.50619 -0.549316 0.308169
4.50708 -0.549042 0.310411
4.50797 -0.548767 0.312651
4.50885 -0.548489 0.314887
4.50973 -0.54821 0.317121
4.51062 -0.547929 0.319353
4.5115 -0.547646 0.321581
4.51238 -0.547361 0.323807
4.51326 -0.547074 0.32603
4.51415 -0.546786 0.32825
4.51503 -0.546496 0.330467
4.51591 -0.546204 0.332682
4.51679 -0.54591 0.334894
4.51767 -0.545614 0.337103
4.51855 -0.545317 0.339309
4.51942 -0.545018 0.341512
4.5203 -0.544717 0.343713
4.52118 -0.544415 0.34591
4.52206 -0.54411 0.348105
4.52293 -0.543804 0.350297
4.52381 -0.543496 0.352486
4.52469 -0.543186 0.354673
4.52556 -0.542875 0.356856
4.52644 -0.542562 0.359037
4.52731 -0.542247 0.361215
4.52818 -0.541931 0.36339
4.52906 -0.541612 0.365562
4.52993 -0.541292 0.367732
4.5308 -0.54097 0.369898
4.53168 -0.540647 0.372062
4.53255 -0.540322 0.374223
4.53342 -0.539995 0.376381
4.53429 -0.539666 0.378536
4.53516 -0.539336 0.380688
4.53603 -0.539004 0.382837
4.5369 -0.53867 0.384984
4.53777 -0.538335 0.387127
4.53863 -0.537998 0.389268
4.5395 -0.537659 0.391406
4.54037 -0.537319 0.393541
4.54124 -0.536977 0.395673
4.5421 -0.536633 0.397802
4.54297 -0.536288 0.399929
4.54383 -0.535941 0.402052
4.5447 -0.535592 0.404173
4.54556 -0.535242 0.406291
4.54643 -0.53489 0.408406
4.54729 -0.534536 0.410517
4.54815 -0.534181 0.412627
4.54902 -0.533824 0.414733
4.54988 -0.533466 0.416836
4.55074 -0.533105 0.418936
4.5516 -0.532744 0.421034
4.55246 -0.53238 0.423128
4.55332 -0.532015 0.42522
4.55418 -0.531649 0.427309
4.55504 -0.531281 0.429394
4.5559 -0.530911 0.431477
4.55676 -0.53054 0.433557
4.55762 -0.530167 0.435634
4.55848 -0.529792 0.437709
4.55933 -0.529416 0.43978
4.56019 -0.529038 0.441848
4.56105 -0.528659 0.443914
4.5619 -0.528278 0.445976
4.56276 -0.527896 0.448036
4.56361 -0.527512 0.450092
4.56447 -0.527127 0.452146
4.56532 -0.52674 0.454197
4.56617 -0.526351 0.456244
4.56703 -0.525961 0.458289
4.56788 -0.525569 0.460331
4.56873 -0.525176 0.46237
4.56958 -0.524781 0.464406
4.57044 -0.524385 0.466439
4.57129 -0.523987 0.46847
4.57214 -0.523588 0.470497
4.57299 -0.523187 0.472521
4.57384 -0.522785 0.474542
4.57469 -0.522381 0.476561
4.57553 -0.521975 0.478576
4.57638 -0.521569 0.480589
4.57723 -0.52116 0.482598
4.57808 -0.52075 0.484605
4.57893 -0.520339 0.486608
4.57977 -0.519926 0.488609
4.58062 -0.519512 0.490607
4.58146 -0.519096 0.492602
4.58231 -0.518679 0.494593
4.58315 -0.51826 0.496582
4.584 -0.51784 0.498568
4.58484 -0.517418 0.500551
4.58569 -0.516995 0.502531
4.58653 -0.516571 0.504508
4.58737 -0.516145 0.506482
4.58821 -0.515717 0.508453
4.58906 -0.515288 0.510421
4.5899 -0.514858 0.512386
4.59074 -0.514426 0.514348
4.59158 -0.513993 0.516307
4.59242 -0.513558 0.518263
4.59326 -0.513122 0.520216
4.5941 -0.512685 0.522166
4.59494 -0.512246 0.524113
4.59578 -0.511805 0.526057
4.59662 -0.511364 0.527998
4.59745 -0.510921 0.529937
4.59829 -0.510476 0.531872
4.59913 -0.51003 0.533804
4.59996 -0.509583 0.535733
4.6008 -0.509134 0.537659
4.60164 -0.508684 0.539583
4.60247 -0.508233 0.541503
4.60331 -0.50778 0.54342
4.60414 -0.507325 0.545334
4.60497 -0.50687 0.547246
4.60581 -0.506413 0.549154
4.60664 -0.505954 0.551059
4.60747 -0.505495 0.552961
4.60831 -0.505034 0.554861
4.60914 -0.504571 0.556757
4.60997 -0.504108 0.55865
4.6108 -0.503642 0.56054
4.61163 -0.503176 0.562428
4.61246 -0.502708 0.564312
4.61329 -0.502239 0.566193
4.61412 -0.501769 0.568071
4.61495 -0.501297 0.569946
4.61578 -0.500824 0.571819
4.61661 -0.500349 0.573688
4.61744 -0.499873 0.575554
4.61826 -0.499396 0.577417
4.61909 -0.498918 0.579277
4.61992 -0.498438 0.581134
4.62074 -0.497957 0.582988
4.62157 -0.497475 0.58484
4.62239 -0.496991 0.586688
4.62322 -0.496507 0.588533
4.62404 -0.49602 0.590375
4.62487 -0.495533 0.592214
4.62569 -0.495044 0.59405
4.62652 -0.494554 0.595883
4.62734 -0.494063 0.597713
4.62816 -0.49357 0.59954
4.62899 -0.493076 0.601364
4.62981 -0.492581 0.603184
4.63063 -0.492085 0.605002
4.63145 -0.491587 0.606817
4.63227 -0.491088 0.608629
4.63309 -0.490588 0.610438
4.63391 -0.490087 0.612244
4.63473 -0.489584 0.614046
4.63555 -0.48908 0.615846
4.63637 -0.488575 0.617643
4.63719 -0.488069 0.619436
4.63801 -0.487561 0.621227
4.63882 -0.487053 0.623014
4.63964 -0.486543 0.624799
4.64046 -0.486031 0.62658
4.64128 -0.485519 0.628359
4.64209 -0.485005 0.630134
4.64291 -0.48449 0.631907
4.64372 -0.483974 0.633676
4.64454 -0.483457 0.635442
4.64535 -0.482938 0.637206
4.64617 -0.482419 0.638966
4.64698 -0.481898 0.640723
4.6478 -0.481376 0.642477
4.64861 -0.480852 0.644229
4.64942 -0.480328 0.645977
4.65023 -0.479802 0.647722
4.65105 -0.479276 0.649464
4.65186 -0.478748 0.651203
4.65267 -0.478218 0.652939
4.65348 -0.477688 0.654672
4.65429 -0.477157 0.656401
4.6551 -0.476624 0.658128
4.65591 -0.47609 0.659852
4.65672 -0.475555 0.661573
4.65753 -0.475019 0.66329
4.65834 -0.474482 0.665005
4.65915 -0.473943 0.666717
4.65996 -0.473404 0.668425
4.66077 -0.472863 0.670131
4.66157 -0.472321 0.671833
4.66238 -0.471778 0.673533
4.66319 -0.471234 0.675229
4.66399 -0.470689 0.676922
4.6648 -0.470143 0.678612
4.66561 -0.469595 0.6803
4.66641 -0.469047 0.681984
4.66722 -0.468497 0.683665
4.66802 -0.467946 0.685343
4.66882 -0.467394 0.687018
4.66963 -0.466841 0.68869
4.67043 -0.466287 0.690359
4.67124 -0.465732 0.692025
4.67204 -0.465175 0.693688
4.67284 -0.464618 0.695347
4.67364 -0.46406 0.697004
4.67445 -0.4635 0.698658
4.67525 -0.462939 0.700308
4.67605 -0.462378 0.701956
4.67685 -0.461815 0.7036
4.67765 -0.461251 0.705242
4.67845 -0.460686 0.70688
4.67925 -0.46012 0.708515
4.68005 -0.459553 0.710148
4.68085 -0.458985 0.711777
4.68165 -0.458415 0.713403
4.68245 -0.457845 0.715026
4.68324 -0.457274 0.716646
4.68404 -0.456701 0.718263
4.68484 -0.456128 0.719877
4.68564 -0.455554 0.721488
4.68643 -0.454978 0.723096
4.68723 -0.454402 0.724701
4.68803 -0.453824 0.726302
4.68882 -0.453245 0.727901
4.68962 -0.452666 0.729497
4.69041 -0.452085 0.731089
4.69121 -0.451503 0.732679
4.692 -0.450921 0.734265
4.69279 -0.450337 0.735848
4.69359 -0.449752 0.737429
4.69438 -0.449167 0.739006
4.69518 -0.44858 0.74058
4.69597 -0.447992 0.742151
4.69676 -0.447403 0.743719
4.69755 -0.446814 0.745284
4.69834 -0.446223 0.746846
4.69914 -0.445631 0.748405
4.69993 -0.445038 0.749961
4.70072 -0.444445 0.751514
4.70151 -0.44385 0.753064
4.7023 -0.443254 0.75461
4.70309 -0.442658 0.756154
4.70388 -0.44206 0.757694
4.70467 -0.441461 0.759232
4.70546 -0.440862 0.760766
4.70624 -0.440261 0.762298
4.70703 -0.43966 0.763826
4.70782 -0.439057 0.765351
4.70861 -0.438454 0.766873
4.7094 -0.437849 0.768392
4.71018 -0.437244 0.769909
4.71097 -0.436638 0.771422
4.71176 -0.43603 0.772931
4.71254 -0.435422 0.774438
4.71333 -0.434813 0.775942
4.71411 -0.434203 0.777443
4.7149 -0.433592 0.778941
4.71568 -0.43298 0.780435
4.71647 -0.432367 0.781927
4.71725 -0.431753 0.783415
4.71804 -0.431139 0.784901
4.71882 -0.430523 0.786383
4.7196 -0.429907 0.787862
4.72039 -0.429289 0.789339
4.72117 -0.428671 0.790812
4.72195 -0.428051 0.792282
4.72273 -0.427431 0.793749
4.72352 -0.42681 0.795213
4.7243 -0.426188 0.796674
4.72508 -0.425565 0.798132
4.72586 -0.424941 0.799587
4.72664 -0.424317 0.801039
4.72742 -0.423691 0.802487
4.7282 -0.423064 0.803933
4.72898 -0.422437 0.805376
4.72976 -0.421809 0.806815
4.73054 -0.42118 0.808252
4.73132 -0.42055 0.809685
4.7321 -0.419919 0.811115
4.73287 -0.419287 0.812543
4.73365 -0.418654 0.813967
4.73443 -0.418021 0.815388
4.73521 -0.417386 0.816806
4.73598 -0.416751 0.818221
4.73676 -0.416115 0.819633
4.73754 -0.415478 0.821042
4.73831 -0.41484 0.822448
4.73909 -0.414201 0.823851
4.73986 -0.413562 0.825251
4.74064 -0.412921 0.826647
4.74141 -0.41228 0.828041
4.74219 -0.411638 0.829432
4.74296 -0.410995 0.830819
4.74374 -0.410351 0.832204
4.74451 -0.409707 0.833585
4.74529 -0.409061 0.834963
4.74606 -0.408415 0.836339
4.74683 -0.407768 0.837711
4.7476 -0.40712 0.83908
4.74838 -0.406471 0.840446
4.74915 -0.405822 0.841809
4.74992 -0.405172 0.843169
4.75069 -0.40452 0.844526
4.75146 -0.403868 0.84588
4.75224 -0.403216 0.847231
4.75301 -0.402562 0.848579
4.75378 -0.401907 0.849924
4.75455 -0.401252 0.851265
4.75532 -0.400596 0.852604
4.75609 -0.399939 0.853939
4.75686 -0.399282 0.855272
4.75763 -0.398623 0.856601
4.7584 -0.397964 0.857928
4.75916 -0.397304 0.859251
4.75993 -0.396643 0.860571
4.7607 -0.395982 0.861888
4.76147 -0.39532 0.863203
4.76224 -0.394656 0.864514
4.763 -0.393993 0.865822
4.76377 -0.393328 0.867127
4.76454 -0.392662 0.868429
4.7653 -0.391996 0.869728
4.76607 -0.391329 0.871023
4.76684 -0.390662 0.872316
4.7676 -0.389993 0.873606
4.76837 -0.389324 0.874893
4.76913 -0.388654 0.876176
4.7699 -0.387983 0.877457
4.77066 -0.387312 0.878734
4.77143 -0.386639 0.880009
4.77219 -0.385966 0.88128
4.77295 -0.385293 0.882549
4.77372 -0.384618 0.883814
4.77448 -0.383943 0.885076
4.77525 -0.383267 0.886335
4.77601 -0.38259 0.887592
4.77677 -0.381913 0.888845
4.77753 -0.381234 0.890095
4.7783 -0.380556 0.891342
4.77906 -0.379876 0.892586
4.77982 -0.379196 0.893827
4.78058 -0.378515 0.895065
4.78134 -0.377833 0.896299
4.7821 -0.37715 0.897531
4.78286 -0.376467 0.89876
4.78362 -0.375783 0.899986
4.78438 -0.375098 0.901208
4.78514 -0.374413 0.902428
4.7859 -0.373727 0.903644
4.78666 -0.37304 0.904858
4.78742 -0.372353 0.906068
4.78818 -0.371665 0.907276
4.78894 -0.370976 0.90848
4.7897 -0.370286 0.909681
4.79046 -0.369596 0.910879
4.79122 -0.368905 0.912075
4.79197 -0.368213 0.913267
4.79273 -0.367521 0.914456
4.79349 -0.366828 0.915642
4.79425 -0.366134 0.916825
4.795 -0.36544 0.918005
4.79576 -0.364745 0.919182
4.79651 -0.364049 0.920356
4.79727 -0.363353 0.921527
4.79803 -0.362656 0.922695
4.79878 -0.361958 0.923859
4.79954 -0.36126 0.925021
4.80029 -0.360561 0.92618
4.80105 -0.359861 0.927335
4.8018 -0.359161 0.928488
4.80256 -0.35846 0.929638
4.80331 -0.357758 0.930784
4.80407 -0.357056 0.931928
4.80482 -0.356353 0.933068
4.80557 -0.355649 0.934205
4.80633 -0.354945 0.93534
4.80708 -0.35424 0.936471
4.80783 -0.353534 0.937599
4.80859 -0.352828 0.938725
4.80934 -0.352121 0.939847
4.81009 -0.351414 0.940966
4.81084 -0.350706 0.942082
4.81159 -0.349997 0.943195
4.81235 -0.349288 0.944305
4.8131 -0.348578 0.945412
4.81385 -0.347867 0.946516
4.8146 -0.347156 0.947617
4.81535 -0.346444 0.948715
4.8161 -0.345732 0.94981
4.81685 -0.345019 0.950902
4.8176 -0.344305 0.951991
4.81835 -0.343591 0.953077
4.8191 -0.342876 0.954159
4.81985 -0.34216 0.955239
4.8206 -0.341444 0.956316
4.82135 -0.340727 0.95739
4.8221 -0.34001 0.95846
4.82285 -0.339292 0.959528
4.82359 -0.338573 0.960592
4.82434 -0.337854 0.961654
4.82509 -0.337134 0.962712
4.82584 -0.336414 0.963768
4.82659 -0.335693 0.96482
4.82733 -0.334972 0.96587
4.82808 -0.33425 0.966916
4.82883 -0.333527 0.967959
4.82957 -0.332804 0.969
4.83032 -0.33208 0.970037
4.83107 -0.331355 0.971071
4.83181 -0.330631 0.972103
4.83256 -0.329905 0.973131
4.83331 -0.329179 0.974156
4.83405 -0.328452 0.975178
4.8348 -0.327725 0.976197
4.83554 -0.326997 0.977213
4.83629 -0.326269 0.978226
4.83703 -0.32554 0.979237
4.83778 -0.32481 0.980244
4.83852 -0.32408 0.981248
4.83927 -0.323349 0.982249
4.84001 -0.322618 0.983247
4.84075 -0.321886 0.984241
4.8415 -0.321154 0.985233
4.84224 -0.320421 0.986222
4.84298 -0.319688 0.987208
4.84373 -0.318954 0.988191
4.84447 -0.31822 0.989171
4.84521 -0.317485 0.990148
4.84595 -0.316749 0.991121
4.8467 -0.316013 0.992092
4.84744 -0.315276 0.99306
4.84818 -0.314539 0.994025
4.84892 -0.313801 0.994986
4.84966 -0.313063 0.995945
4.85041 -0.312324 0.996901
4.85115 -0.311585 0.997853
4.85189 -0.310845 0.998803
4.85263 -0.310105 0.99975
4.85337 -0.309364 1.00069
4.85411 -0.308623 1.00163
4.85485 -0.307881 1.00257
4.85559 -0.307139 1.00351
4.85633 -0.306396 1.00444
4.85707 -0.305652 1.00537
4.85781 -0.304908 1.00629
4.85855 -0.304164 1.00721
4.85929 -0.303419 1.00813
4.86003 -0.302674 1.00905
4.86077 -0.301928 1.00996
4.86151 -0.301181 1.01087
4.86224 -0.300434 1.01178
4.86298 -0.299687 1.01269
4.86372 -0.298939 1.01359
4.86446 -0.29819 1.01449
4.8652 -0.297442 1.01538
4.86593 -0.296692 1.01627
4.86667 -0.295942 1.01716
4.86741 -0.295192 1.01805
4.86815 -0.294441 1.01893
4.86888 -0.29369 1.01981
4.86962 -0.292938 1.02069
4.87036 -0.292186 1.02156
4.87109 -0.291433 1.02244
4.87183 -0.29068 1.0233
4.87257 -0.289926 1.02417
4.8733 -0.289172 1.02503
4.87404 -0.288417 1.02589
4.87477 -0.287662 1.02675
4.87551 -0.286906 1.0276
4.87624 -0.28615 1.02845
4.87698 -0.285394 1.0293
4.87772 -0.284637 1.03014
4.87845 -0.283879 1.03098
4.87919 -0.283121 1.03182
4.87992 -0.282363 1.03266
4.88065 -0.281604 1.03349
4.88139 -0.280845 1.03432
4.88212 -0.280085 1.03514
4.88286 -0.279325 1.03597
4.88359 -0.278565 1.03679
4.88432 -0.277804 1.0376
4.88506 -0.277042 1.03842
4.88579 -0.27628 1.03923
4.88652 -0.275518 1.04004
4.88726 -0.274755 1.04084
4.88799 -0.273992 1.04165
4.88872 -0.273228 1.04245
4.88946 -0.272464 1.04324
4.89019 -0.2717 1.04403
4.89092 -0.270935 1.04482
4.89165 -0.270169 1.04561
4.89239 -0.269403 1.0464
4.89312 -0.268637 1.04718
4.89385 -0.26787 1.04796
4.89458 -0.267103 1.04873
4.89531 -0.266336 1.0495
4.89604 -0.265568 1.05027
4.89678 -0.2648 1.05104
4.89751 -0.264031 1.0518
4.89824 -0.263262 1.05256
4.89897 -0.262492 1.05332
4.8997 -0.261722 1.05407
4.90043 -0.260952 1.05482
4.90116 -0.260181 1.05557
4.90189 -0.25941 1.05632
4.90262 -0.258638 1.05706
4.90335 -0.257866 1.0578
4.90408 -0.257094 1.05854
4.90481 -0.256321 1.05927
4.90554 -0.255548 1.06
4.90627 -0.254774 1.06073
4.907 -0.254 1.06145
4.90773 -0.253226 1.06217
4.90846 -0.252451 1.06289
4.90919 -0.251676 1.06361
4.90992 -0.2509 1.06432
4.91064 -0.250124 1.06503
4.91137 -0.249348 1.06573
4.9121 -0.248571 1.06644
4.91283 -0.247794 1.06714
4.91356 -0.247017 1.06784
4.91429 -0.246239 1.06853
4.91502 -0.245461 1.06922
4.91574 -0.244682 1.06991
4.91647 -0.243903 1.0706
4.9172 -0.243124 1.07128
4.91793 -0.242344 1.07196
4.91865 -0.241564 1.07263
4.91938 -0.240784 1.07331
4.92011 -0.240003 1.07398
4.92084 -0.239222 1.07465
4.92156 -0.23844 1.07531
4.92229 -0.237658 1.07597
4.92302 -0.236876 1.07663
4.92374 -0.236094 1.07729
4.92447 -0.235311 1.07794
4.9252 -0.234527 1.07859
4.92592 -0.233744 1.07923
4.92665 -0.23296 1.07988
4.92737 -0.232175 1.08052
4.9281 -0.231391 1.08116
4.92883 -0.230606 1.08179
4.92955 -0.22982 1.08242
4.93028 -0.229034 1.08305
4.931 -0.228248 1.08368
4.93173 -0.227462 1.0843
4.93245 -0.226675 1.08492
4.93318 -0.225888 1.08554
4.9339 -0.225101 1.08615
4.93463 -0.224313 1.08676
4.93535 -0.223525 1.08737
4.93608 -0.222737 1.08797
4.9368 -0.221948 1.08858
4.93753 -0.221159 1.08918
4.93825 -0.220369 1.08977
4.93898 -0.21958 1.09036
4.9397 -0.21879 1.09095
4.94043 -0.217999 1.09154
4.94115 -0.217209 1.09213
4.94187 -0.216418 1.09271
4.9426 -0.215626 1.09328
4.94332 -0.214835 1.09386
4.94405 -0.214043 1.09443
4.94477 -0.21325 1.095
4.94549 -0.212458 1.09557
4.94622 -0.211665 1.09613
4.94694 -0.210872 1.09669
4.94766 -0.210078 1.09725
4.94839 -0.209284 1.0978
4.94911 -0.20849 1.09835
4.94983 -0.207696 1.0989
4.95056 -0.206901 1.09945
4.95128 -0.206106 1.09999
4.952 -0.205311 1.10053
4.95273 -0.204515 1.10107
4.95345 -0.203719 1.1016
4.95417 -0.202923 1.10213
4.95489 -0.202127 1.10266
4.95562 -0.20133 1.10318
4.95634 -0.200533 1.1037
4.95706 -0.199735 1.10422
4.95778 -0.198938 1.10474
4.9585 -0.19814 1.10525
4.95923 -0.197342 1.10576
4.95995 -0.196543 1.10627
4.96067 -0.195744 1.10677
4.96139 -0.194945 1.10727
4.96211 -0.194146 1.10777
4.96284 -0.193346 1.10826
4.96356 -0.192547 1.10875
4.96428 -0.191746 1.10924
4.965 -0.190946 1.10973
4.96572 -0.190145 1.11021
4.96644 -0.189344 1.11069
4.96716 -0.188543 1.11117
4.96788 -0.187742 1.11164
4.96861 -0.18694 1.11211
4.96933 -0.186138 1.11258
4.97005 -0.185336 1.11305
4.97077 -0.184533 1.11351
4.97149 -0.18373 1.11397
4.97221 -0.182927 1.11443
4.97293 -0.182124 1.11488
4.97365 -0.18132 1.11533
4.97437 -0.180516 1.11578
4.97509 -0.179712 1.11622
4.97581 -0.178908 1.11666
4.97653 -0.178103 1.1171
4.97725 -0.177299 1.11754
4.97797 -0.176493 1.11797
4.97869 -0.175688 1.1184
4.97941 -0.174883 1.11882
4.98013 -0.174077 1.11925
4.98085 -0.173271 1.11967
4.98157 -0.172464 1.12009
4.98229 -0.171658 1.1205
4.98301 -0.170851 1.12091
4.98373 -0.170044 1.12132
4.98445 -0.169237 1.12173
4.98517 -0.168429 1.12213
4.98589 -0.167622 1.12253
4.98661 -0.166814 1.12293
4.98733 -0.166006 1.12332
4.98805 -0.165197 1.12371
4.98877 -0.164388 1.1241
4.98949 -0.16358 1.12448
4.99021 -0.162771 1.12487
4.99093 -0.161961 1.12525
4.99165 -0.161152 1.12562
4.99237 -0.160342 1.12599
4.99309 -0.159532 1.12637
4.99381 -0.158722 1.12673
4.99453 -0.157912 1.1271
4.99525 -0.157101 1.12746
4.99596 -0.15629 1.12782
4.99668 -0.155479 1.12817
4.9974 -0.154668 1.12852
4.99812 -0.153856 1.12887
4.99884 -0.153045 1.12922
4.99956 -0.152233 1.12956
5.00028 -0.151421 1.1299
5.001 -0.150609 1.13024
5.00172 -0.149796 1.13058
5.00243 -0.148983 1.13091
5.00315 -0.148171 1.13124
5.00387 -0.147358 1.13156
5.00459 -0.146544 1.13189
5.00531 -0.145731 1.13221
5.00603 -0.144917 1.13252
5.00675 -0.144103 1.13284
5.00746 -0.143289 1.13315
5.00818 -0.142475 1.13345
5.0089 -0.141661 1.13376
5.00962 -0.140846 1.13406
5.01034 -0.140031 1.13436
5.01106 -0.139216 1.13466
5.01177 -0.138401 1.13495
5.01249 -0.137586 1.13524
5.01321 -0.13677 1.13553
5.01393 -0.135955 1.13581
5.01465 -0.135139 1.13609
5.01537 -0.134323 1.13637
5.01608 -0.133506 1.13665
5.0168 -0.13269 1.13692
5.01752 -0.131873 1.13719
5.01824 -0.131057 1.13746
5.01896 -0.13024 1.13772
5.01967 -0.129423 1.13798
5.02039 -0.128605 1.13824
5.02111 -0.127788 1.13849
5.02183 -0.12697 1.13874
5.02255 -0.126152 1.13899
5.02326 -0.125335 1.13924
5.02398 -0.124516 1.13948
5.0247 -0.123698 1.13972
5.02542 -0.12288 1.13996
5.02614 -0.122061 1.14019
5.02685 -0.121243 1.14042
5.02757 -0.120424 1.14065
5.02829 -0.119605 1.14088
5.02901 -0.118785 1.1411
5.02973 -0.117966 1.14132
5.03044 -0.117147 1.14153
5.03116 -0.116327 1.14175
5.03188 -0.115507 1.14196
5.0326 -0.114687 1.14216
5.03332 -0.113867 1.14237
5.03403 -0.113047 1.14257
5.03475 -0.112227 1.14277
5.03547 -0.111406 1.14296
5.03619 -0.110585 1.14316
5.03691 -0.109765 1.14334
5.03762 -0.108944 1.14353
5.03834 -0.108123 1.14372
5.03906 -0.107301 1.1439
5.03978 -0.10648 1.14407
5.0405 -0.105659 1.14425
5.04121 -0.104837 1.14442
5.04193 -0.104015 1.14459
5.04265 -0.103194 1.14475
5.04337 -0.102372 1.14492
5.04409 -0.101549 1.14508
5.0448 -0.100727 1.14523
5.04552 -0.0999048 1.14539
5.04624 -0.0990824 1.14554
5.04696 -0.0982598 1.14569
5.04768 -0.0974371 1.14583
5.04839 -0.0966142 1.14597
5.04911 -0.0957913 1.14611
5.04983 -0.0949682 1.14625
5.05055 -0.094145 1.14638
5.05127 -0.0933217 1.14651
5.05198 -0.0924983 1.14664
5.0527 -0.0916748 1.14676
5.05342 -0.0908511 1.14689
5.05414 -0.0900274 1.147
5.05486 -0.0892036 1.14712
5.05558 -0.0883796 1.14723
5.05629 -0.0875555 1.14734
5.05701 -0.0867314 1.14745
5.05773 -0.0859071 1.14755
5.05845 -0.0850827 1.14765
5.05917 -0.0842583 1.14775
5.05989 -0.0834337 1.14784
5.0606 -0.082609 1.14794
5.06132 -0.0817843 1.14803
5.06204 -0.0809594 1.14811
5.06276 -0.0801345 1.14819
5.06348 -0.0793094 1.14827
5.0642 -0.0784843 1.14835
5.06491 -0.0776591 1.14842
5.06563 -0.0768337 1.1485
5.06635 -0.0760083 1.14856
5.06707 -0.0751828 1.14863
5.06779 -0.0743573 1.14869
5.06851 -0.0735316 1.14875
5.06923 -0.0727059 1.14881
5.06995 -0.0718801 1.14886
5.07066 -0.0710541 1.14891
5.07138 -0.0702282 1.14896
5.0721 -0.0694021 1.149
5.07282 -0.068576 1.14904
5.07354 -0.0677498 1.14908
5.07426 -0.0669235 1.14912
5.07498 -0.0660971 1.14915
5.0757 -0.0652707 1.14918
5.07642 -0.0644442 1.1492
5.07714 -0.0636176 1.14923
5.07786 -0.062791 1.14925
5.07858 -0.0619643 1.14926
5.07929 -0.0611375 1.14928
5.08001 -0.0603107 1.14929
5.08073 -0.0594838 1.1493
5.08145 -0.0586568 1.14931
5.08217 -0.0578298 1.14931
5.08289 -0.0570027 1.14931
5.08361 -0.0561756 1.1493
5.08433 -0.0553484 1.1493
5.08505 -0.0545211 1.14929
5.08577 -0.0536938 1.14928
5.08649 -0.0528664 1.14926
5.08721 -0.052039 1.14924
5.08793 -0.0512116 1.14922
5.08865 -0.0503841 1.1492
5.08937 -0.0495565 1.14917
5.09009 -0.0487289 1.14914
5.09081 -0.0479012 1.14911
5.09153 -0.0470735 1.14907
5.09225 -0.0462458 1.14903
5.09297 -0.045418 1.14899
5.09369 -0.0445902 1.14895
5.09441 -0.0437623 1.1489
5.09513 -0.0429344 1.14885
5.09586 -0.0421065 1.14879
5.09658 -0.0412785 1.14874
5.0973 -0.0404505 1.14868
5.09802 -0.0396224 1.14861
5.09874 -0.0387944 1.14855
5.09946 -0.0379662 1.14848
5.10018 -0.0371381 1.14841
5.1009 -0.0363099 1.14833
5.10162 -0.0354817 1.14826
5.10234 -0.0346535 1.14818
5.10307 -0.0338253 1.14809
5.10379 -0.032997 1.14801
5.10451 -0.0321687 1.14792
5.10523 -0.0313404 1.14782
5.10595 -0.0305121 1.14773
5.10667 -0.0296837 1.14763
5.1074 -0.0288553 1.14753
5.10812 -0.0280269 1.14742
5.10884 -0.0271985 1.14732
5.10956 -0.0263701 1.14721
5.11028 -0.0255417 1.14709
5.11101 -0.0247132 1.14698
5.11173 -0.0238848 1.14686
5.11245 -0.0230563 1.14673
5.11317 -0.0222278 1.14661
5.1139 -0.0213994 1.14648
5.11462 -0.0205709 1.14635
5.11534 -0.0197424 1.14622
5.11606 -0.0189139 1.14608
5.11679 -0.0180854 1.14594
5.11751 -0.0172569 1.14579
5.11823 -0.0164284 1.14565
5.11896 -0.0155999 1.1455
5.11968 -0.0147714 1.14535
5.1204 -0.013943 1.14519
5.12113 -0.0131145 1.14503
5.12185 -0.012286 1.14487
5.12257 -0.0114575 1.14471
5.1233 -0.0106291 1.14454
5.12402 -0.00980065 1.14437
5.12475 -0.00897222 1.1442
5.12547 -0.0081438 1.14402
5.12619 -0.0073154 1.14384
5.12692 -0.00648701 1.14366
5.12764 -0.00565864 1.14348
5.12837 -0.00483028 1.14329
5.12909 -0.00400195 1.1431
5.12982 -0.00317363 1.1429
5.13054 -0.00234534 1.1427
5.13127 -0.00151707 1.1425
5.13199 -0.00068882 1.1423
5.13272 0.000139401 1.1421
5.13344 0.000967596 1.14189
5.13417 0.00179576 1.14167
5.13489 0.0026239 1.14146
5.13562 0.00345201 1.14124
5.13634 0.00428008 1.14102
5.13707 0.00510813 1.1408
5.13779 0.00593614 1.14057
5.13852 0.00676411 1.14034
5.13925 0.00759205 1.14011
5.13997 0.00841995 1.13987
5.1407 0.00924781 1.13963
5.14143 0.0100756 1.13939
5.14215 0.0109034 1.13914
5.14288 0.0117311 1.1389
5.14361 0.0125588 1.13865
5.14433 0.0133865 1.13839
5.14506 0.0142141 1.13813
5.14579 0.0150416 1.13787
5.14651 0.0158691 1.13761
5.14724 0.0166966 1.13734
5.14797 0.017524 1.13708
5.1487 0.0183513 1.1368
5.14943 0.0191786 1.13653
5.15015 0.0200059 1.13625
5.15088 0.0208331 1.13597
5.15161 0.0216602 1.13568
5.15234 0.0224873 1.1354
5.15307 0.0233143 1.13511
5.1538 0.0241412 1.13481
5.15452 0.0249681 1.13452
5.15525 0.0257949 1.13422
5.15598 0.0266217 1.13392
5.15671 0.0274483 1.13361
5.15744 0.028275 1.1333
5.15817 0.0291015 1.13299
5.1589 0.029928 1.13268
5.15963 0.0307544 1.13236
5.16036 0.0315807 1.13204
5.16109 0.032407 1.13172
5.16182 0.0332332 1.13139
5.16255 0.0340593 1.13106
5.16328 0.0348853 1.13073
5.16401 0.0357112 1.13039
5.16474 0.0365371 1.13006
5.16547 0.0373629 1.12971
5.1662 0.0381886 1.12937
5.16693 0.0390142 1.12902
5.16767 0.0398398 1.12867
5.1684 0.0406652 1.12832
5.16913 0.0414906 1.12796
5.16986 0.0423158 1.1276
5.17059 0.043141 1.12724
5.17132 0.0439661 1.12687
5.17206 0.0447911 1.1265
5.17279 0.045616 1.12613
5.17352 0.0464408 1.12576
5.17425 0.0472655 1.12538
5.17499 0.0480901 1.125
5.17572 0.0489146 1.12462
5.17645 0.049739 1.12423
5.17719 0.0505633 1.12384
5.17792 0.0513875 1.12345
5.17865 0.0522116 1.12305
5.17939 0.0530355 1.12265
5.18012 0.0538594 1.12225
5.18086 0.0546832 1.12184
5.18159 0.0555068 1.12144
5.18232 0.0563304 1.12102
5.18306 0.0571538 1.12061
5.18379 0.0579771 1.12019
5.18453 0.0588003 1.11977
5.18526 0.0596234 1.11935
5.186 0.0604464 1.11892
5.18673 0.0612692 1.11849
5.18747 0.062092 1.11806
5.18821 0.0629146 1.11763
5.18894 0.063737 1.11719
5.18968 0.0645594 1.11675
5.19042 0.0653816 1.1163
5.19115 0.0662037 1.11585
5.19189 0.0670257 1.1154
5.19263 0.0678475 1.11495
5.19336 0.0686692 1.11449
5.1941 0.0694908 1.11403
5.19484 0.0703122 1.11357
5.19558 0.0711335 1.1131
5.19631 0.0719547 1.11263
5.19705 0.0727757 1.11216
5.19779 0.0735966 1.11169
5.19853 0.0744174 1.11121
5.19927 0.075238 1.11073
5.20001 0.0760584 1.11024
5.20074 0.0768788 1.10976
5.20148 0.0776989 1.10927
5.20222 0.078519 1.10877
5.20296 0.0793388 1.10828
5.2037 0.0801586 1.10778
5.20444 0.0809781 1.10727
5.20518 0.0817975 1.10677
5.20592 0.0826168 1.10626
5.20666 0.0834359 1.10575
5.2074 0.0842549 1.10523
5.20815 0.0850736 1.10471
5.20889 0.0858923 1.10419
5.20963 0.0867107 1.10367
5.21037 0.087529 1.10314
5.21111 0.0883472 1.10261
5.21185 0.0891652 1.10208
5.2126 0.089983 1.10154
5.21334 0.0908006 1.101
5.21408 0.0916181 1.10046
5.21482 0.0924354 1.09991
5.21557 0.0932525 1.09937
5.21631 0.0940694 1.09881
5.21705 0.0948862 1.09826
5.2178 0.0957028 1.0977
5.21854 0.0965192 1.09714
5.21929 0.0973355 1.09658
5.22003 0.0981515 1.09601
5.22077 0.0989674 1.09544
5.22152 0.0997831 1.09486
5.22226 0.100599 1.09429
5.22301 0.101414 1.09371
5.22375 0.102229 1.09313
5.2245 0.103044 1.09254
5.22525 0.103859 1.09195
5.22599 0.104673 1.09136
5.22674 0.105488 1.09076
5.22749 0.106302 1.09017
5.22823 0.107116 1.08957
5.22898 0.10793 1.08896
5.22973 0.108743 1.08835
5.23047 0.109556 1.08774
5.23122 0.11037 1.08713
5.23197 0.111183 1.08651
5.23272 0.111995 1.08589
5.23347 0.112808 1.08527
5.23422 0.11362 1.08464
5.23496 0.114432 1.08401
5.23571 0.115244 1.08338
5.23646 0.116056 1.08275
5.23721 0.116867 1.08211
5.23796 0.117679 1.08147
5.23871 0.11849 1.08082
5.23946 0.119301 1.08017
5.24021 0.120111 1.07952
5.24097 0.120922 1.07887
5.24172 0.121732 1.07821
5.24247 0.122542 1.07755
5.24322 0.123351 1.07689
5.24397 0.124161 1.07622
5.24472 0.12497 1.07555
5.24548 0.125779 1.07488
5.24623 0.126588 1.0742
5.24698 0.127397 1.07353
5.24773 0.128205 1.07284
5.24849 0.129013 1.07216
5.24924 0.129821 1.07147
5.25 0.130628 1.07078
5.25075 0.131436 1.07008
5.2515 0.132243 1.06939
5.25226 0.13305 1.06869
5.25301 0.133856 1.06798
5.25377 0.134663 1.06727
5.25453 0.135469 1.06656
5.25528 0.136275 1.06585
5.25604 0.13708 1.06513
5.25679 0.137886 1.06441
5.25755 0.138691 1.06369
5.25831 0.139496 1.06297
5.25906 0.1403 1.06224
5.25982 0.141105 1.0615
5.26058 0.141909 1.06077
5.26134 0.142713 1.06003
5.2621 0.143516 1.05929
5.26285 0.144319 1.05854
5.26361 0.145122 1.0578
5.26437 0.145925 1.05705
5.26513 0.146728 1.05629
5.26589 0.14753 1.05553
5.26665 0.148332 1.05477
5.26741 0.149133 1.05401
5.26817 0.149935 1.05324
5.26893 0.150736 1.05247
5.26969 0.151537 1.0517
5.27046 0.152337 1.05092
5.27122 0.153138 1.05014
5.27198 0.153937 1.04936
5.27274 0.154737 1.04857
5.2735 0.155537 1.04779
5.27427 0.156336 1.04699
5.27503 0.157134 1.0462
5.27579 0.157933 1.0454
5.27656 0.158731 1.0446
5.27732 0.159529 1.04379
5.27809 0.160327 1.04298
5.27885 0.161124 1.04217
5.27962 0.161921 1.04136
5.28038 0.162718 1.04054
5.28115 0.163514 1.03972
5.28191 0.16431 1.0389
5.28268 0.165106 1.03807
5.28345 0.165901 1.03724
5.28421 0.166696 1.03641
5.28498 0.167491 1.03557
5.28575 0.168286 1.03473
5.28652 0.16908 1.03389
5.28728 0.169874 1.03304
5.28805 0.170667 1.03219
5.28882 0.171461 1.03134
5.28959 0.172253 1.03048
5.29036 0.173046 1.02962
5.29113 0.173838 1.02876
5.2919 0.17463 1.02789
5.29267 0.175422 1.02703
5.29344 0.176213 1.02615
5.29421 0.177004 1.02528
5.29498 0.177795 1.0244
5.29576 0.178585 1.02352
5.29653 0.179375 1.02263
5.2973 0.180164 1.02175
5.29807 0.180953 1.02086
5.29885 0.181742 1.01996
5.29962 0.182531 1.01906
5.30039 0.183319 1.01816
5.30117 0.184107 1.01726
5.30194 0.184894 1.01635
5.30272 0.185681 1.01544
5.30349 0.186468 1.01453
5.30427 0.187254 1.01361
5.30504 0.18804 1.01269
5.30582 0.188826 1.01177
5.3066 0.189611 1.01084
5.30737 0.190396 1.00991
5.30815 0.191181 1.00898
5.30893 0.191965 1.00804
5.3097 0.192749 1.0071
5.31048 0.193532 1.00616
5.31126 0.194315 1.00521
5.31204 0.195098 1.00426
5.31282 0.19588 1.00331
5.3136 0.196662 1.00236
5.31438 0.197444 1.0014
5.31516 0.198225 1.00043
5.31594 0.199006 0.999468
5.31672 0.199786 0.9985
5.3175 0.200566 0.997528
5.31829 0.201346 0.996552
5.31907 0.202125 0.995574
5.31985 0.202904 0.994592
5.32063 0.203682 0.993607
5.32142 0.20446 0.992619
5.3222 0.205238 0.991627
5.32299 0.206015 0.990632
5.32377 0.206792 0.989634
5.32455 0.207568 0.988633
5.32534 0.208344 0.987628
5.32613 0.20912 0.98662
5.32691 0.209895 0.985609
5.3277 0.210669 0.984595
5.32848 0.211444 0.983577
5.32927 0.212218 0.982556
5.33006 0.212991 0.981532
5.33085 0.213764 0.980504
5.33164 0.214537 0.979473
5.33242 0.215309 0.978439
5.33321 0.216081 0.977402
5.334 0.216852 0.976361
5.33479 0.217623 0.975317
5.33558 0.218393 0.97427
5.33637 0.219163 0.973219
5.33717 0.219933 0.972165
5.33796 0.220702 0.971108
5.33875 0.22147 0.970047
5.33954 0.222239 0.968984
5.34033 0.223006 0.967916
5.34113 0.223774 0.966846
5.34192 0.22454 0.965772
5.34271 0.225307 0.964695
5.34351 0.226073 0.963615
5.3443 0.226838 0.962531
5.3451 0.227603 0.961444
5.34589 0.228368 0.960354
5.34669 0.229132 0.95926
5.34749 0.229895 0.958164
5.34828 0.230659 0.957063
5.34908 0.231421 0.95596
5.34988 0.232183 0.954853
5.35068 0.232945 0.953743
5.35148 0.233706 0.952629
5.35228 0.234467 0.951512
5.35307 0.235227 0.950392
5.35387 0.235987 0.949268
5.35468 0.236746 0.948142
5.35548 0.237505 0.947011
5.35628 0.238263 0.945878
5.35708 0.239021 0.944741
5.35788 0.239779 0.943601
5.35868 0.240535 0.942457
5.35949 0.241292 0.94131
5.36029 0.242047 0.94016
5.36109 0.242803 0.939006
5.3619 0.243557 0.937849
5.3627 0.244312 0.936689
5.36351 0.245065 0.935525
5.36431 0.245819 0.934358
5.36512 0.246571 0.933188
5.36593 0.247323 0.932014
5.36673 0.248075 0.930837
5.36754 0.248826 0.929656
5.36835 0.249577 0.928472
5.36916 0.250327 0.927285
5.36997 0.251076 0.926094
5.37077 0.251825 0.9249
5.37158 0.252574 0.923703
5.37239 0.253322 0.922502
5.37321 0.254069 0.921298
5.37402 0.254816 0.92009
5.37483 0.255562 0.918879
5.37564 0.256308 0.917665
5.37645 0.257053 0.916447
5.37727 0.257798 0.915226
5.37808 0.258542 0.914002
5.37889 0.259285 0.912774
5.37971 0.260028 0.911543
5.38052 0.26077 0.910308
5.38134 0.261512 0.90907
5.38215 0.262253 0.907828
5.38297 0.262994 0.906584
5.38379 0.263734 0.905335
5.3846 0.264473 0.904084
5.38542 0.265212 0.902829
5.38624 0.265951 0.90157
5.38706 0.266688 0.900308
5.38788 0.267425 0.899043
5.3887 0.268162 0.897774
5.38952 0.268898 0.896502
5.39034 0.269633 0.895226
5.39116 0.270368 0.893947
5.39198 0.271102 0.892665
5.3928 0.271836 0.891379
5.39363 0.272568 0.89009
5.39445 0.273301 0.888797
5.39527 0.274032 0.887501
5.3961 0.274763 0.886201
5.39692 0.275494 0.884898
5.39775 0.276224 0.883591
5.39858 0.276953 0.882282
5.3994 0.277682 0.880968
5.40023 0.278409 0.879651
5.40106 0.279137 0.878331
5.40188 0.279863 0.877007
5.40271 0.280589 0.87568
5.40354 0.281315 0.87435
5.40437 0.28204 0.873016
5.4052 0.282764 0.871678
5.40603 0.283487 0.870337
5.40686 0.28421 0.868993
5.40769 0.284932 0.867645
5.40853 0.285653 0.866293
5.40936 0.286374 0.864938
5.41019 0.287094 0.86358
5.41103 0.287814 0.862218
5.41186 0.288533 0.860853
5.4127 0.289251 0.859484
5.41353 0.289968 0.858112
5.41437 0.290685 0.856736
5.4152 0.291401 0.855357
5.41604 0.292116 0.853974
5.41688 0.292831 0.852588
5.41772 0.293545 0.851199
5.41855 0.294258 0.849805
5.41939 0.294971 0.848409
5.42023 0.295683 0.847009
5.42107 0.296394 0.845605
5.42191 0.297105 0.844198
5.42276 0.297814 0.842787
5.4236 0.298524 0.841373
5.42444 0.299232 0.839956
5.42528 0.29994 0.838535
5.42613 0.300646 0.83711
5.42697 0.301353 0.835682
5.42782 0.302058 0.83425
5.42866 0.302763 0.832815
5.42951 0.303467 0.831376
5.43036 0.30417 0.829934
5.4312 0.304872 0.828488
5.43205 0.305574 0.827039
5.4329 0.306275 0.825587
5.43375 0.306975 0.82413
5.4346 0.307675 0.82267
5.43545 0.308374 0.821207
5.4363 0.309072 0.81974
5.43715 0.309769 0.81827
5.438 0.310465 0.816796
5.43885 0.311161 0.815319
5.43971 0.311856 0.813838
5.44056 0.31255 0.812353
5.44141 0.313243 0.810865
5.44227 0.313936 0.809373
5.44312 0.314627 0.807878
5.44398 0.315318 0.80638
5.44484 0.316008 0.804877
5.44569 0.316698 0.803371
5.44655 0.317386 0.801862
5.44741 0.318074 0.800349
5.44827 0.318761 0.798833
5.44913 0.319447 0.797313
5.44999 0.320132 0.795789
5.45085 0.320817 0.794262
5.45171 0.3215 0.792731
5.45257 0.322183 0.791197
5.45344 0.322865 0.789659
5.4543 0.323546 0.788118
5.45516 0.324227 0.786573
5.45603 0.324906 0.785024
5.45689 0.325585 0.783472
5.45776 0.326262 0.781917
5.45863 0.326939 0.780357
5.45949 0.327615 0.778795
5.46036 0.32829 0.777228
5.46123 0.328965 0.775658
5.4621 0.329638 0.774085
5.46297 0.330311 0.772508
5.46384 0.330982 0.770927
5.46471 0.331653 0.769343
5.46558 0.332323 0.767755
5.46645 0.332992 0.766163
5.46733 0.33366 0.764568
5.4682 0.334327 0.76297
5.46907 0.334993 0.761367
5.46995 0.335659 0.759761
5.47083 0.336323 0.758152
5.4717 0.336987 0.756539
5.47258 0.33765 0.754922
5.47346 0.338311 0.753302
5.47433 0.338972 0.751678
5.47521 0.339632 0.750051
5.47609 0.340291 0.74842
5.47697 0.340949 0.746785
5.47785 0.341606 0.745147
5.47873 0.342262 0.743505
5.47962 0.342917 0.74186
5.4805 0.343571 0.740211
5.48138 0.344225 0.738558
5.48227 0.344877 0.736902
5.48315 0.345528 0.735242
5.48404 0.346178 0.733578
5.48492 0.346828 0.731911
5.48581 0.347476 0.730241
5.4867 0.348123 0.728566
5.48759 0.34877 0.726888
5.48848 0.349415 0.725207
5.48936 0.35006 0.723522
5.49025 0.350703 0.721833
5.49115 0.351345 0.72014
5.49204 0.351987 0.718444
5.49293 0.352627 0.716745
5.49382 0.353266 0.715041
5.49472 0.353905 0.713334
5.49561 0.354542 0.711624
5.49651 0.355178 0.70991
5.4974 0.355813 0.708192
5.4983 0.356447 0.706471
5.4992 0.357081 0.704746
5.50009 0.357713 0.703017
5.50099 0.358344 0.701285
5.50189 0.358973 0.699549
5.50279 0.359602 0.697809
5.50369 0.36023 0.696066
5.50459 0.360857 0.694319
5.5055 0.361482 0.692569
5.5064 0.362107 0.690815
5.5073 0.36273 0.689057
5.50821 0.363353 0.687296
5.50911 0.363974 0.685531
5.51002 0.364594 0.683763
5.51092 0.365213 0.68199
5.51183 0.365831 0.680215
5.51274 0.366448 0.678435
5.51365 0.367063 0.676652
5.51456 0.367678 0.674866
5.51547 0.368291 0.673075
5.51638 0.368903 0.671281
5.51729 0.369514 0.669484
5.5182 0.370124 0.667683
5.51911 0.370733 0.665878
5.52003 0.371341 0.66407
5.52094 0.371947 0.662257
5.52186 0.372552 0.660442
5.52277 0.373157 0.658623
5.52369 0.373759 0.6568
5.52461 0.374361 0.654973
5.52553 0.374962 0.653143
5.52645 0.375561 0.651309
5.52736 0.376159 0.649472
5.52829 0.376756 0.647631
5.52921 0.377352 0.645786
5.53013 0.377946 0.643938
5.53105 0.378539 0.642086
5.53197 0.379131 0.640231
5.5329 0.379722 0.638372
5.53382 0.380312 0.636509
5.53475 0.3809 0.634643
5.53567 0.381487 0.632773
5.5366 0.382073 0.6309
5.53753 0.382657 0.629023
5.53846 0.38324 0.627142
5.53939 0.383822 0.625258
5.54032 0.384403 0.62337
5.54125 0.384982 0.621479
5.54218 0.38556 0.619584
5.54311 0.386137 0.617685
5.54405 0.386713 0.615783
5.54498 0.387287 0.613877
5.54591 0.38786 0.611968
5.54685 0.388431 0.610055
5.54779 0.389001 0.608138
5.54872 0.38957 0.606218
5.54966 0.390138 0.604295
5.5506 0.390704 0.602367
5.55154 0.391269 0.600437
5.55248 0.391832 0.598502
5.55342 0.392394 0.596564
5.55436 0.392955 0.594623
5.5553 0.393514 0.592678
5.55624 0.394072 0.590729
5.55719 0.394629 0.588777
5.55813 0.395184 0.586822
5.55908 0.395738 0.584862
5.56002 0.39629 0.5829
5.56097 0.396841 0.580933
5.56192 0.397391 0.578964
5.56287 0.397939 0.57699
5.56382 0.398485 0.575014
5.56477 0.399031 0.573033
5.56572 0.399574 0.571049
5.56667 0.400117 0.569062
5.56762 0.400658 0.567071
5.56857 0.401197 0.565077
5.56953 0.401735 0.563079
5.57048 0.402272 0.561078
5.57144 0.402807 0.559073
5.57239 0.40334 0.557065
5.57335 0.403872 0.555053
5.57431 0.404403 0.553038
5.57526 0.404931 0.551019
5.57622 0.405459 0.548997
5.57718 0.405985 0.546972
5.57814 0.406509 0.544943
5.57911 0.407032 0.54291
5.58007 0.407554 0.540875
5.58103 0.408073 0.538835
5.58199 0.408592 0.536793
5.58296 0.409108 0.534747
5.58392 0.409623 0.532697
5.58489 0.410137 0.530644
5.58586 0.410649 0.528588
5.58682 0.411159 0.526528
5.58779 0.411668 0.524465
5.58876 0.412175 0.522399
5.58973 0.412681 0.520329
5.5907 0.413184 0.518256
5.59167 0.413687 0.51618
5.59264 0.414187 0.5141
5.59362 0.414686 0.512017
5.59459 0.415184 0.509931
5.59556 0.41568 0.507841
5.59654 0.416174 0.505748
5.59751 0.416666 0.503652
5.59849 0.417157 0.501552
5.59947 0.417646 0.499449
5.60045 0.418133 0.497343
5.60142 0.418619 0.495234
5.6024 0.419103 0.493121
5.60338 0.419585 0.491005
5.60436 0.420066 0.488886
5.60535 0.420545 0.486764
5.60633 0.421022 0.484638
5.60731 0.421497 0.48251
5.60829 0.421971 0.480378
5.60928 0.422442 0.478243
5.61026 0.422913 0.476105
5.61125 0.423381 0.473963
5.61224 0.423848 0.471819
5.61322 0.424312 0.469671
5.61421 0.424775 0.467521
5.6152 0.425237 0.465367
5.61619 0.425696 0.46321
5.61718 0.426154 0.46105
5.61817 0.426609 0.458887
5.61916 0.427063 0.456721
5.62016 0.427515 0.454551
5.62115 0.427966 0.452379
5.62214 0.428414 0.450204
5.62314 0.428861 0.448026
5.62413 0.429306 0.445845
5.62513 0.429748 0.443661
5.62612 0.430189 0.441473
5.62712 0.430629 0.439283
5.62812 0.431066 0.43709
5.62912 0.431501 0.434894
5.63012 0.431935 0.432696
5.63112 0.432366 0.430494
5.63212 0.432796 0.428289
5.63312 0.433223 0.426082
5.63412 0.433649 0.423872
5.63512 0.434073 0.421659
5.63613 0.434495 0.419443
5.63713 0.434915 0.417224
5.63813 0.435333 0.415003
5.63914 0.435749 0.412778
5.64015 0.436163 0.410551
5.64115 0.436575 0.408322
5.64216 0.436985 0.406089
5.64317 0.437393 0.403854
5.64417 0.437799 0.401616
5.64518 0.438203 0.399376
5.64619 0.438605 0.397133
5.6472 0.439005 0.394887
5.64821 0.439403 0.392639
5.64922 0.439799 0.390388
5.65024 0.440193 0.388134
5.65125 0.440585 0.385878
5.65226 0.440974 0.38362
5.65328 0.441362 0.381359
5.65429 0.441748 0.379095
5.6553 0.442131 0.376829
5.65632 0.442513 0.374561
5.65734 0.442892 0.37229
5.65835 0.443269 0.370017
5.65937 0.443645 0.367741
5.66039 0.444018 0.365463
5.66141 0.444389 0.363183
5.66242 0.444757 0.3609
5.66344 0.445124 0.358615
5.66446 0.445489 0.356328
5.66548 0.445851 0.354038
5.6665 0.446211 0.351746
5.66753 0.446569 0.349453
5.66855 0.446925 0.347156
5.66957 0.447279 0.344858
5.67059 0.44763 0.342558
5.67162 0.44798 0.340255
5.67264 0.448327 0.33795
5.67366 0.448672 0.335644
5.67469 0.449014 0.333335
5.67571 0.449355 0.331024
5.67674 0.449693 0.328711
5.67776 0.450029 0.326396
5.67879 0.450363 0.324079
5.67982 0.450695 0.321761
5.68085 0.451024 0.31944
5.68187 0.451351 0.317118
5.6829 0.451676 0.314793
5.68393 0.451999 0.312467
5.68496 0.452319 0.310139
5.68599 0.452637 0.307809
5.68702 0.452953 0.305478
5.68805 0.453266 0.303145
5.68908 0.453578 0.30081
5.69011 0.453887 0.298473
5.69114 0.454193 0.296135
5.69217 0.454497 0.293795
5.6932 0.454799 0.291454
5.69424 0.455099 0.289111
5.69527 0.455396 0.286766
5.6963 0.455691 0.28442
5.69734 0.455984 0.282073
5.69837 0.456274 0.279724
5.6994 0.456562 0.277373
5.70044 0.456848 0.275021
5.70147 0.457131 0.272668
5.70251 0.457412 0.270314
5.70354 0.457691 0.267958
5.70458 0.457967 0.265601
5.70561 0.458241 0.263243
5.70665 0.458512 0.260883
5.70768 0.458781 0.258522
5.70872 0.459048 0.25616
5.70976 0.459312 0.253797
5.71079 0.459574 0.251433
5.71183 0.459834 0.249068
5.71287 0.460091 0.246701
5.71391 0.460346 0.244334
5.71494 0.460598 0.241965
5.71598 0.460848 0.239596
5.71702 0.461095 0.237226
5.71806 0.46134 0.234855
5.71909 0.461583 0.232483
5.72013 0.461823 0.23011
5.72117 0.462061 0.227736
5.72221 0.462296 0.225362
5.72325 0.462529 0.222986
5.72429 0.462759 0.220611
5.72533 0.462987 0.218234
5.72637 0.463213 0.215857
5.72741 0.463436 0.213479
5.72844 0.463657 0.2111
5.72948 0.463875 0.208721
5.73052 0.46409 0.206341
5.73156 0.464304 0.203961
5.7326 0.464514 0.201581
5.73364 0.464723 0.1992
5.73468 0.464929 0.196818
5.73572 0.465132 0.194436
5.73676 0.465333 0.192054
5.7378 0.465531 0.189671
5.73884 0.465727 0.187288
5.73988 0.465921 0.184905
5.74092 0.466112 0.182522
5.74196 0.4663 0.180138
5.743 0.466486 0.177755
5.74404 0.46667 0.175371
5.74508 0.466851 0.172987
5.74612 0.467029 0.170603
5.74716 0.467205 0.168219
5.7482 0.467379 0.165834
5.74923 0.46755 0.16345
5.75027 0.467719 0.161066
5.75131 0.467885 0.158682
5.75235 0.468048 0.156298
5.75339 0.46821 0.153914
5.75443 0.468368 0.151531
5.75547 0.468524 0.149147
5.75651 0.468678 0.146764
5.75754 0.468829 0.144381
5.75858 0.468978 0.141998
5.75962 0.469124 0.139616
5.76066 0.469267 0.137234
5.76169 0.469409 0.134852
5.76273 0.469547 0.132471
5.76377 0.469683 0.13009
5.76481 0.469817 0.127709
5.76584 0.469948 0.125329
5.76688 0.470077 0.12295
5.76792 0.470203 0.120571
5.76895 0.470327 0.118193
5.76999 0.470448 0.115815
5.77102 0.470567 0.113438
5.77206 0.470683 0.111061
5.77309 0.470797 0.108686
5.77413 0.470908 0.106311
5.77516 0.471017 0.103936
5.7762 0.471123 0.101563
5.77723 0.471227 0.0991898
5.77827 0.471328 0.0968179
5.7793 0.471427 0.0944467
5.78033 0.471523 0.0920765
5.78136 0.471617 0.0897071
5.7824 0.471709 0.0873387
5.78343 0.471797 0.0849712
5.78446 0.471884 0.0826047
5.78549 0.471968 0.0802392
5.78652 0.472049 0.0778747
5.78755 0.472128 0.0755113
5.78858 0.472205 0.073149
5.78961 0.472279 0.0707877
5.79064 0.472351 0.0684276
5.79167 0.47242 0.0660687
5.7927 0.472487 0.0637109
5.79373 0.472551 0.0613544
5.79476 0.472613 0.0589991
5.79579 0.472672 0.056645
5.79681 0.472729 0.0542922
5.79784 0.472784 0.0519407
5.79887 0.472836 0.0495905
5.79989 0.472886 0.0472417
5.80092 0.472933 0.0448943
5.80194 0.472978 0.0425482
5.80297 0.47302 0.0402036
5.80399 0.47306 0.0378604
5.80502 0.473098 0.0355187
5.80604 0.473133 0.0331785
5.80706 0.473166 0.0308397
5.80809 0.473196 0.0285025
5.80911 0.473224 0.0261669
5.81013 0.473249 0.0238328
5.81115 0.473273 0.0215003
5.81217 0.473293 0.0191694
5.81319 0.473312 0.0168402
5.81421 0.473328 0.0145126
5.81523 0.473341 0.0121867
5.81625 0.473353 0.00986247
5.81727 0.473361 0.00753997
5.81828 0.473368 0.00521921
5.8193 0.473372 0.00290021
5.82032 0.473374 0.000582974
5.82133 0.473373 -0.00173247
5.82235 0.47337 -0.00404609
5.82336 0.473365 -0.00635789
5.82438 0.473357 -0.00866784
5.82539 0.473347 -0.0109759
5.8264 0.473335 -0.0132821
5.82742 0.47332 -0.0155864
5.82843 0.473304 -0.0178888
5.82944 0.473284 -0.0201892
5.83045 0.473263 -0.0224877
5.83146 0.473239 -0.0247842
5.83247 0.473213 -0.0270787
5.83348 0.473184 -0.0293712
5.83449 0.473153 -0.0316617
5.8355 0.47312 -0.0339501
5.8365 0.473085 -0.0362365
5.83751 0.473047 -0.0385209
5.83852 0.473007 -0.0408031
5.83952 0.472965 -0.0430832
5.84053 0.472921 -0.0453613
5.84153 0.472874 -0.0476372
5.84254 0.472825 -0.0499109
5.84354 0.472774 -0.0521825
5.84454 0.47272 -0.0544519
5.84554 0.472665 -0.0567191
5.84655 0.472607 -0.0589842
5.84755 0.472547 -0.061247
5.84855 0.472484 -0.0635075
5.84955 0.47242 -0.0657659
5.85054 0.472353 -0.0680219
5.85154 0.472284 -0.0702757
5.85254 0.472213 -0.0725273
5.85354 0.472139 -0.0747765
5.85453 0.472063 -0.0770234
5.85553 0.471986 -0.079268
5.85653 0.471906 -0.0815103
5.85752 0.471823 -0.0837502
5.85851 0.471739 -0.0859877
5.85951 0.471653 -0.0882229
5.8605 0.471564 -0.0904557
5.86149 0.471473 -0.0926862
5.86248 0.47138 -0.0949142
5.86347 0.471285 -0.0971398
5.86446 0.471188 -0.099363
5.86545 0.471088 -0.101584
5.86644 0.470987 -0.103802
5.86743 0.470883 -0.106018
5.86842 0.470777 -0.108231
5.86941 0.470669 -0.110442
5.87039 0.470559 -0.112651
5.87138 0.470447 -0.114857
5.87236 0.470333 -0.11706
5.87335 0.470217 -0.119261
5.87433 0.470098 -0.121459
5.87531 0.469978 -0.123655
5.8763 0.469855 -0.125848
5.87728 0.469731 -0.128039
5.87826 0.469604 -0.130227
5.87924 0.469475 -0.132413
5.88022 0.469344 -0.134596
5.8812 0.469212 -0.136777
5.88217 0.469077 -0.138955
5.88315 0.46894 -0.14113
5.88413 0.468801 -0.143303
5.88511 0.46866 -0.145473
5.88608 0.468517 -0.14764
5.88706 0.468372 -0.149805
5.88803 0.468225 -0.151967
5.889 0.468076 -0.154127
5.88998 0.467925 -0.156284
5.89095 0.467772 -0.158438
5.89192 0.467617 -0.160589
5.89289 0.46746 -0.162738
5.89386 0.467301 -0.164884
5.89483 0.46714 -0.167028
5.8958 0.466977 -0.169169
5.89677 0.466812 -0.171307
5.89774 0.466645 -0.173442
5.8987 0.466477 -0.175575
5.89967 0.466306 -0.177705
5.90064 0.466133 -0.179832
5.9016 0.465959 -0.181957
5.90257 0.465782 -0.184079
5.90353 0.465604 -0.186198
5.90449 0.465424 -0.188314
5.90546 0.465241 -0.190428
5.90642 0.465057 -0.192539
5.90738 0.464871 -0.194647
5.90834 0.464683 -0.196752
5.9093 0.464493 -0.198855
5.91026 0.464302 -0.200954
5.91122 0.464108 -0.203051
5.91217 0.463913 -0.205146
5.91313 0.463715 -0.207237
5.91409 0.463516 -0.209326
5.91504 0.463315 -0.211412
5.916 0.463112 -0.213495
5.91695 0.462907 -0.215575
5.91791 0.462701 -0.217652
5.91886 0.462492 -0.219727
5.91981 0.462282 -0.221799
5.92076 0.46207 -0.223868
5.92171 0.461856 -0.225934
5.92266 0.46164 -0.227997
5.92361 0.461423 -0.230058
5.92456 0.461203 -0.232115
5.92551 0.460982 -0.23417
5.92646 0.460759 -0.236222
5.92741 0.460535 -0.238271
5.92835 0.460308 -0.240318
5.9293 0.46008 -0.242361
5.93025 0.45985 -0.244402
5.93119 0.459618 -0.246439
5.93213 0.459384 -0.248474
5.93308 0.459149 -0.250506
5.93402 0.458912 -0.252535
5.93496 0.458673 -0.254561
5.9359 0.458432 -0.256585
5.93684 0.45819 -0.258605
5.93778 0.457946 -0.260623
5.93872 0.4577 -0.262638
5.93966 0.457453 -0.26465
5.9406 0.457203 -0.266658
5.94154 0.456953 -0.268665
5.94247 0.4567 -0.270668
5.94341 0.456446 -0.272668
5.94435 0.456189 -0.274665
5.94528 0.455932 -0.27666
5.94622 0.455672 -0.278651
5.94715 0.455411 -0.28064
5.94808 0.455148 -0.282626
5.94902 0.454884 -0.284609
5.94995 0.454618 -0.286589
5.95088 0.45435 -0.288566
5.95181 0.454081 -0.29054
5.95274 0.453809 -0.292511
5.95367 0.453537 -0.29448
5.9546 0.453262 -0.296445
5.95553 0.452986 -0.298407
5.95645 0.452709 -0.300367
5.95738 0.452429 -0.302324
5.95831 0.452148 -0.304277
5.95923 0.451866 -0.306228
5.96016 0.451582 -0.308176
5.96108 0.451296 -0.310121
5.962 0.451008 -0.312063
5.96293 0.450719 -0.314002
5.96385 0.450429 -0.315938
5.96477 0.450137 -0.317871
5.96569 0.449843 -0.319802
5.96661 0.449548 -0.321729
5.96753 0.449251 -0.323653
5.96845 0.448952 -0.325575
5.96937 0.448652 -0.327493
5.97029 0.448351 -0.329409
5.97121 0.448047 -0.331322
5.97213 0.447743 -0.333231
5.97304 0.447436 -0.335138
5.97396 0.447129 -0.337042
5.97487 0.446819 -0.338943
5.97579 0.446508 -0.340841
5.9767 0.446196 -0.342735
5.97762 0.445882 -0.344627
5.97853 0.445566 -0.346517
5.97944 0.445249 -0.348403
5.98035 0.444931 -0.350286
5.98126 0.444611 -0.352166
5.98217 0.444289 -0.354043
5.98308 0.443966 -0.355918
5.98399 0.443642 -0.357789
5.9849 0.443316 -0.359657
5.98581 0.442988 -0.361523
5.98672 0.442659 -0.363385
5.98763 0.442329 -0.365245
5.98853 0.441997 -0.367101
5.98944 0.441663 -0.368955
5.99034 0.441328 -0.370805
5.99125 0.440992 -0.372653
5.99215 0.440654 -0.374498
5.99306 0.440315 -0.37634
5.99396 0.439974 -0.378178
5.99486 0.439632 -0.380014
5.99576 0.439288 -0.381847
5.99667 0.438943 -0.383677
5.99757 0.438597 -0.385504
5.99847 0.438249 -0.387328
5.99937 0.4379 -0.389149
6.00027 0.437549 -0.390967
6.00116 0.437197 -0.392782
6.00206 0.436843 -0.394594
6.00296 0.436488 -0.396403
6.00386 0.436132 -0.39821
6.00475 0.435774 -0.400013
6.00565 0.435415 -0.401813
6.00655 0.435054 -0.40361
6.00744 0.434693 -0.405405
6.00833 0.434329 -0.407196
6.00923 0.433964 -0.408985
6.01012 0.433598 -0.41077
6.01101 0.433231 -0.412553
6.01191 0.432862 -0.414332
6.0128 0.432492 -0.416109
6.01369 0.43212 -0.417882
6.01458 0.431748 -0.419653
6.01547 0.431373 -0.421421
6.01636 0.430998 -0.423185
6.01725 0.430621 -0.424947
6.01814 0.430242 -0.426706
6.01902 0.429863 -0.428462
6.01991 0.429482 -0.430214
6.0208 0.4291 -0.431964
6.02168 0.428716 -0.433711
6.02257 0.428331 -0.435455
6.02345 0.427945 -0.437196
6.02434 0.427557 -0.438934
6.02522 0.427169 -0.440669
6.02611 0.426778 -0.442401
6.02699 0.426387 -0.44413
6.02787 0.425994 -0.445856
6.02875 0.4256 -0.44758
6.02964 0.425205 -0.4493
6.03052 0.424808 -0.451017
6.0314 0.42441 -0.452731
6.03228 0.424011 -0.454443
6.03316 0.423611 -0.456151
6.03404 0.423209 -0.457856
6.03491 0.422806 -0.459559
6.03579 0.422402 -0.461258
6.03667 0.421996 -0.462955
6.03755 0.42159 -0.464648
6.03842 0.421182 -0.466339
6.0393 0.420772 -0.468027
6.04018 0.420362 -0.469711
6.04105 0.41995 -0.471393
6.04192 0.419537 -0.473072
6.0428 0.419123 -0.474747
6.04367 0.418707 -0.47642
6.04455 0.418291 -0.47809
6.04542 0.417873 -0.479757
6.04629 0.417454 -0.481421
6.04716 0.417033 -0.483082
6.04803 0.416612 -0.48474
6.0489 0.416189 -0.486395
6.04977 0.415765 -0.488047
6.05064 0.41534 -0.489696
6.05151 0.414914 -0.491342
6.05238 0.414486 -0.492985
6.05325 0.414057 -0.494626
6.05412 0.413627 -0.496263
6.05498 0.413196 -0.497897
6.05585 0.412764 -0.499529
6.05672 0.41233 -0.501157
6.05758 0.411896 -0.502782
6.05845 0.41146 -0.504405
6.05931 0.411023 -0.506025
6.06018 0.410585 -0.507641
6.06104 0.410146 -0.509255
6.06191 0.409705 -0.510865
6.06277 0.409264 -0.512473
6.06363 0.408821 -0.514078
6.06449 0.408377 -0.51568
6.06536 0.407932 -0.517279
6.06622 0.407486 -0.518875
6.06708 0.407038 -0.520468
6.06794 0.40659 -0.522058
6.0688 0.40614 -0.523645
6.06966 0.405689 -0.525229
6.07052 0.405238 -0.52681
6.07137 0.404785 -0.528388
6.07223 0.404331 -0.529963
6.07309 0.403875 -0.531536
6.07395 0.403419 -0.533105
6.0748 0.402962 -0.534671
6.07566 0.402503 -0.536235
6.07652 0.402044 -0.537795
6.07737 0.401583 -0.539353
6.07823 0.401121 -0.540908
6.07908 0.400658 -0.542459
6.07994 0.400194 -0.544008
6.08079 0.399729 -0.545554
6.08164 0.399263 -0.547097
6.0825 0.398796 -0.548637
6.08335 0.398327 -0.550174
6.0842 0.397858 -0.551708
6.08505 0.397387 -0.553239
6.0859 0.396916 -0.554767
6.08675 0.396443 -0.556292
6.0876 0.39597 -0.557814
6.08845 0.395495 -0.559334
6.0893 0.395019 -0.56085
6.09015 0.394542 -0.562363
6.091 0.394065 -0.563874
6.09185 0.393586 -0.565382
6.0927 0.393106 -0.566886
6.09354 0.392625 -0.568388
6.09439 0.392143 -0.569887
6.09524 0.39166 -0.571382
6.09608 0.391176 -0.572875
6.09693 0.390691 -0.574365
6.09777 0.390205 -0.575852
6.09862 0.389717 -0.577336
6.09946 0.389229 -0.578817
6.10031 0.38874 -0.580296
6.10115 0.38825 -0.581771
6.10199 0.387759 -0.583243
6.10284 0.387267 -0.584713
6.10368 0.386773 -0.586179
6.10452 0.386279 -0.587643
6.10536 0.385784 -0.589103
6.1062 0.385288 -0.590561
6.10704 0.384791 -0.592016
6.10789 0.384292 -0.593468
6.10873 0.383793 -0.594916
6.10956 0.383293 -0.596362
6.1104 0.382792 -0.597805
6.11124 0.38229 -0.599246
6.11208 0.381787 -0.600683
6.11292 0.381283 -0.602117
6.11376 0.380778 -0.603548
6.11459 0.380272 -0.604977
6.11543 0.379765 -0.606402
6.11627 0.379257 -0.607825
6.1171 0.378748 -0.609244
6.11794 0.378239 -0.610661
6.11878 0.377728 -0.612075
6.11961 0.377216 -0.613486
6.12044 0.376704 -0.614894
6.12128 0.37619 -0.616299
6.12211 0.375676 -0.617701
6.12295 0.37516 -0.6191
6.12378 0.374644 -0.620496
6.12461 0.374126 -0.62189
6.12544 0.373608 -0.62328
6.12628 0.373089 -0.624668
6.12711 0.372569 -0.626052
6.12794 0.372048 -0.627434
6.12877 0.371526 -0.628813
6.1296 0.371003 -0.630189
6.13043 0.37048 -0.631562
6.13126 0.369955 -0.632932
6.13209 0.369429 -0.634299
6.13292 0.368903 -0.635663
6.13375 0.368376 -0.637024
6.13458 0.367847 -0.638383
6.1354 0.367318 -0.639738
6.13623 0.366788 -0.641091
6.13706 0.366257 -0.642441
6.13789 0.365725 -0.643787
6.13871 0.365193 -0.645131
6.13954 0.364659 -0.646472
6.14037 0.364125 -0.64781
6.14119 0.363589 -0.649145
6.14202 0.363053 -0.650477
6.14284 0.362516 -0.651807
6.14367 0.361978 -0.653133
6.14449 0.361439 -0.654457
6.14531 0.360899 -0.655777
6.14614 0.360359 -0.657095
6.14696 0.359818 -0.65841
6.14778 0.359275 -0.659722
6.14861 0.358732 -0.661031
6.14943 0.358188 -0.662337
6.15025 0.357643 -0.66364
6.15107 0.357098 -0.66494
6.15189 0.356551 -0.666238
6.15271 0.356004 -0.667532
6.15353 0.355456 -0.668824
6.15435 0.354907 -0.670112
6.15517 0.354357 -0.671398
6.15599 0.353806 -0.672681
6.15681 0.353255 -0.673961
6.15763 0.352702 -0.675238
6.15845 0.352149 -0.676512
6.15927 0.351595 -0.677784
6.16008 0.35104 -0.679052
6.1609 0.350485 -0.680318
6.16172 0.349928 -0.68158
6.16254 0.349371 -0.68284
6.16335 0.348813 -0.684097
6.16417 0.348254 -0.685351
6.16498 0.347695 -0.686602
6.1658 0.347134 -0.68785
6.16661 0.346573 -0.689095
6.16743 0.346011 -0.690338
6.16824 0.345448 -0.691577
6.16906 0.344884 -0.692814
6.16987 0.34432 -0.694048
6.17069 0.343755 -0.695278
6.1715 0.343189 -0.696506
6.17231 0.342622 -0.697731
6.17312 0.342055 -0.698954
6.17394 0.341486 -0.700173
6.17475 0.340917 -0.701389
6.17556 0.340347 -0.702603
6.17637 0.339777 -0.703814
6.17718 0.339205 -0.705021
6.17799 0.338633 -0.706226
6.17881 0.33806 -0.707428
6.17962 0.337487 -0.708627
6.18043 0.336912 -0.709824
6.18123 0.336337 -0.711017
6.18204 0.335761 -0.712207
6.18285 0.335184 -0.713395
6.18366 0.334607 -0.71458
6.18447 0.334029 -0.715762
6.18528 0.33345 -0.716941
6.18609 0.33287 -0.718117
6.18689 0.33229 -0.71929
6.1877 0.331708 -0.72046
6.18851 0.331126 -0.721628
6.18932 0.330544 -0.722792
6.19012 0.32996 -0.723954
6.19093 0.329376 -0.725113
6.19173 0.328792 -0.726269
6.19254 0.328206 -0.727422
6.19334 0.32762 -0.728572
6.19415 0.327033 -0.72972
6.19495 0.326445 -0.730864
6.19576 0.325857 -0.732006
6.19656 0.325268 -0.733144
6.19737 0.324678 -0.73428
6.19817 0.324087 -0.735413
6.19897 0.323496 -0.736543
6.19978 0.322904 -0.737671
6.20058 0.322311 -0.738795
6.20138 0.321718 -0.739917
6.20218 0.321124 -0.741035
6.20299 0.320529 -0.742151
6.20379 0.319934 -0.743264
6.20459 0.319338 -0.744374
6.20539 0.318741 -0.745481
6.20619 0.318144 -0.746586
6.20699 0.317545 -0.747687
6.20779 0.316947 -0.748786
6.20859 0.316347 -0.749882
6.20939 0.315747 -0.750975
6.21019 0.315146 -0.752065
6.21099 0.314544 -0.753152
6.21179 0.313942 -0.754236
6.21259 0.313339 -0.755318
6.21339 0.312736 -0.756396
6.21419 0.312132 -0.757472
6.21498 0.311527 -0.758545
6.21578 0.310921 -0.759615
6.21658 0.310315 -0.760682
6.21738 0.309708 -0.761746
6.21817 0.309101 -0.762808
6.21897 0.308492 -0.763866
6.21977 0.307884 -0.764922
6.22056 0.307274 -0.765975
6.22136 0.306664 -0.767025
6.22215 0.306053 -0.768072
6.22295 0.305442 -0.769117
6.22374 0.30483 -0.770158
6.22454 0.304217 -0.771197
6.22533 0.303604 -0.772232
6.22613 0.30299 -0.773265
6.22692 0.302376 -0.774295
6.22772 0.30176 -0.775323
6.22851 0.301145 -0.776347
6.2293 0.300528 -0.777369
6.2301 0.299911 -0.778387
6.23089 0.299293 -0.779403
6.23168 0.298675 -0.780416
6.23248 0.298056 -0.781426
6.23327 0.297437 -0.782434
6.23406 0.296817 -0.783438
6.23485 0.296196 -0.78444
6.23564 0.295574 -0.785438
6.23643 0.294952 -0.786434
6.23723 0.29433 -0.787427
6.23802 0.293707 -0.788418
6.23881 0.293083 -0.789405
6.2396 0.292459 -0.790389
6.24039 0.291834 -0.791371
6.24118 0.291208 -0.79235
6.24197 0.290582 -0.793326
6.24276 0.289955 -0.794299
6.24355 0.289328 -0.795269
6.24434 0.2887 -0.796237
6.24512 0.288072 -0.797202
6.24591 0.287442 -0.798163
6.2467 0.286813 -0.799122
6.24749 0.286183 -0.800078
6.24828 0.285552 -0.801032
6.24907 0.28492 -0.801982
6.24985 0.284288 -0.80293
6.25064 0.283656 -0.803875
6.25143 0.283023 -0.804817
6.25221 0.282389 -0.805756
6.253 0.281755 -0.806692
6.25379 0.28112 -0.807625
6.25457 0.280485 -0.808556
6.25536 0.279849 -0.809484
6.25615 0.279212 -0.810409
6.25693 0.278575 -0.811331
6.25772 0.277938 -0.81225
6.2585 0.2773 -0.813167
6.25929 0.276661 -0.81408
6.26007 0.276022 -0.814991
6.26086 0.275382 -0.815899
6.26164 0.274742 -0.816804
6.26242 0.274101 -0.817706
6.26321 0.273459 -0.818606
6.26399 0.272817 -0.819502
6.26478 0.272175 -0.820396
6.26556 0.271532 -0.821287
6.26634 0.270888 -0.822175
6.26713 0.270244 -0.823061
6.26791 0.2696 -0.823943
6.26869 0.268954 -0.824823
6.26947 0.268309 -0.8257
6.27026 0.267663 -0.826574
6.27104 0.267016 -0.827445
6.27182 0.266369 -0.828313
6.2726 0.265721 -0.829179
6.27338 0.265073 -0.830041
6.27416 0.264424 -0.830901
6.27494 0.263775 -0.831758
6.27573 0.263125 -0.832613
6.27651 0.262475 -0.833464
6.27729 0.261824 -0.834313
6.27807 0.261172 -0.835158
6.27885 0.260521 -0.836001
6.27963 0.259868 -0.836842
6.28041 0.259215 -0.837679
6.28119 0.258562 -0.838513
6.28197 0.257908 -0.839345
6.28274 0.257254 -0.840174
6.28352 0.256599 -0.841
6.2843 0.255944 -0.841823
6.28508 0.255288 -0.842644
6.28586 0.254632 -0.843461
6.28664 0.253975 -0.844276
6.28742 0.253318 -0.845088
6.28819 0.25266 -0.845897
6.28897 0.252002 -0.846703
6.28975 0.251343 -0.847507
6.29053 0.250684 -0.848308
6.2913 0.250024 -0.849105
6.29208 0.249364 -0.8499
6.29286 0.248704 -0.850693
6.29363 0.248043 -0.851482
6.29441 0.247381 -0.852269
6.29519 0.246719 -0.853053
6.29596 0.246057 -0.853834
6.29674 0.245394 -0.854612
6.29752 0.24473 -0.855387
6.29829 0.244066 -0.85616
6.29907 0.243402 -0.856929
6.29984 0.242737 -0.857696
6.30062 0.242072 -0.858461
6.30139 0.241406 -0.859222
6.30217 0.24074 -0.85998
6.30294 0.240074 -0.860736
6.30372 0.239407 -0.861489
6.30449 0.238739 -0.862239
6.30527 0.238071 -0.862986
6.30604 0.237403 -0.863731
6.30681 0.236734 -0.864472
6.30759 0.236065 -0.865211
6.30836 0.235395 -0.865947
6.30913 0.234725 -0.866681
6.30991 0.234055 -0.867411
6.31068 0.233384 -0.868139
6.31145 0.232712 -0.868863
6.31223 0.23204 -0.869585
6.313 0.231368 -0.870305
6.31377 0.230695 -0.871021
6.31454 0.230022 -0.871735
6.31532 0.229349 -0.872445
6.31609 0.228675 -0.873153
6.31686 0.228 -0.873859
6.31763 0.227326 -0.874561
6.31841 0.22665 -0.875261
6.31918 0.225975 -0.875957
6.31995 0.225299 -0.876651
6.32072 0.224622 -0.877343
6.32149 0.223945 -0.878031
6.32226 0.223268 -0.878717
6.32303 0.222591 -0.879399
6.3238 0.221912 -0.880079
6.32457 0.221234 -0.880756
6.32534 0.220555 -0.881431
6.32611 0.219876 -0.882102
6.32689 0.219196 -0.882771
6.32766 0.218516 -0.883437
6.32843 0.217836 -0.8841
6.3292 0.217155 -0.884761
6.32996 0.216473 -0.885418
6.33073 0.215792 -0.886073
6.3315 0.21511 -0.886725
6.33227 0.214427 -0.887374
6.33304 0.213744 -0.888021
6.33381 0.213061 -0.888664
6.33458 0.212378 -0.889305
6.33535 0.211694 -0.889943
6.33612 0.211009 -0.890578
6.33689 0.210325 -0.891211
6.33765 0.20964 -0.89184
6.33842 0.208954 -0.892467
6.33919 0.208268 -0.893091
6.33996 0.207582 -0.893712
6.34073 0.206895 -0.894331
6.3415 0.206208 -0.894947
6.34226 0.205521 -0.895559
6.34303 0.204833 -0.896169
6.3438 0.204145 -0.896777
6.34457 0.203457 -0.897381
6.34533 0.202768 -0.897983
6.3461 0.202079 -0.898582
6.34687 0.20139 -0.899178
6.34763 0.2007 -0.899771
6.3484 0.200009 -0.900362
6.34917 0.199319 -0.900949
6.34993 0.198628 -0.901534
6.3507 0.197937 -0.902117
6.35147 0.197245 -0.902696
6.35223 0.196553 -0.903272
6.353 0.195861 -0.903846
6.35377 0.195168 -0.904417
6.35453 0.194475 -0.904985
6.3553 0.193782 -0.905551
6.35606 0.193088 -0.906113
6.35683 0.192394 -0.906673
6.35759 0.1917 -0.90723
6.35836 0.191005 -0.907785
6.35913 0.19031 -0.908336
6.35989 0.189615 -0.908885
6.36066 0.188919 -0.909431
6.36142 0.188223 -0.909974
6.36219 0.187527 -0.910514
6.36295 0.18683 -0.911052
6.36372 0.186133 -0.911586
6.36448 0.185436 -0.912118
6.36525 0.184738 -0.912647
6.36601 0.18404 -0.913174
6.36677 0.183342 -0.913697
6.36754 0.182643 -0.914218
6.3683 0.181945 -0.914736
6.36907 0.181245 -0.915251
6.36983 0.180546 -0.915764
6.37059 0.179846 -0.916274
6.37136 0.179146 -0.91678
6.37212 0.178445 -0.917285
6.37289 0.177745 -0.917786
6.37365 0.177044 -0.918284
6.37441 0.176342 -0.91878
6.37518 0.175641 -0.919273
6.37594 0.174939 -0.919763
6.3767 0.174236 -0.920251
6.37747 0.173534 -0.920735
6.37823 0.172831 -0.921217
6.37899 0.172128 -0.921696
6.37976 0.171424 -0.922172
6.38052 0.170721 -0.922646
6.38128 0.170017 -0.923117
6.38205 0.169312 -0.923584
6.38281 0.168608 -0.92405
6.38357 0.167903 -0.924512
6.38433 0.167198 -0.924971
6.3851 0.166492 -0.925428
6.38586 0.165786 -0.925882
6.38662 0.16508 -0.926333
6.38738 0.164374 -0.926782
6.38814 0.163667 -0.927228
6.38891 0.162961 -0.92767
6.38967 0.162253 -0.928111
6.39043 0.161546 -0.928548
6.39119 0.160838 -0.928982
6.39195 0.16013 -0.929414
6.39272 0.159422 -0.929843
6.39348 0.158714 -0.930269
6.39424 0.158005 -0.930693
6.395 0.157296 -0.931113
6.39576 0.156587 -0.931531
6.39652 0.155877 -0.931946
6.39729 0.155167 -0.932359
6.39805 0.154457 -0.932768
6.39881 0.153747 -0.933175
6.39957 0.153036 -0.933579
6.40033 0.152325 -0.93398
6.40109 0.151614 -0.934378
6.40185 0.150903 -0.934774
6.40262 0.150191 -0.935167
6.40338 0.14948 -0.935557
6.40414 0.148767 -0.935944
6.4049 0.148055 -0.936329
6.40566 0.147343 -0.93671
6.40642 0.14663 -0.937089
6.40718 0.145917 -0.937465
6.40794 0.145203 -0.937839
6.4087 0.14449 -0.938209
6.40946 0.143776 -0.938577
6.41022 0.143062 -0.938942
6.41098 0.142348 -0.939305
6.41174 0.141633 -0.939664
6.4125 0.140919 -0.940021
6.41327 0.140204 -0.940375
6.41403 0.139488 -0.940726
6.41479 0.138773 -0.941074
6.41555 0.138057 -0.94142
6.41631 0.137341 -0.941763
6.41707 0.136625 -0.942103
6.41783 0.135909 -0.94244
6.41859 0.135193 -0.942775
6.41935 0.134476 -0.943106
6.42011 0.133759 -0.943435
6.42087 0.133042 -0.943761
6.42163 0.132324 -0.944085
6.42239 0.131607 -0.944405
6.42315 0.130889 -0.944723
6.42391 0.130171 -0.945038
6.42467 0.129452 -0.94535
6.42543 0.128734 -0.94566
6.42619 0.128015 -0.945967
6.42695 0.127296 -0.946271
6.42771 0.126577 -0.946572
6.42847 0.125858 -0.94687
6.42923 0.125138 -0.947166
6.42999 0.124419 -0.947459
6.43075 0.123699 -0.947749
6.43151 0.122979 -0.948036
6.43226 0.122258 -0.948321
6.43302 0.121538 -0.948602
6.43378 0.120817 -0.948881
6.43454 0.120096 -0.949157
6.4353 0.119375 -0.949431
6.43606 0.118654 -0.949701
6.43682 0.117933 -0.949969
6.43758 0.117211 -0.950234
6.43834 0.116489 -0.950497
6.4391 0.115767 -0.950756
6.43986 0.115045 -0.951013
6.44062 0.114323 -0.951267
6.44138 0.1136 -0.951518
6.44214 0.112877 -0.951766
6.4429 0.112154 -0.952012
6.44366 0.111431 -0.952255
6.44442 0.110708 -0.952495
6.44518 0.109984 -0.952732
6.44594 0.109261 -0.952967
6.4467 0.108537 -0.953198
6.44746 0.107813 -0.953427
6.44821 0.107089 -0.953654
6.44897 0.106365 -0.953877
6.44973 0.10564 -0.954098
6.45049 0.104916 -0.954315
6.45125 0.104191 -0.954531
6.45201 0.103466 -0.954743
6.45277 0.102741 -0.954952
6.45353 0.102015 -0.955159
6.45429 0.10129 -0.955363
6.45505 0.100564 -0.955564
6.45581 0.0998386 -0.955763
6.45657 0.0991127 -0.955958
6.45733 0.0983866 -0.956151
6.45809 0.0976604 -0.956341
6.45885 0.096934 -0.956528
6.45961 0.0962075 -0.956713
6.46037 0.0954808 -0.956895
6.46112 0.094754 -0.957074
6.46188 0.094027 -0.95725
6.46264 0.0932999 -0.957423
6.4634 0.0925727 -0.957594
6.46416 0.0918453 -0.957762
6.46492 0.0911178 -0.957927
6.46568 0.0903901 -0.958089
6.46644 0.0896623 -0.958249
6.4672 0.0889343 -0.958405
6.46796 0.0882063 -0.958559
6.46872 0.087478 -0.95871
6.46948 0.0867497 -0.958859
6.47024 0.0860212 -0.959004
6.471 0.0852926 -0.959147
6.47176 0.0845639 -0.959287
6.47252 0.083835 -0.959424
6.47328 0.083106 -0.959559
6.47404 0.0823769 -0.959691
6.4748 0.0816477 -0.959819
6.47556 0.0809183 -0.959946
6.47632 0.0801888 -0.960069
6.47708 0.0794592 -0.96019
6.47784 0.0787295 -0.960307
6.4786 0.0779997 -0.960422
6.47936 0.0772697 -0.960535
6.48012 0.0765396 -0.960644
6.48088 0.0758094 -0.960751
6.48164 0.0750792 -0.960855
6.4824 0.0743487 -0.960956
6.48316 0.0736182 -0.961054
6.48392 0.0728876 -0.961149
6.48468 0.0721569 -0.961242
6.48544 0.071426 -0.961332
6.4862 0.0706951 -0.961419
6.48696 0.0699641 -0.961504
6.48772 0.0692329 -0.961585
6.48848 0.0685017 -0.961664
6.48924 0.0677703 -0.96174
6.49 0.0670389 -0.961813
6.49076 0.0663073 -0.961884
6.49152 0.0655757 -0.961952
6.49228 0.064844 -0.962017
6.49304 0.0641122 -0.962079
6.4938 0.0633803 -0.962138
6.49457 0.0626482 -0.962195
6.49533 0.0619162 -0.962248
6.49609 0.061184 -0.962299
6.49685 0.0604517 -0.962347
6.49761 0.0597194 -0.962393
6.49837 0.0589869 -0.962435
6.49913 0.0582544 -0.962475
6.49989 0.0575218 -0.962512
6.50065 0.0567891 -0.962547
6.50141 0.0560564 -0.962578
6.50218 0.0553235 -0.962607
6.50294 0.0545906 -0.962633
6.5037 0.0538577 -0.962656
6.50446 0.0531246 -0.962676
6.50522 0.0523915 -0.962693
6.50598 0.0516583 -0.962708
6.50675 0.050925 -0.96272
6.50751 0.0501916 -0.962729
6.50827 0.0494582 -0.962736
6.50903 0.0487248 -0.962739
6.50979 0.0479912 -0.96274
6.51055 0.0472576 -0.962738
6.51132 0.046524 -0.962733
6.51208 0.0457902 -0.962725
6.51284 0.0450565 -0.962715
6.5136 0.0443226 -0.962702
6.51437 0.0435887 -0.962686
6.51513 0.0428548 -0.962667
6.51589 0.0421208 -0.962646
6.51665 0.0413867 -0.962621
6.51742 0.0406526 -0.962594
6.51818 0.0399184 -0.962564
6.51894 0.0391842 -0.962531
6.5197 0.03845 -0.962496
6.52047 0.0377156 -0.962457
6.52123 0.0369813 -0.962416
6.52199 0.0362469 -0.962372
6.52276 0.0355125 -0.962326
6.52352 0.034778 -0.962276
6.52428 0.0340435 -0.962224
6.52505 0.0333089 -0.962169
6.52581 0.0325743 -0.962111
6.52657 0.0318397 -0.96205
6.52734 0.031105 -0.961987
6.5281 0.0303703 -0.96192
6.52886 0.0296356 -0.961851
6.52963 0.0289008 -0.961779
6.53039 0.028166 -0.961704
6.53116 0.0274312 -0.961627
6.53192 0.0266963 -0.961547
6.53269 0.0259614 -0.961464
6.53345 0.0252265 -0.961378
6.53421 0.0244916 -0.961289
6.53498 0.0237566 -0.961197
6.53574 0.0230217 -0.961103
6.53651 0.0222867 -0.961006
6.53727 0.0215517 -0.960906
6.53804 0.0208166 -0.960803
6.5388 0.0200816 -0.960698
6.53957 0.0193465 -0.960589
6.54033 0.0186115 -0.960478
6.5411 0.0178764 -0.960364
6.54186 0.0171413 -0.960248
6.54263 0.0164062 -0.960128
6.5434 0.0156711 -0.960006
6.54416 0.014936 -0.95988
6.54493 0.0142008 -0.959752
6.54569 0.0134657 -0.959622
6.54646 0.0127306 -0.959488
6.54723 0.0119954 -0.959352
6.54799 0.0112603 -0.959212
6.54876 0.0105252 -0.95907
6.54953 0.00979005 -0.958925
6.55029 0.00905492 -0.958778
6.55106 0.0083198 -0.958627
6.55183 0.00758468 -0.958474
6.55259 0.00684957 -0.958318
6.55336 0.00611447 -0.958159
6.55413 0.00537938 -0.957997
6.55489 0.0046443 -0.957833
6.55566 0.00390923 -0.957665
6.55643 0.00317418 -0.957495
6.5572 0.00243914 -0.957322
6.55796 0.00170411 -0.957146
6.55873 0.000969107 -0.956968
6.5595 0.000234121 -0.956786
6.56027 -0.000500846 -0.956602
6.56104 -0.00123579 -0.956415
6.56181 -0.00197071 -0.956225
6.56257 -0.00270561 -0.956032
6.56334 -0.00344048 -0.955837
6.56411 -0.00417533 -0.955639
6.56488 -0.00491015 -0.955437
6.56565 -0.00564494 -0.955233
6.56642 -0.0063797 -0.955027
6.56719 -0.00711442 -0.954817
6.56796 -0.00784911 -0.954604
6.56873 -0.00858377 -0.954389
6.5695 -0.0093184 -0.954171
6.57027 -0.010053 -0.95395
6.57104 -0.0107875 -0.953726
6.57181 -0.011522 -0.9535
6.57258 -0.0122565 -0.95327
6.57335 -0.0129909 -0.953038
6.57412 -0.0137253 -0.952803
6.57489 -0.0144596 -0.952565
6.57566 -0.0151939 -0.952324
6.57643 -0.0159282 -0.952081
6.5772 -0.0166624 -0.951835
6.57798 -0.0173965 -0.951585
6.57875 -0.0181306 -0.951333
6.57952 -0.0188646 -0.951078
6.58029 -0.0195986 -0.950821
6.58106 -0.0203326 -0.95056
6.58183 -0.0210664 -0.950297
6.58261 -0.0218002 -0.950031
6.58338 -0.022534 -0.949761
6.58415 -0.0232677 -0.94949
6.58492 -0.0240013 -0.949215
6.5857 -0.0247349 -0.948937
6.58647 -0.0254684 -0.948657
6.58724 -0.0262018 -0.948374
6.58802 -0.0269352 -0.948088
6.58879 -0.0276685 -0.947799
6.58956 -0.0284017 -0.947507
6.59034 -0.0291349 -0.947212
6.59111 -0.029868 -0.946915
6.59189 -0.030601 -0.946615
6.59266 -0.0313339 -0.946312
6.59344 -0.0320668 -0.946006
6.59421 -0.0327996 -0.945697
6.59499 -0.0335323 -0.945385
6.59576 -0.0342649 -0.945071
6.59654 -0.0349974 -0.944753
6.59731 -0.0357299 -0.944433
6.59809 -0.0364622 -0.94411
6.59886 -0.0371945 -0.943784
6.59964 -0.0379267 -0.943455
6.60041 -0.0386588 -0.943124
6.60119 -0.0393908 -0.942789
6.60197 -0.0401228 -0.942452
6.60274 -0.0408546 -0.942112
6.60352 -0.0415863 -0.941769
6.6043 -0.042318 -0.941423
6.60508 -0.0430495 -0.941074
6.60585 -0.043781 -0.940723
6.60663 -0.0445123 -0.940368
6.60741 -0.0452436 -0.940011
6.60819 -0.0459747 -0.939651
6.60896 -0.0467058 -0.939288
6.60974 -0.0474367 -0.938922
6.61052 -0.0481675 -0.938553
6.6113 -0.0488982 -0.938182
6.61208 -0.0496289 -0.937807
6.61286 -0.0503594 -0.93743
6.61364 -0.0510897 -0.93705
6.61442 -0.05182 -0.936667
6.6152 -0.0525502 -0.936281
6.61598 -0.0532802 -0.935892
6.61676 -0.0540102 -0.935501
6.61754 -0.05474 -0.935106
6.61832 -0.0554697 -0.934709
6.6191 -0.0561992 -0.934309
6.61988 -0.0569287 -0.933906
6.62066 -0.057658 -0.9335
6.62144 -0.0583872 -0.933091
6.62222 -0.0591162 -0.932679
6.623 -0.0598452 -0.932264
6.62379 -0.060574 -0.931847
6.62457 -0.0613026 -0.931427
6.62535 -0.0620312 -0.931003
6.62613 -0.0627596 -0.930577
6.62692 -0.0634879 -0.930148
6.6277 -0.064216 -0.929717
6.62848 -0.064944 -0.929282
6.62927 -0.0656718 -0.928844
6.63005 -0.0663996 -0.928404
6.63083 -0.0671271 -0.92796
6.63162 -0.0678546 -0.927514
6.6324 -0.0685818 -0.927065
6.63319 -0.069309 -0.926613
6.63397 -0.070036 -0.926158
6.63476 -0.0707628 -0.9257
6.63554 -0.0714895 -0.92524
6.63633 -0.072216 -0.924776
6.63711 -0.0729424 -0.92431
6.6379 -0.0736686 -0.92384
6.63868 -0.0743947 -0.923368
6.63947 -0.0751206 -0.922893
6.64026 -0.0758463 -0.922415
6.64104 -0.0765719 -0.921934
6.64183 -0.0772973 -0.92145
6.64262 -0.0780226 -0.920963
6.64341 -0.0787477 -0.920474
6.64419 -0.0794726 -0.919981
6.64498 -0.0801974 -0.919486
6.64577 -0.0809219 -0.918988
6.64656 -0.0816464 -0.918486
6.64735 -0.0823706 -0.917982
6.64814 -0.0830947 -0.917475
6.64893 -0.0838186 -0.916965
6.64971 -0.0845423 -0.916452
6.6505 -0.0852658 -0.915937
6.65129 -0.0859892 -0.915418
6.65208 -0.0867123 -0.914897
6.65287 -0.0874353 -0.914372
6.65367 -0.0881581 -0.913845
6.65446 -0.0888807 -0.913314
6.65525 -0.0896032 -0.912781
6.65604 -0.0903254 -0.912245
6.65683 -0.0910474 -0.911706
6.65762 -0.0917693 -0.911164
6.65842 -0.092491 -0.910619
6.65921 -0.0932124 -0.910072
6.66 -0.0939337 -0.909521
6.66079 -0.0946548 -0.908967
6.66159 -0.0953756 -0.908411
6.66238 -0.0960963 -0.907851
6.66317 -0.0968168 -0.907289
6.66397 -0.0975371 -0.906724
6.66476 -0.0982571 -0.906155
6.66556 -0.098977 -0.905584
6.66635 -0.0996966 -0.90501
6.66715 -0.100416 -0.904433
6.66794 -0.101135 -0.903853
6.66874 -0.101854 -0.90327
6.66953 -0.102573 -0.902684
6.67033 -0.103292 -0.902096
6.67113 -0.10401 -0.901504
6.67192 -0.104728 -0.900909
6.67272 -0.105446 -0.900312
6.67352 -0.106164 -0.899711
6.67432 -0.106881 -0.899108
6.67511 -0.107598 -0.898502
6.67591 -0.108315 -0.897892
6.67671 -0.109032 -0.89728
6.67751 -0.109749 -0.896665
6.67831 -0.110465 -0.896047
6.67911 -0.111181 -0.895425
6.67991 -0.111897 -0.894801
6.68071 -0.112613 -0.894174
6.68151 -0.113328 -0.893545
6.68231 -0.114043 -0.892912
6.68311 -0.114758 -0.892276
6.68391 -0.115473 -0.891637
6.68471 -0.116187 -0.890995
6.68552 -0.116901 -0.89035
6.68632 -0.117615 -0.889703
6.68712 -0.118329 -0.889052
6.68792 -0.119042 -0.888399
6.68873 -0.119755 -0.887742
6.68953 -0.120468 -0.887082
6.69033 -0.121181 -0.88642
6.69114 -0.121893 -0.885755
6.69194 -0.122605 -0.885086
6.69275 -0.123317 -0.884415
6.69355 -0.124029 -0.88374
6.69436 -0.12474 -0.883063
6.69516 -0.125451 -0.882383
6.69597 -0.126162 -0.881699
6.69677 -0.126873 -0.881013
6.69758 -0.127583 -0.880324
6.69839 -0.128293 -0.879632
6.69919 -0.129003 -0.878936
6.7 -0.129712 -0.878238
6.70081 -0.130421 -0.877537
6.70162 -0.13113 -0.876833
6.70243 -0.131839 -0.876126
6.70323 -0.132547 -0.875416
6.70404 -0.133255 -0.874703
6.70485 -0.133963 -0.873987
6.70566 -0.13467 -0.873268
6.70647 -0.135378 -0.872545
6.70728 -0.136084 -0.87182
6.70809 -0.136791 -0.871092
6.70891 -0.137497 -0.870361
6.70972 -0.138203 -0.869627
6.71053 -0.138909 -0.86889
6.71134 -0.139614 -0.86815
6.71215 -0.14032 -0.867407
6.71297 -0.141024 -0.866661
6.71378 -0.141729 -0.865912
6.71459 -0.142433 -0.86516
6.71541 -0.143137 -0.864405
6.71622 -0.14384 -0.863647
6.71704 -0.144544 -0.862886
6.71785 -0.145247 -0.862121
6.71867 -0.145949 -0.861354
6.71948 -0.146652 -0.860584
6.7203 -0.147354 -0.859811
6.72111 -0.148055 -0.859035
6.72193 -0.148757 -0.858256
6.72275 -0.149458 -0.857473
6.72357 -0.150158 -0.856688
6.72438 -0.150859 -0.8559
6.7252 -0.151559 -0.855108
6.72602 -0.152258 -0.854314
6.72684 -0.152958 -0.853517
6.72766 -0.153657 -0.852716
6.72848 -0.154355 -0.851913
6.7293 -0.155054 -0.851107
6.73012 -0.155752 -0.850297
6.73094 -0.15645 -0.849484
6.73176 -0.157147 -0.848669
6.73258 -0.157844 -0.84785
6.73341 -0.15854 -0.847029
6.73423 -0.159237 -0.846204
6.73505 -0.159933 -0.845376
6.73587 -0.160628 -0.844545
6.7367 -0.161324 -0.843712
6.73752 -0.162018 -0.842875
6.73835 -0.162713 -0.842035
6.73917 -0.163407 -0.841192
6.74 -0.164101 -0.840346
6.74082 -0.164794 -0.839496
6.74165 -0.165487 -0.838644
6.74247 -0.16618 -0.837789
6.7433 -0.166872 -0.836931
6.74413 -0.167564 -0.836069
6.74496 -0.168256 -0.835205
6.74578 -0.168947 -0.834337
6.74661 -0.169638 -0.833467
6.74744 -0.170328 -0.832593
6.74827 -0.171018 -0.831717
6.7491 -0.171708 -0.830837
6.74993 -0.172397 -0.829954
6.75076 -0.173086 -0.829068
6.75159 -0.173775 -0.828179
6.75242 -0.174463 -0.827287
6.75325 -0.17515 -0.826392
6.75409 -0.175838 -0.825493
6.75492 -0.176525 -0.824592
6.75575 -0.177211 -0.823688
6.75659 -0.177897 -0.82278
6.75742 -0.178583 -0.821869
6.75825 -0.179268 -0.820956
6.75909 -0.179953 -0.820039
6.75992 -0.180638 -0.819119
6.76076 -0.181322 -0.818196
6.76159 -0.182005 -0.81727
6.76243 -0.182689 -0.81634
6.76327 -0.183371 -0.815408
6.76411 -0.184054 -0.814473
6.76494 -0.184736 -0.813534
6.76578 -0.185417 -0.812592
6.76662 -0.186098 -0.811648
6.76746 -0.186779 -0.8107
6.7683 -0.187459 -0.809749
6.76914 -0.188139 -0.808795
6.76998 -0.188819 -0.807837
6.77082 -0.189498 -0.806877
6.77166 -0.190176 -0.805914
6.7725 -0.190854 -0.804947
6.77335 -0.191532 -0.803977
6.77419 -0.192209 -0.803004
6.77503 -0.192886 -0.802028
6.77588 -0.193562 -0.801049
6.77672 -0.194238 -0.800067
6.77756 -0.194913 -0.799081
6.77841 -0.195588 -0.798093
6.77926 -0.196262 -0.797101
6.7801 -0.196936 -0.796106
6.78095 -0.19761 -0.795108
6.7818 -0.198283 -0.794107
6.78264 -0.198956 -0.793103
6.78349 -0.199628 -0.792095
6.78434 -0.200299 -0.791085
6.78519 -0.200971 -0.790071
6.78604 -0.201641 -0.789054
6.78689 -0.202312 -0.788034
6.78774 -0.202981 -0.787011
6.78859 -0.203651 -0.785984
6.78944 -0.204319 -0.784955
6.79029 -0.204988 -0.783922
6.79114 -0.205655 -0.782886
6.792 -0.206323 -0.781847
6.79285 -0.206989 -0.780805
6.79371 -0.207656 -0.779759
6.79456 -0.208322 -0.778711
6.79541 -0.208987 -0.777659
6.79627 -0.209652 -0.776604
6.79713 -0.210316 -0.775546
6.79798 -0.21098 -0.774485
6.79884 -0.211643 -0.77342
6.7997 -0.212306 -0.772352
6.80055 -0.212968 -0.771281
6.80141 -0.21363 -0.770207
6.80227 -0.214291 -0.76913
6.80313 -0.214951 -0.76805
6.80399 -0.215612 -0.766966
6.80485 -0.216271 -0.765879
6.80571 -0.21693 -0.764789
6.80658 -0.217589 -0.763695
6.80744 -0.218247 -0.762599
6.8083 -0.218904 -0.761499
6.80916 -0.219561 -0.760396
6.81003 -0.220218 -0.75929
6.81089 -0.220873 -0.758181
6.81176 -0.221529 -0.757068
6.81262 -0.222183 -0.755952
6.81349 -0.222838 -0.754833
6.81435 -0.223491 -0.753711
6.81522 -0.224144 -0.752585
6.81609 -0.224797 -0.751456
6.81696 -0.225449 -0.750324
6.81783 -0.2261 -0.749189
6.8187 -0.226751 -0.748051
6.81957 -0.227401 -0.746909
6.82044 -0.228051 -0.745764
6.82131 -0.2287 -0.744616
6.82218 -0.229348 -0.743464
6.82305 -0.229996 -0.742309
6.82392 -0.230643 -0.741152
6.8248 -0.23129 -0.73999
6.82567 -0.231936 -0.738826
6.82655 -0.232582 -0.737658
6.82742 -0.233227 -0.736487
6.8283 -0.233871 -0.735313
6.82917 -0.234515 -0.734135
6.83005 -0.235158 -0.732954
6.83093 -0.2358 -0.73177
6.8318 -0.236442 -0.730583
6.83268 -0.237084 -0.729392
6.83356 -0.237724 -0.728198
6.83444 -0.238364 -0.727001
6.83532 -0.239004 -0.725801
6.8362 -0.239643 -0.724597
6.83708 -0.240281 -0.72339
6.83797 -0.240918 -0.72218
6.83885 -0.241555 -0.720966
6.83973 -0.242192 -0.719749
6.84062 -0.242827 -0.718529
6.8415 -0.243462 -0.717305
6.84239 -0.244097 -0.716079
6.84327 -0.24473 -0.714849
6.84416 -0.245363 -0.713615
6.84504 -0.245996 -0.712378
6.84593 -0.246628 -0.711138
6.84682 -0.247259 -0.709895
6.84771 -0.247889 -0.708648
6.8486 -0.248519 -0.707398
6.84949 -0.249148 -0.706145
6.85038 -0.249776 -0.704888
6.85127 -0.250404 -0.703628
6.85216 -0.251031 -0.702365
6.85306 -0.251658 -0.701099
6.85395 -0.252283 -0.699829
6.85484 -0.252908 -0.698555
6.85574 -0.253533 -0.697279
6.85663 -0.254156 -0.695999
6.85753 -0.254779 -0.694716
6.85842 -0.255401 -0.693429
6.85932 -0.256023 -0.692139
6.86022 -0.256644 -0.690846
6.86112 -0.257264 -0.689549
6.86202 -0.257883 -0.688249
6.86292 -0.258502 -0.686946
6.86382 -0.25912 -0.685639
6.86472 -0.259737 -0.684329
6.86562 -0.260354 -0.683015
6.86652 -0.260969 -0.681698
6.86743 -0.261584 -0.680378
6.86833 -0.262199 -0.679055
6.86923 -0.262812 -0.677728
6.87014 -0.263425 -0.676397
6.87104 -0.264037 -0.675064
6.87195 -0.264649 -0.673727
6.87286 -0.265259 -0.672386
6.87377 -0.265869 -0.671042
6.87468 -0.266478 -0.669695
6.87558 -0.267086 -0.668345
6.87649 -0.267694 -0.666991
6.8774 -0.268301 -0.665633
6.87832 -0.268907 -0.664272
6.87923 -0.269512 -0.662908
6.88014 -0.270116 -0.661541
6.88105 -0.27072 -0.66017
6.88197 -0.271323 -0.658795
6.88288 -0.271925 -0.657418
6.8838 -0.272526 -0.656036
6.88472 -0.273127 -0.654652
6.88563 -0.273726 -0.653264
6.88655 -0.274325 -0.651872
6.88747 -0.274923 -0.650478
6.88839 -0.275521 -0.649079
6.88931 -0.276117 -0.647678
6.89023 -0.276713 -0.646272
6.89115 -0.277307 -0.644864
6.89207 -0.277901 -0.643452
6.89299 -0.278494 -0.642037
6.89392 -0.279087 -0.640618
6.89484 -0.279678 -0.639196
6.89577 -0.280269 -0.63777
6.89669 -0.280859 -0.636341
6.89762 -0.281447 -0.634908
6.89855 -0.282035 -0.633472
6.89947 -0.282623 -0.632033
6.9004 -0.283209 -0.63059
6.90133 -0.283794 -0.629144
6.90226 -0.284379 -0.627694
6.90319 -0.284963 -0.62624
6.90413 -0.285546 -0.624784
6.90506 -0.286127 -0.623324
6.90599 -0.286709 -0.62186
6.90693 -0.287289 -0.620393
6.90786 -0.287868 -0.618922
6.9088 -0.288446 -0.617448
6.90973 -0.289024 -0.615971
6.91067 -0.2896 -0.61449
6.91161 -0.290176 -0.613006
6.91255 -0.290751 -0.611518
6.91349 -0.291325 -0.610026
6.91443 -0.291897 -0.608532
6.91537 -0.292469 -0.607033
6.91631 -0.29304 -0.605531
6.91725 -0.29361 -0.604026
6.91819 -0.29418 -0.602517
6.91914 -0.294748 -0.601005
6.92008 -0.295315 -0.59949
6.92103 -0.295881 -0.59797
6.92198 -0.296447 -0.596448
6.92292 -0.297011 -0.594922
6.92387 -0.297574 -0.593392
6.92482 -0.298137 -0.591859
6.92577 -0.298698 -0.590322
6.92672 -0.299259 -0.588782
6.92767 -0.299818 -0.587238
6.92863 -0.300377 -0.585691
6.92958 -0.300934 -0.58414
6.93053 -0.301491 -0.582586
6.93149 -0.302046 -0.581029
6.93244 -0.3026 -0.579468
6.9334 -0.303154 -0.577903
6.93436 -0.303706 -0.576335
6.93531 -0.304258 -0.574763
6.93627 -0.304808 -0.573188
6.93723 -0.305357 -0.571609
6.93819 -0.305906 -0.570027
6.93915 -0.306453 -0.568441
6.94012 -0.306999 -0.566852
6.94108 -0.307544 -0.565259
6.94204 -0.308088 -0.563663
6.94301 -0.308632 -0.562063
6.94397 -0.309173 -0.56046
6.94494 -0.309714 -0.558853
6.94591 -0.310254 -0.557243
6.94688 -0.310793 -0.555629
6.94785 -0.311331 -0.554012
6.94882 -0.311867 -0.552391
6.94979 -0.312402 -0.550766
6.95076 -0.312937 -0.549139
6.95173 -0.31347 -0.547507
6.9527 -0.314002 -0.545872
6.95368 -0.314533 -0.544234
6.95465 -0.315063 -0.542592
6.95563 -0.315592 -0.540946
6.95661 -0.316119 -0.539297
6.95758 -0.316646 -0.537645
6.95856 -0.317171 -0.535988
6.95954 -0.317695 -0.534329
6.96052 -0.318218 -0.532666
6.9615 -0.31874 -0.530999
6.96248 -0.319261 -0.529329
6.96347 -0.31978 -0.527655
6.96445 -0.320299 -0.525978
6.96544 -0.320816 -0.524297
6.96642 -0.321332 -0.522613
6.96741 -0.321846 -0.520925
6.9684 -0.32236 -0.519234
6.96938 -0.322872 -0.517539
6.97037 -0.323383 -0.515841
6.97136 -0.323893 -0.514139
6.97235 -0.324402 -0.512434
6.97335 -0.324909 -0.510725
6.97434 -0.325416 -0.509012
6.97533 -0.325921 -0.507296
6.97633 -0.326424 -0.505577
6.97732 -0.326927 -0.503854
6.97832 -0.327428 -0.502128
6.97932 -0.327928 -0.500398
6.98031 -0.328427 -0.498664
6.98131 -0.328924 -0.496927
6.98231 -0.32942 -0.495187
6.98332 -0.329915 -0.493443
6.98432 -0.330408 -0.491696
6.98532 -0.330901 -0.489945
6.98632 -0.331391 -0.48819
6.98733 -0.331881 -0.486432
6.98833 -0.332369 -0.484671
6.98934 -0.332856 -0.482906
6.99035 -0.333342 -0.481138
6.99136 -0.333826 -0.479366
6.99237 -0.334309 -0.47759
6.99338 -0.33479 -0.475812
6.99439 -0.335271 -0.474029
6.9954 -0.33575 -0.472244
6.99641 -0.336227 -0.470454
6.99743 -0.336703 -0.468662
6.99844 -0.337178 -0.466865
6.99946 -0.337651 -0.465066
7.00047 -0.338123 -0.463263
7.00149 -0.338593 -0.461456
7.00251 -0.339062 -0.459646
7.00353 -0.33953 -0.457833
7.00455 -0.339996 -0.456016
7.00557 -0.340461 -0.454196
7.00659 -0.340925 -0.452372
7.00762 -0.341386 -0.450545
7.00864 -0.341847 -0.448715
7.00966 -0.342306 -0.446881
7.01069 -0.342763 -0.445043
7.01172 -0.343219 -0.443203
7.01274 -0.343674 -0.441359
7.01377 -0.344127 -0.439511
7.0148 -0.344579 -0.43766
7.01583 -0.345029 -0.435806
7.01687 -0.345477 -0.433948
7.0179 -0.345924 -0.432087
7.01893 -0.34637 -0.430223
7.01997 -0.346814 -0.428355
7.021 -0.347257 -0.426484
7.02204 -0.347697 -0.424609
7.02307 -0.348137 -0.422732
7.02411 -0.348575 -0.420851
7.02515 -0.349011 -0.418966
7.02619 -0.349446 -0.417078
7.02723 -0.349879 -0.415187
7.02827 -0.35031 -0.413293
7.02932 -0.35074 -0.411395
7.03036 -0.351168 -0.409495
7.0314 -0.351595 -0.40759
7.03245 -0.35202 -0.405683
7.0335 -0.352444 -0.403772
7.03454 -0.352866 -0.401858
7.03559 -0.353286 -0.399941
7.03664 -0.353704 -0.398021
7.03769 -0.354121 -0.396097
7.03874 -0.354536 -0.39417
7.03979 -0.35495 -0.39224
7.04085 -0.355362 -0.390307
7.0419 -0.355772 -0.388371
7.04295 -0.356181 -0.386431
7.04401 -0.356587 -0.384488
7.04506 -0.356992 -0.382543
7.04612 -0.357396 -0.380594
7.04718 -0.357797 -0.378641
7.04824 -0.358197 -0.376686
7.0493 -0.358596 -0.374728
7.05036 -0.358992 -0.372766
7.05142 -0.359387 -0.370802
7.05248 -0.35978 -0.368834
7.05355 -0.360171 -0.366864
7.05461 -0.36056 -0.36489
7.05568 -0.360948 -0.362913
7.05674 -0.361334 -0.360934
7.05781 -0.361718 -0.358951
7.05888 -0.3621 -0.356965
7.05995 -0.36248 -0.354977
7.06101 -0.362859 -0.352985
7.06208 -0.363235 -0.350991
7.06316 -0.36361 -0.348993
7.06423 -0.363983 -0.346993
7.0653 -0.364354 -0.34499
7.06637 -0.364724 -0.342984
7.06745 -0.365091 -0.340975
7.06852 -0.365457 -0.338963
7.0696 -0.36582 -0.336948
7.07068 -0.366182 -0.334931
7.07175 -0.366542 -0.33291
7.07283 -0.3669 -0.330887
7.07391 -0.367256 -0.328862
7.07499 -0.36761 -0.326833
7.07607 -0.367962 -0.324802
7.07716 -0.368312 -0.322768
7.07824 -0.368661 -0.320731
7.07932 -0.369007 -0.318692
7.0804 -0.369351 -0.31665
7.08149 -0.369694 -0.314605
7.08258 -0.370034 -0.312558
7.08366 -0.370373 -0.310508
7.08475 -0.370709 -0.308456
7.08584 -0.371044 -0.306401
7.08692 -0.371376 -0.304344
7.08801 -0.371706 -0.302284
7.0891 -0.372035 -0.300221
7.0902 -0.372361 -0.298156
7.09129 -0.372685 -0.296089
7.09238 -0.373008 -0.294019
7.09347 -0.373328 -0.291947
7.09457 -0.373646 -0.289873
7.09566 -0.373962 -0.287796
7.09675 -0.374276 -0.285717
7.09785 -0.374588 -0.283635
7.09895 -0.374898 -0.281551
7.10004 -0.375205 -0.279465
7.10114 -0.375511 -0.277377
7.10224 -0.375814 -0.275286
7.10334 -0.376116 -0.273194
7.10444 -0.376415 -0.271099
7.10554 -0.376712 -0.269002
7.10664 -0.377007 -0.266903
7.10774 -0.3773 -0.264802
7.10884 -0.37759 -0.262699
7.10994 -0.377879 -0.260593
7.11105 -0.378165 -0.258486
7.11215 -0.378449 -0.256377
7.11325 -0.378731 -0.254266
7.11436 -0.379011 -0.252153
7.11546 -0.379289 -0.250038
7.11657 -0.379564 -0.247921
7.11768 -0.379837 -0.245802
7.11878 -0.380108 -0.243682
7.11989 -0.380377 -0.24156
7.121 -0.380643 -0.239436
7.12211 -0.380907 -0.23731
7.12322 -0.381169 -0.235183
7.12433 -0.381429 -0.233053
7.12544 -0.381686 -0.230923
7.12655 -0.381942 -0.228791
7.12766 -0.382195 -0.226657
7.12877 -0.382445 -0.224521
7.12988 -0.382694 -0.222384
7.13099 -0.38294 -0.220246
7.1321 -0.383183 -0.218106
7.13322 -0.383425 -0.215965
7.13433 -0.383664 -0.213822
7.13544 -0.383901 -0.211679
7.13656 -0.384136 -0.209533
7.13767 -0.384368 -0.207387
7.13879 -0.384598 -0.205239
7.1399 -0.384826 -0.20309
7.14102 -0.385051 -0.20094
7.14213 -0.385274 -0.198788
7.14325 -0.385494 -0.196636
7.14436 -0.385713 -0.194482
7.14548 -0.385929 -0.192328
7.1466 -0.386142 -0.190172
7.14771 -0.386353 -0.188015
7.14883 -0.386562 -0.185858
7.14995 -0.386769 -0.183699
7.15107 -0.386973 -0.18154
7.15218 -0.387175 -0.17938
7.1533 -0.387374 -0.177219
7.15442 -0.387571 -0.175057
7.15554 -0.387765 -0.172894
7.15666 -0.387958 -0.170731
7.15778 -0.388147 -0.168567
7.15889 -0.388335 -0.166402
7.16001 -0.38852 -0.164237
7.16113 -0.388702 -0.162071
7.16225 -0.388883 -0.159905
7.16337 -0.38906 -0.157738
7.16449 -0.389236 -0.155571
7.16561 -0.389409 -0.153403
7.16673 -0.389579 -0.151235
7.16785 -0.389747 -0.149066
7.16897 -0.389913 -0.146898
7.17009 -0.390076 -0.144728
7.17121 -0.390237 -0.142559
7.17233 -0.390395 -0.14039
7.17345 -0.390551 -0.13822
7.17457 -0.390705 -0.13605
7.17569 -0.390856 -0.13388
7.17681 -0.391005 -0.13171
7.17793 -0.391151 -0.129539
7.17904 -0.391295 -0.127369
7.18016 -0.391436 -0.125199
7.18128 -0.391575 -0.123029
7.1824 -0.391711 -0.120859
7.18352 -0.391845 -0.118689
7.18464 -0.391977 -0.116519
7.18576 -0.392106 -0.11435
7.18688 -0.392233 -0.11218
7.188 -0.392357 -0.110011
7.18911 -0.392479 -0.107843
7.19023 -0.392598 -0.105674
7.19135 -0.392715 -0.103506
7.19247 -0.39283 -0.101339
7.19359 -0.392942 -0.0991714
7.1947 -0.393051 -0.0970047
7.19582 -0.393158 -0.0948385
7.19694 -0.393263 -0.0926728
7.19805 -0.393365 -0.0905077
7.19917 -0.393465 -0.0883433
7.20029 -0.393563 -0.0861794
7.2014 -0.393658 -0.0840162
7.20252 -0.39375 -0.0818538
7.20363 -0.39384 -0.079692
7.20475 -0.393928 -0.0775311
7.20586 -0.394013 -0.0753709
7.20697 -0.394096 -0.0732116
7.20809 -0.394176 -0.0710532
7.2092 -0.394254 -0.0688956
7.21031 -0.394329 -0.066739
7.21143 -0.394403 -0.0645833
7.21254 -0.394473 -0.0624286
7.21365 -0.394541 -0.060275
7.21476 -0.394607 -0.0581224
7.21587 -0.394671 -0.0559709
7.21698 -0.394731 -0.0538205
7.21809 -0.39479 -0.0516712
7.2192 -0.394846 -0.0495232
7.22031 -0.3949 -0.0473763
7.22142 -0.394951 -0.0452307
7.22253 -0.395 -0.0430863
7.22364 -0.395047 -0.0409432
7.22474 -0.395091 -0.0388014
7.22585 -0.395133 -0.036661
7.22696 -0.395172 -0.034522
7.22806 -0.395209 -0.0323844
7.22917 -0.395244 -0.0302482
7.23027 -0.395276 -0.0281134
7.23138 -0.395306 -0.0259802
7.23248 -0.395333 -0.0238484
7.23358 -0.395358 -0.0217182
7.23469 -0.395381 -0.0195896
7.23579 -0.395402 -0.0174625
7.23689 -0.39542 -0.0153371
7.23799 -0.395435 -0.0132133
7.23909 -0.395449 -0.0110912
7.24019 -0.39546 -0.00897075
7.24129 -0.395468 -0.00685204
7.24239 -0.395475 -0.00473507
7.24348 -0.395479 -0.00261986
7.24458 -0.39548 -0.000506447
7.24568 -0.39548 0.00160516
7.24677 -0.395477 0.00371492
7.24787 -0.395472 0.00582283
7.24896 -0.395464 0.00792886
7.25006 -0.395454 0.010033
7.25115 -0.395442 0.0121352
7.25224 -0.395428 0.0142354
7.25333 -0.395411 0.0163337
7.25442 -0.395392 0.01843
7.25551 -0.395371 0.0205243
7.2566 -0.395347 0.0226165
7.25769 -0.395322 0.0247067
7.25878 -0.395294 0.0267949
7.25987 -0.395263 0.0288809
7.26095 -0.395231 0.0309648
7.26204 -0.395196 0.0330466
7.26313 -0.395159 0.0351263
7.26421 -0.39512 0.0372037
7.26529 -0.395079 0.039279
7.26638 -0.395035 0.0413521
7.26746 -0.394989 0.043423
7.26854 -0.394941 0.0454916
7.26962 -0.394891 0.047558
7.2707 -0.394838 0.049622
7.27178 -0.394783 0.0516838
7.27286 -0.394727 0.0537433
7.27394 -0.394668 0.0558005
7.27501 -0.394606 0.0578553
7.27609 -0.394543 0.0599078
7.27716 -0.394478 0.0619579
7.27824 -0.39441 0.0640056
7.27931 -0.39434 0.0660509
7.28039 -0.394268 0.0680938
7.28146 -0.394194 0.0701343
7.28253 -0.394118 0.0721723
7.2836 -0.394039 0.0742079
7.28467 -0.393959 0.076241
7.28574 -0.393876 0.0782716
7.28681 -0.393792 0.0802997
7.28787 -0.393705 0.0823253
7.28894 -0.393616 0.0843483
7.29001 -0.393525 0.0863689
7.29107 -0.393432 0.0883868
7.29213 -0.393337 0.0904023
7.2932 -0.39324 0.0924151
7.29426 -0.39314 0.0944254
7.29532 -0.393039 0.096433
7.29638 -0.392936 0.0984381
7.29744 -0.39283 0.100441
7.2985 -0.392723 0.10244
7.29956 -0.392614 0.104437
7.30062 -0.392502 0.106432
7.30167 -0.392389 0.108424
7.30273 -0.392273 0.110413
7.30378 -0.392156 0.1124
7.30484 -0.392036 0.114383
7.30589 -0.391915 0.116364
7.30694 -0.391791 0.118343
7.30799 -0.391666 0.120319
7.30904 -0.391538 0.122291
7.31009 -0.391409 0.124262
7.31114 -0.391277 0.126229
7.31219 -0.391144 0.128194
7.31324 -0.391009 0.130156
7.31428 -0.390872 0.132115
7.31533 -0.390732 0.134072
7.31637 -0.390591 0.136025
7.31742 -0.390448 0.137976
7.31846 -0.390303 0.139924
7.3195 -0.390157 0.141869
7.32054 -0.390008 0.143812
7.32158 -0.389857 0.145751
7.32262 -0.389705 0.147688
7.32366 -0.38955 0.149622
7.3247 -0.389394 0.151553
7.32574 -0.389236 0.153482
7.32677 -0.389076 0.155407
7.32781 -0.388914 0.15733
7.32884 -0.38875 0.159249
7.32988 -0.388585 0.161166
7.33091 -0.388417 0.16308
7.33194 -0.388248 0.164991
7.33297 -0.388077 0.1669
7.334 -0.387904 0.168805
7.33503 -0.387729 0.170707
7.33606 -0.387553 0.172607
7.33709 -0.387375 0.174504
7.33811 -0.387194 0.176397
7.33914 -0.387012 0.178288
7.34016 -0.386829 0.180176
7.34119 -0.386643 0.182061
7.34221 -0.386456 0.183943
7.34323 -0.386267 0.185823
7.34426 -0.386076 0.187699
7.34528 -0.385884 0.189572
7.3463 -0.385689 0.191443
7.34732 -0.385493 0.19331
7.34833 -0.385295 0.195175
7.34935 -0.385096 0.197036
7.35037 -0.384895 0.198895
7.35138 -0.384692 0.20075
7.3524 -0.384487 0.202603
7.35341 -0.384281 0.204453
7.35443 -0.384073 0.2063
7.35544 -0.383863 0.208143
7.35645 -0.383651 0.209984
7.35746 -0.383438 0.211822
7.35847 -0.383223 0.213657
7.35948 -0.383007 0.215489
7.36049 -0.382789 0.217318
7.3615 -0.382569 0.219144
7.3625 -0.382347 0.220967
7.36351 -0.382124 0.222787
7.36451 -0.381899 0.224604
7.36552 -0.381673 0.226418
7.36652 -0.381445 0.22823
7.36752 -0.381215 0.230038
7.36853 -0.380984 0.231843
7.36953 -0.380751 0.233645
7.37053 -0.380516 0.235444
7.37153 -0.38028 0.23724
7.37252 -0.380042 0.239033
7.37352 -0.379803 0.240824
7.37452 -0.379562 0.242611
7.37552 -0.379319 0.244395
7.37651 -0.379075 0.246176
7.37751 -0.378829 0.247954
7.3785 -0.378582 0.24973
7.37949 -0.378333 0.251502
7.38048 -0.378083 0.253271
7.38148 -0.377831 0.255037
7.38247 -0.377577 0.2568
7.38346 -0.377322 0.258561
7.38444 -0.377066 0.260318
7.38543 -0.376807 0.262072
7.38642 -0.376548 0.263823
7.38741 -0.376287 0.265571
7.38839 -0.376024 0.267316
7.38938 -0.37576 0.269059
7.39036 -0.375494 0.270798
7.39135 -0.375227 0.272534
7.39233 -0.374958 0.274267
7.39331 -0.374688 0.275997
7.39429 -0.374416 0.277724
7.39527 -0.374143 0.279448
7.39625 -0.373868 0.28117
7.39723 -0.373592 0.282888
7.39821 -0.373315 0.284603
7.39919 -0.373036 0.286315
7.40016 -0.372755 0.288024
7.40114 -0.372473 0.28973
7.40212 -0.37219 0.291433
7.40309 -0.371905 0.293133
7.40406 -0.371619 0.29483
7.40504 -0.371331 0.296524
7.40601 -0.371042 0.298215
7.40698 -0.370751 0.299903
7.40795 -0.370459 0.301589
7.40892 -0.370166 0.303271
7.40989 -0.369871 0.30495
7.41086 -0.369575 0.306626
7.41183 -0.369278 0.308299
7.41279 -0.368979 0.309969
7.41376 -0.368678 0.311636
7.41473 -0.368376 0.3133
7.41569 -0.368073 0.314961
7.41666 -0.367769 0.316619
7.41762 -0.367463 0.318274
7.41858 -0.367156 0.319926
7.41954 -0.366847 0.321575
7.42051 -0.366537 0.323221
7.42147 -0.366226 0.324864
7.42243 -0.365913 0.326504
7.42339 -0.365599 0.328141
7.42434 -0.365284 0.329776
7.4253 -0.364967 0.331407
7.42626 -0.364649 0.333035
7.42722 -0.36433 0.33466
7.42817 -0.364009 0.336282
7.42913 -0.363687 0.337901
7.43008 -0.363364 0.339517
7.43104 -0.363039 0.34113
7.43199 -0.362713 0.342741
7.43294 -0.362386 0.344348
7.43389 -0.362057 0.345952
7.43484 -0.361728 0.347553
7.43579 -0.361396 0.349152
7.43674 -0.361064 0.350747
7.43769 -0.36073 0.352339
7.43864 -0.360396 0.353928
7.43959 -0.360059 0.355515
7.44054 -0.359722 0.357098
7.44148 -0.359383 0.358678
7.44243 -0.359043 0.360256
7.44337 -0.358702 0.36183
7.44432 -0.358359 0.363402
7.44526 -0.358016 0.36497
7.44621 -0.357671 0.366536
7.44715 -0.357325 0.368098
7.44809 -0.356977 0.369658
7.44903 -0.356628 0.371215
7.44997 -0.356279 0.372768
7.45091 -0.355927 0.374319
7.45185 -0.355575 0.375867
7.45279 -0.355222 0.377412
7.45373 -0.354867 0.378953
7.45467 -0.354511 0.380492
7.4556 -0.354154 0.382028
7.45654 -0.353795 0.383561
7.45747 -0.353436 0.385091
7.45841 -0.353075 0.386618
7.45934 -0.352713 0.388142
7.46028 -0.35235 0.389663
7.46121 -0.351986 0.391181
7.46214 -0.35162 0.392697
7.46307 -0.351253 0.394209
7.46401 -0.350886 0.395718
7.46494 -0.350517 0.397225
7.46587 -0.350147 0.398728
7.4668 -0.349775 0.400229
7.46772 -0.349403 0.401726
7.46865 -0.349029 0.403221
7.46958 -0.348654 0.404713
7.47051 -0.348279 0.406201
7.47143 -0.347902 0.407687
7.47236 -0.347523 0.40917
7.47329 -0.347144 0.41065
7.47421 -0.346764 0.412127
7.47513 -0.346382 0.413601
7.47606 -0.346 0.415072
7.47698 -0.345616 0.416541
7.4779 -0.345231 0.418006
7.47882 -0.344845 0.419468
7.47975 -0.344458 0.420928
7.48067 -0.34407 0.422384
7.48159 -0.34368 0.423838
7.48251 -0.34329 0.425289
7.48343 -0.342899 0.426736
7.48434 -0.342506 0.428181
7.48526 -0.342112 0.429623
7.48618 -0.341718 0.431062
7.4871 -0.341322 0.432498
7.48801 -0.340925 0.433932
7.48893 -0.340527 0.435362
7.48984 -0.340128 0.436789
7.49076 -0.339728 0.438214
7.49167 -0.339327 0.439635
7.49258 -0.338925 0.441054
7.4935 -0.338521 0.44247
7.49441 -0.338117 0.443883
7.49532 -0.337712 0.445292
7.49623 -0.337305 0.4467
7.49714 -0.336898 0.448104
7.49805 -0.336489 0.449505
7.49896 -0.33608 0.450903
7.49987 -0.335669 0.452299
7.50078 -0.335258 0.453691
7.50169 -0.334845 0.455081
7.5026 -0.334432 0.456468
7.5035 -0.334017 0.457852
7.50441 -0.333601 0.459233
7.50531 -0.333185 0.460611
7.50622 -0.332767 0.461986
7.50712 -0.332348 0.463359
7.50803 -0.331929 0.464728
7.50893 -0.331508 0.466095
7.50984 -0.331086 0.467458
7.51074 -0.330664 0.468819
7.51164 -0.33024 0.470177
7.51254 -0.329815 0.471532
7.51344 -0.32939 0.472884
7.51435 -0.328963 0.474234
7.51525 -0.328536 0.47558
7.51615 -0.328107 0.476924
7.51704 -0.327678 0.478265
7.51794 -0.327247 0.479602
7.51884 -0.326816 0.480937
7.51974 -0.326383 0.48227
7.52064 -0.32595 0.483599
7.52153 -0.325516 0.484925
7.52243 -0.32508 0.486249
7.52333 -0.324644 0.487569
7.52422 -0.324207 0.488887
7.52512 -0.323769 0.490202
7.52601 -0.32333 0.491514
7.5269 -0.32289 0.492824
7.5278 -0.322449 0.49413
7.52869 -0.322007 0.495433
7.52958 -0.321564 0.496734
7.53048 -0.321121 0.498032
7.53137 -0.320676 0.499327
7.53226 -0.320231 0.500619
7.53315 -0.319784 0.501908
7.53404 -0.319337 0.503195
7.53493 -0.318888 0.504478
7.53582 -0.318439 0.505759
7.53671 -0.317989 0.507037
7.5376 -0.317538 0.508312
7.53848 -0.317086 0.509584
7.53937 -0.316633 0.510854
7.54026 -0.31618 0.51212
7.54114 -0.315725 0.513384
7.54203 -0.31527 0.514645
7.54292 -0.314813 0.515903
7.5438 -0.314356 0.517158
7.54469 -0.313898 0.518411
7.54557 -0.313439 0.51966
7.54645 -0.312979 0.520907
7.54734 -0.312518 0.522151
7.54822 -0.312057 0.523392
7.5491 -0.311594 0.52463
7.54999 -0.311131 0.525865
7.55087 -0.310667 0.527098
7.55175 -0.310202 0.528328
7.55263 -0.309736 0.529555
7.55351 -0.309269 0.530779
7.55439 -0.308801 0.532
7.55527 -0.308333 0.533219
7.55615 -0.307864 0.534434
7.55703 -0.307393 0.535647
7.55791 -0.306922 0.536857
7.55878 -0.306451 0.538065
7.55966 -0.305978 0.539269
7.56054 -0.305504 0.540471
7.56141 -0.30503 0.541669
7.56229 -0.304555 0.542865
7.56317 -0.304079 0.544059
7.56404 -0.303602 0.545249
7.56492 -0.303124 0.546437
7.56579 -0.302646 0.547621
7.56667 -0.302167 0.548803
7.56754 -0.301687 0.549982
7.56841 -0.301206 0.551159
7.56929 -0.300724 0.552332
7.57016 -0.300242 0.553503
7.57103 -0.299758 0.554671
7.5719 -0.299274 0.555836
7.57277 -0.298789 0.556999
7.57365 -0.298304 0.558158
7.57452 -0.297817 0.559315
7.57539 -0.29733 0.560469
7.57626 -0.296842 0.56162
7.57713 -0.296353 0.562769
7.57799 -0.295864 0.563914
7.57886 -0.295373 0.565057
7.57973 -0.294882 0.566197
7.5806 -0.29439 0.567334
7.58147 -0.293897 0.568469
7.58233 -0.293404 0.569601
7.5832 -0.29291 0.570729
7.58407 -0.292415 0.571856
7.58493 -0.291919 0.572979
7.5858 -0.291422 0.574099
7.58667 -0.290925 0.575217
7.58753 -0.290427 0.576332
7.58839 -0.289928 0.577444
7.58926 -0.289429 0.578554
7.59012 -0.288929 0.579661
7.59099 -0.288428 0.580764
7.59185 -0.287926 0.581866
7.59271 -0.287423 0.582964
7.59357 -0.28692 0.58406
7.59444 -0.286416 0.585152
7.5953 -0.285911 0.586242
7.59616 -0.285406 0.58733
7.59702 -0.2849 0.588414
7.59788 -0.284393 0.589496
7.59874 -0.283885 0.590575
7.5996 -0.283377 0.591651
7.60046 -0.282868 0.592725
7.60132 -0.282358 0.593795
7.60218 -0.281847 0.594863
7.60304 -0.281336 0.595928
7.6039 -0.280824 0.596991
7.60475 -0.280312 0.59805
7.60561 -0.279798 0.599107
7.60647 -0.279284 0.600161
7.60733 -0.27877 0.601213
7.60818 -0.278254 0.602261
7.60904 -0.277738 0.603307
7.6099 -0.277221 0.60435
7.61075 -0.276704 0.605391
7.61161 -0.276186 0.606428
7.61246 -0.275667 0.607463
7.61332 -0.275147 0.608495
7.61417 -0.274627 0.609525
7.61502 -0.274106 0.610551
7.61588 -0.273584 0.611575
7.61673 -0.273062 0.612596
7.61758 -0.272539 0.613614
7.61844 -0.272015 0.61463
7.61929 -0.271491 0.615643
7.62014 -0.270966 0.616653
7.62099 -0.27044 0.61766
7.62184 -0.269914 0.618665
7.62269 -0.269387 0.619667
7.62355 -0.268859 0.620666
7.6244 -0.268331 0.621663
7.62525 -0.267802 0.622656
7.6261 -0.267273 0.623647
7.62695 -0.266742 0.624635
7.62779 -0.266212 0.625621
7.62864 -0.26568 0.626604
7.62949 -0.265148 0.627584
7.63034 -0.264615 0.628561
7.63119 -0.264081 0.629535
7.63204 -0.263547 0.630507
7.63288 -0.263013 0.631476
7.63373 -0.262477 0.632443
7.63458 -0.261941 0.633406
7.63542 -0.261405 0.634367
7.63627 -0.260867 0.635325
7.63712 -0.260329 0.636281
7.63796 -0.259791 0.637233
7.63881 -0.259252 0.638183
7.63965 -0.258712 0.639131
7.6405 -0.258172 0.640075
7.64134 -0.257631 0.641017
7.64219 -0.257089 0.641956
7.64303 -0.256547 0.642892
7.64387 -0.256004 0.643826
7.64472 -0.255461 0.644757
7.64556 -0.254917 0.645685
7.6464 -0.254372 0.64661
7.64725 -0.253827 0.647533
7.64809 -0.253281 0.648453
7.64893 -0.252735 0.649371
7.64977 -0.252188 0.650285
7.65061 -0.25164 0.651197
7.65146 -0.251092 0.652106
7.6523 -0.250543 0.653013
7.65314 -0.249993 0.653916
7.65398 -0.249444 0.654817
7.65482 -0.248893 0.655716
7.65566 -0.248342 0.656611
7.6565 -0.24779 0.657504
7.65734 -0.247238 0.658394
7.65818 -0.246685 0.659282
7.65902 -0.246132 0.660167
7.65985 -0.245578 0.661049
7.66069 -0.245023 0.661928
7.66153 -0.244468 0.662805
7.66237 -0.243912 0.663679
7.66321 -0.243356 0.66455
7.66404 -0.242799 0.665418
7.66488 -0.242242 0.666284
7.66572 -0.241684 0.667147
7.66655 -0.241125 0.668008
7.66739 -0.240566 0.668865
7.66823 -0.240006 0.66972
7.66906 -0.239446 0.670573
7.6699 -0.238886 0.671422
7.67073 -0.238324 0.672269
7.67157 -0.237762 0.673114
7.6724 -0.2372 0.673955
7.67324 -0.236637 0.674794
7.67407 -0.236074 0.67563
7.67491 -0.23551 0.676463
7.67574 -0.234945 0.677294
7.67657 -0.23438 0.678122
7.67741 -0.233815 0.678948
7.67824 -0.233249 0.67977
7.67907 -0.232682 0.68059
7.67991 -0.232115 0.681407
7.68074 -0.231547 0.682222
7.68157 -0.230979 0.683034
7.6824 -0.23041 0.683843
7.68324 -0.229841 0.684649
7.68407 -0.229271 0.685453
7.6849 -0.228701 0.686254
7.68573 -0.22813 0.687053
7.68656 -0.227559 0.687849
7.68739 -0.226987 0.688642
7.68822 -0.226415 0.689432
7.68905 -0.225842 0.69022
7.68988 -0.225269 0.691005
7.69071 -0.224695 0.691787
7.69154 -0.224121 0.692567
7.69237 -0.223546 0.693343
7.6932 -0.22297 0.694118
7.69403 -0.222395 0.694889
7.69486 -0.221818 0.695658
7.69569 -0.221242 0.696424
7.69652 -0.220664 0.697188
7.69735 -0.220086 0.697949
7.69817 -0.219508 0.698707
7.699 -0.218929 0.699462
7.69983 -0.21835 0.700215
7.70066 -0.217771 0.700965
7.70148 -0.21719 0.701713
7.70231 -0.21661 0.702457
7.70314 -0.216029 0.7032
7.70396 -0.215447 0.703939
7.70479 -0.214865 0.704676
7.70562 -0.214282 0.70541
7.70644 -0.213699 0.706141
7.70727 -0.213116 0.70687
7.70809 -0.212532 0.707596
7.70892 -0.211947 0.708319
7.70975 -0.211362 0.70904
7.71057 -0.210777 0.709758
7.7114 -0.210191 0.710473
7.71222 -0.209605 0.711186
7.71304 -0.209018 0.711896
7.71387 -0.208431 0.712603
7.71469 -0.207844 0.713308
7.71552 -0.207256 0.71401
7.71634 -0.206667 0.714709
7.71717 -0.206078 0.715406
7.71799 -0.205489 0.7161
7.71881 -0.204899 0.716791
7.71963 -0.204308 0.71748
7.72046 -0.203718 0.718166
7.72128 -0.203127 0.718849
7.7221 -0.202535 0.71953
7.72293 -0.201943 0.720208
7.72375 -0.20135 0.720883
7.72457 -0.200758 0.721555
7.72539 -0.200164 0.722225
7.72621 -0.19957 0.722893
7.72704 -0.198976 0.723557
7.72786 -0.198382 0.724219
7.72868 -0.197787 0.724879
7.7295 -0.197191 0.725535
7.73032 -0.196595 0.726189
7.73114 -0.195999 0.726841
7.73196 -0.195402 0.727489
7.73278 -0.194805 0.728135
7.7336 -0.194208 0.728779
7.73442 -0.19361 0.729419
7.73524 -0.193011 0.730057
7.73606 -0.192413 0.730693
7.73688 -0.191813 0.731325
7.7377 -0.191214 0.731955
7.73852 -0.190614 0.732583
7.73934 -0.190013 0.733208
7.74016 -0.189413 0.73383
7.74098 -0.188811 0.734449
7.7418 -0.18821 0.735066
7.74261 -0.187608 0.73568
7.74343 -0.187006 0.736291
7.74425 -0.186403 0.7369
7.74507 -0.1858 0.737506
7.74589 -0.185196 0.73811
7.74671 -0.184592 0.738711
7.74752 -0.183988 0.739309
7.74834 -0.183383 0.739904
7.74916 -0.182778 0.740497
7.74998 -0.182173 0.741087
7.75079 -0.181567 0.741675
7.75161 -0.180961 0.74226
7.75243 -0.180354 0.742842
7.75324 -0.179747 0.743422
7.75406 -0.17914 0.743999
7.75488 -0.178532 0.744573
7.75569 -0.177924 0.745144
7.75651 -0.177315 0.745713
7.75733 -0.176707 0.74628
7.75814 -0.176097 0.746843
7.75896 -0.175488 0.747405
7.75977 -0.174878 0.747963
7.76059 -0.174268 0.748519
7.7614 -0.173657 0.749072
7.76222 -0.173046 0.749622
7.76303 -0.172435 0.75017
7.76385 -0.171823 0.750715
7.76466 -0.171211 0.751258
7.76548 -0.170599 0.751797
7.76629 -0.169986 0.752335
7.76711 -0.169373 0.752869
7.76792 -0.168759 0.753401
7.76874 -0.168145 0.75393
7.76955 -0.167531 0.754457
7.77037 -0.166917 0.754981
7.77118 -0.166302 0.755502
7.77199 -0.165687 0.756021
7.77281 -0.165071 0.756537
7.77362 -0.164456 0.75705
7.77444 -0.163839 0.757561
7.77525 -0.163223 0.758069
7.77606 -0.162606 0.758575
7.77688 -0.161989 0.759077
7.77769 -0.161371 0.759578
7.7785 -0.160754 0.760075
7.77932 -0.160135 0.76057
7.78013 -0.159517 0.761062
7.78094 -0.158898 0.761552
7.78175 -0.158279 0.762039
7.78257 -0.15766 0.762523
7.78338 -0.15704 0.763005
7.78419 -0.15642 0.763484
7.785 -0.1558 0.76396
7.78582 -0.155179 0.764434
7.78663 -0.154558 0.764905
7.78744 -0.153937 0.765373
7.78825 -0.153315 0.765839
7.78906 -0.152693 0.766302
7.78988 -0.152071 0.766763
7.79069 -0.151448 0.767221
7.7915 -0.150825 0.767676
7.79231 -0.150202 0.768129
7.79312 -0.149579 0.768579
7.79393 -0.148955 0.769026
7.79474 -0.148331 0.769471
7.79556 -0.147707 0.769913
7.79637 -0.147082 0.770352
7.79718 -0.146457 0.770789
7.79799 -0.145832 0.771223
7.7988 -0.145206 0.771654
7.79961 -0.144581 0.772083
7.80042 -0.143955 0.77251
7.80123 -0.143328 0.772933
7.80204 -0.142702 0.773354
7.80285 -0.142075 0.773772
7.80366 -0.141447 0.774188
7.80447 -0.14082 0.774601
7.80528 -0.140192 0.775011
7.80609 -0.139564 0.775419
7.8069 -0.138936 0.775824
7.80771 -0.138307 0.776227
7.80852 -0.137678 0.776627
7.80933 -0.137049 0.777024
7.81014 -0.13642 0.777418
7.81095 -0.13579 0.77781
7.81176 -0.13516 0.7782
7.81257 -0.13453 0.778586
7.81338 -0.133899 0.77897
7.81419 -0.133269 0.779352
7.815 -0.132638 0.779731
7.81581 -0.132006 0.780107
7.81662 -0.131375 0.78048
7.81743 -0.130743 0.780851
7.81824 -0.130111 0.781219
7.81905 -0.129479 0.781585
7.81986 -0.128846 0.781948
7.82066 -0.128214 0.782308
7.82147 -0.127581 0.782666
7.82228 -0.126947 0.783021
7.82309 -0.126314 0.783373
7.8239 -0.12568 0.783723
7.82471 -0.125046 0.78407
7.82552 -0.124412 0.784415
7.82633 -0.123777 0.784757
7.82714 -0.123142 0.785096
7.82794 -0.122507 0.785432
7.82875 -0.121872 0.785766
7.82956 -0.121237 0.786098
7.83037 -0.120601 0.786426
7.83118 -0.119965 0.786752
7.83199 -0.119329 0.787076
7.83279 -0.118693 0.787397
7.8336 -0.118056 0.787715
7.83441 -0.117419 0.78803
7.83522 -0.116782 0.788343
7.83603 -0.116145 0.788653
7.83684 -0.115507 0.788961
7.83764 -0.11487 0.789266
7.83845 -0.114232 0.789568
7.83926 -0.113593 0.789868
7.84007 -0.112955 0.790165
7.84088 -0.112316 0.79046
7.84168 -0.111678 0.790752
7.84249 -0.111039 0.791041
7.8433 -0.110399 0.791327
7.84411 -0.10976 0.791611
7.84492 -0.10912 0.791893
7.84572 -0.10848 0.792171
7.84653 -0.10784 0.792447
7.84734 -0.1072 0.792721
7.84815 -0.10656 0.792991
7.84896 -0.105919 0.793259
7.84976 -0.105278 0.793525
7.85057 -0.104637 0.793788
7.85138 -0.103996 0.794048
7.85219 -0.103354 0.794306
7.85299 -0.102712 0.794561
7.8538 -0.102071 0.794813
7.85461 -0.101428 0.795063
7.85542 -0.100786 0.79531
7.85623 -0.100144 0.795554
7.85703 -0.0995011 0.795796
7.85784 -0.0988583 0.796035
7.85865 -0.0982153 0.796272
7.85946 -0.0975721 0.796505
7.86026 -0.0969287 0.796737
7.86107 -0.0962852 0.796965
7.86188 -0.0956414 0.797191
7.86269 -0.0949975 0.797415
7.86349 -0.0943534 0.797635
7.8643 -0.0937091 0.797853
7.86511 -0.0930647 0.798069
7.86592 -0.09242 0.798282
7.86672 -0.0917753 0.798492
7.86753 -0.0911303 0.798699
7.86834 -0.0904851 0.798904
7.86915 -0.0898398 0.799107
7.86996 -0.0891944 0.799306
7.87076 -0.0885487 0.799503
7.87157 -0.0879029 0.799698
7.87238 -0.087257 0.799889
7.87319 -0.0866108 0.800078
7.87399 -0.0859646 0.800265
7.8748 -0.0853181 0.800449
7.87561 -0.0846715 0.80063
7.87642 -0.0840247 0.800808
7.87722 -0.0833778 0.800984
7.87803 -0.0827308 0.801158
7.87884 -0.0820835 0.801328
7.87965 -0.0814362 0.801496
7.88046 -0.0807887 0.801662
7.88126 -0.080141 0.801824
7.88207 -0.0794932 0.801985
7.88288 -0.0788452 0.802142
7.88369 -0.0781971 0.802297
7.88449 -0.0775489 0.802449
7.8853 -0.0769005 0.802599
7.88611 -0.0762519 0.802745
7.88692 -0.0756033 0.80289
7.88773 -0.0749545 0.803031
7.88853 -0.0743055 0.80317
7.88934 -0.0736564 0.803307
7.89015 -0.0730072 0.803441
7.89096 -0.0723579 0.803572
7.89177 -0.0717084 0.8037
7.89258 -0.0710588 0.803826
7.89338 -0.0704091 0.803949
7.89419 -0.0697592 0.80407
7.895 -0.0691092 0.804187
7.89581 -0.0684591 0.804303
7.89662 -0.0678089 0.804415
7.89743 -0.0671585 0.804525
7.89823 -0.0665081 0.804633
7.89904 -0.0658575 0.804737
7.89985 -0.0652068 0.804839
7.90066 -0.0645559 0.804939
7.90147 -0.063905 0.805036
7.90228 -0.063254 0.80513
7.90309 -0.0626028 0.805221
7.90389 -0.0619515 0.80531
7.9047 -0.0613001 0.805396
7.90551 -0.0606486 0.80548
7.90632 -0.059997 0.805561
7.90713 -0.0593453 0.805639
7.90794 -0.0586935 0.805715
7.90875 -0.0580416 0.805788
7.90956 -0.0573896 0.805858
7.91037 -0.0567375 0.805926
7.91118 -0.0560852 0.805991
7.91198 -0.0554329 0.806053
7.91279 -0.0547805 0.806113
7.9136 -0.054128 0.80617
7.91441 -0.0534754 0.806225
7.91522 -0.0528227 0.806277
7.91603 -0.0521699 0.806326
7.91684 -0.0515171 0.806372
7.91765 -0.0508641 0.806416
7.91846 -0.0502111 0.806458
7.91927 -0.0495579 0.806496
7.92008 -0.0489047 0.806532
7.92089 -0.0482514 0.806566
7.9217 -0.047598 0.806596
7.92251 -0.0469446 0.806624
7.92332 -0.046291 0.80665
7.92413 -0.0456374 0.806673
7.92494 -0.0449837 0.806693
7.92575 -0.0443299 0.80671
7.92656 -0.0436761 0.806725
7.92737 -0.0430222 0.806737
7.92818 -0.0423682 0.806747
7.929 -0.0417141 0.806753
7.92981 -0.04106 0.806758
7.93062 -0.0404058 0.806759
7.93143 -0.0397515 0.806758
7.93224 -0.0390972 0.806754
7.93305 -0.0384428 0.806748
7.93386 -0.0377883 0.806739
7.93467 -0.0371338 0.806727
7.93548 -0.0364793 0.806713
7.9363 -0.0358246 0.806696
7.93711 -0.0351699 0.806676
7.93792 -0.0345152 0.806654
7.93873 -0.0338604 0.806629
7.93954 -0.0332055 0.806601
7.94035 -0.0325506 0.806571
7.94117 -0.0318957 0.806538
7.94198 -0.0312407 0.806502
7.94279 -0.0305856 0.806464
7.9436 -0.0299305 0.806423
7.94442 -0.0292754 0.80638
7.94523 -0.0286202 0.806334
7.94604 -0.027965 0.806285
7.94685 -0.0273097 0.806233
7.94767 -0.0266544 0.806179
7.94848 -0.0259991 0.806122
7.94929 -0.0253437 0.806063
7.95011 -0.0246883 0.806001
7.95092 -0.0240328 0.805936
7.95173 -0.0233773 0.805868
7.95255 -0.0227218 0.805798
7.95336 -0.0220663 0.805725
7.95417 -0.0214107 0.80565
7.95499 -0.0207551 0.805572
7.9558 -0.0200994 0.805491
7.95661 -0.0194438 0.805407
7.95743 -0.0187881 0.805321
7.95824 -0.0181324 0.805233
7.95906 -0.0174767 0.805141
7.95987 -0.0168209 0.805047
7.96069 -0.0161652 0.80495
7.9615 -0.0155094 0.804851
7.96232 -0.0148536 0.804749
7.96313 -0.0141978 0.804644
7.96395 -0.013542 0.804537
7.96476 -0.0128861 0.804426
7.96558 -0.0122303 0.804314
7.96639 -0.0115744 0.804198
7.96721 -0.0109186 0.80408
7.96802 -0.0102627 0.803959
7.96884 -0.00960684 0.803836
7.96965 -0.00895096 0.80371
7.97047 -0.00829508 0.803581
7.97129 -0.0076392 0.80345
7.9721 -0.00698331 0.803315
7.97292 -0.00632743 0.803179
7.97374 -0.00567156 0.803039
7.97455 -0.00501568 0.802897
7.97537 -0.00435982 0.802752
7.97619 -0.00370396 0.802605
7.97701 -0.0030481 0.802455
7.97782 -0.00239226 0.802302
7.97864 -0.00173643 0.802146
7.97946 -0.00108061 0.801988
7.98028 -0.000424803 0.801827
7.98109 0.000230988 0.801664
7.98191 0.000886763 0.801497
7.98273 0.00154252 0.801328
7.98355 0.00219826 0.801157
7.98437 0.00285398 0.800983
7.98519 0.00350968 0.800806
7.986 0.00416535 0.800626
7.98682 0.004821 0.800444
7.98764 0.00547662 0.800259
7.98846 0.00613222 0.800071
7.98928 0.00678779 0.799881
7.9901 0.00744333 0.799688
7.99092 0.00809884 0.799492
7.99174 0.00875431 0.799293
7.99256 0.00940976 0.799092
7.99338 0.0100652 0.798889
7.9942 0.0107205 0.798682
7.99502 0.0113759 0.798473
7.99584 0.0120312 0.798261
7.99666 0.0126864 0.798047
7.99749 0.0133416 0.797829
7.99831 0.0139968 0.797609
7.99913 0.0146519 0.797387
7.99995 0.015307 0.797161
8.00077 0.015962 0.796933
8.00159 0.016617 0.796703
8.00242 0.0172719 0.796469
8.00324 0.0179268 0.796233
8.00406 0.0185816 0.795995
8.00488 0.0192364 0.795753
8.00571 0.0198911 0.795509
8.00653 0.0205458 0.795262
8.00735 0.0212004 0.795012
8.00818 0.0218549 0.79476
8.009 0.0225094 0.794505
8.00982 0.0231639 0.794248
8.01065 0.0238182 0.793987
8.01147 0.0244725 0.793724
8.0123 0.0251267 0.793458
8.01312 0.0257809 0.79319
8.01395 0.026435 0.792919
8.01477 0.027089 0.792645
8.0156 0.0277429 0.792368
8.01642 0.0283968 0.792089
8.01725 0.0290506 0.791807
8.01807 0.0297043 0.791522
8.0189 0.030358 0.791235
8.01972 0.0310115 0.790945
8.02055 0.031665 0.790652
8.02138 0.0323184 0.790356
8.0222 0.0329717 0.790058
8.02303 0.033625 0.789757
8.02386 0.0342781 0.789453
8.02469 0.0349312 0.789147
8.02551 0.0355841 0.788838
8.02634 0.036237 0.788526
8.02717 0.0368898 0.788212
8.028 0.0375425 0.787894
8.02883 0.0381951 0.787574
8.02965 0.0388476 0.787252
8.03048 0.0395 0.786926
8.03131 0.0401523 0.786598
8.03214 0.0408046 0.786267
8.03297 0.0414567 0.785934
8.0338 0.0421087 0.785597
8.03463 0.0427606 0.785258
8.03546 0.0434124 0.784917
8.03629 0.0440641 0.784572
8.03712 0.0447156 0.784225
8.03795 0.0453671 0.783875
8.03878 0.0460185 0.783522
8.03962 0.0466697 0.783167
8.04045 0.0473209 0.782809
8.04128 0.0479719 0.782448
8.04211 0.0486228 0.782084
8.04294 0.0492736 0.781718
8.04378 0.0499242 0.781349
8.04461 0.0505748 0.780977
8.04544 0.0512252 0.780603
8.04627 0.0518755 0.780225
8.04711 0.0525256 0.779845
8.04794 0.0531757 0.779463
8.04878 0.0538256 0.779077
8.04961 0.0544754 0.778689
8.05044 0.055125 0.778298
8.05128 0.0557745 0.777904
8.05211 0.0564239 0.777508
8.05295 0.0570732 0.777109
8.05379 0.0577223 0.776707
8.05462 0.0583712 0.776302
8.05546 0.0590201 0.775895
8.05629 0.0596687 0.775485
8.05713 0.0603173 0.775072
8.05797 0.0609657 0.774656
8.0588 0.0616139 0.774238
8.05964 0.062262 0.773816
8.06048 0.06291 0.773393
8.06132 0.0635578 0.772966
8.06215 0.0642055 0.772536
8.06299 0.064853 0.772104
8.06383 0.0655003 0.771669
8.06467 0.0661475 0.771232
8.06551 0.0667945 0.770791
8.06635 0.0674414 0.770348
8.06719 0.0680881 0.769902
8.06803 0.0687346 0.769453
8.06887 0.069381 0.769002
8.06971 0.0700272 0.768547
8.07055 0.0706733 0.76809
8.07139 0.0713192 0.767631
8.07223 0.0719649 0.767168
8.07307 0.0726104 0.766703
8.07392 0.0732558 0.766234
8.07476 0.073901 0.765764
8.0756 0.074546 0.76529
8.07644 0.0751908 0.764813
8.07729 0.0758355 0.764334
8.07813 0.07648 0.763852
8.07898 0.0771243 0.763368
8.07982 0.0777684 0.76288
8.08066 0.0784123 0.76239
8.08151 0.079056 0.761897
8.08235 0.0796996 0.761401
8.0832 0.0803429 0.760902
8.08404 0.0809861 0.760401
8.08489 0.0816291 0.759896
8.08574 0.0822719 0.759389
8.08658 0.0829144 0.75888
8.08743 0.0835568 0.758367
8.08828 0.084199 0.757852
8.08912 0.084841 0.757333
8.08997 0.0854828 0.756812
8.09082 0.0861244 0.756289
8.09167 0.0867657 0.755762
8.09252 0.0874069 0.755233
8.09337 0.0880478 0.754701
8.09421 0.0886886 0.754166
8.09506 0.0893291 0.753628
8.09591 0.0899694 0.753087
8.09676 0.0906095 0.752544
8.09762 0.0912494 0.751998
8.09847 0.0918891 0.751449
8.09932 0.0925285 0.750897
8.10017 0.0931678 0.750342
8.10102 0.0938068 0.749785
8.10187 0.0944456 0.749225
8.10273 0.0950841 0.748662
8.10358 0.0957224 0.748096
8.10443 0.0963605 0.747527
8.10529 0.0969984 0.746956
8.10614 0.097636 0.746382
8.10699 0.0982734 0.745804
8.10785 0.0989106 0.745225
8.1087 0.0995475 0.744642
8.10956 0.100184 0.744056
8.11041 0.100821 0.743468
8.11127 0.101457 0.742877
8.11213 0.102093 0.742283
8.11298 0.102728 0.741686
8.11384 0.103364 0.741086
8.1147 0.103999 0.740483
8.11556 0.104634 0.739878
8.11641 0.105269 0.73927
8.11727 0.105903 0.738659
8.11813 0.106537 0.738045
8.11899 0.107171 0.737428
8.11985 0.107805 0.736809
8.12071 0.108438 0.736186
8.12157 0.109072 0.735561
8.12243 0.109704 0.734933
8.12329 0.110337 0.734302
8.12415 0.110969 0.733668
8.12502 0.111602 0.733032
8.12588 0.112233 0.732392
8.12674 0.112865 0.73175
8.1276 0.113496 0.731105
8.12847 0.114127 0.730457
8.12933 0.114758 0.729806
8.1302 0.115388 0.729152
8.13106 0.116018 0.728496
8.13193 0.116648 0.727836
8.13279 0.117278 0.727174
8.13366 0.117907 0.726509
8.13452 0.118536 0.72584
8.13539 0.119165 0.72517
8.13626 0.119793 0.724496
8.13712 0.120421 0.723819
8.13799 0.121049 0.72314
8.13886 0.121677 0.722457
8.13973 0.122304 0.721772
8.1406 0.122931 0.721084
8.14147 0.123557 0.720393
8.14234 0.124184 0.719699
8.14321 0.12481 0.719002
8.14408 0.125435 0.718302
8.14495 0.126061 0.7176
8.14582 0.126686 0.716894
8.14669 0.127311 0.716186
8.14756 0.127935 0.715474
8.14844 0.128559 0.71476
8.14931 0.129183 0.714043
8.15018 0.129807 0.713323
8.15106 0.13043 0.712601
8.15193 0.131053 0.711875
8.15281 0.131675 0.711146
8.15368 0.132297 0.710415
8.15456 0.132919 0.70968
8.15543 0.133541 0.708943
8.15631 0.134162 0.708203
8.15719 0.134783 0.707459
8.15807 0.135403 0.706713
8.15894 0.136023 0.705964
8.15982 0.136643 0.705212
8.1607 0.137263 0.704458
8.16158 0.137882 0.7037
8.16246 0.1385 0.702939
8.16334 0.139119 0.702176
8.16422 0.139737 0.701409
8.1651 0.140355 0.70064
8.16598 0.140972 0.699867
8.16687 0.141589 0.699092
8.16775 0.142206 0.698314
8.16863 0.142822 0.697533
8.16952 0.143438 0.696748
8.1704 0.144054 0.695961
8.17128 0.144669 0.695171
8.17217 0.145284 0.694379
8.17305 0.145898 0.693583
8.17394 0.146512 0.692784
8.17483 0.147126 0.691982
8.17571 0.147739 0.691177
8.1766 0.148352 0.69037
8.17749 0.148965 0.689559
8.17838 0.149577 0.688746
8.17927 0.150189 0.687929
8.18015 0.1508 0.68711
8.18104 0.151411 0.686287
8.18193 0.152022 0.685462
8.18283 0.152632 0.684633
8.18372 0.153242 0.683802
8.18461 0.153851 0.682968
8.1855 0.15446 0.68213
8.18639 0.155069 0.68129
8.18729 0.155677 0.680447
8.18818 0.156285 0.679601
8.18908 0.156892 0.678751
8.18997 0.157499 0.677899
8.19087 0.158106 0.677044
8.19176 0.158712 0.676186
8.19266 0.159318 0.675325
8.19355 0.159923 0.674461
8.19445 0.160528 0.673593
8.19535 0.161132 0.672723
8.19625 0.161736 0.67185
8.19715 0.16234 0.670974
8.19805 0.162943 0.670095
8.19895 0.163546 0.669213
8.19985 0.164148 0.668328
8.20075 0.16475 0.667439
8.20165 0.165352 0.666548
8.20255 0.165953 0.665654
8.20346 0.166553 0.664757
8.20436 0.167153 0.663857
8.20526 0.167753 0.662954
8.20617 0.168352 0.662047
8.20707 0.168951 0.661138
8.20798 0.169549 0.660226
8.20888 0.170147 0.65931
8.20979 0.170745 0.658392
8.2107 0.171342 0.657471
8.21161 0.171938 0.656546
8.21252 0.172534 0.655619
8.21342 0.17313 0.654688
8.21433 0.173725 0.653755
8.21524 0.174319 0.652818
8.21615 0.174913 0.651879
8.21707 0.175507 0.650936
8.21798 0.1761 0.64999
8.21889 0.176693 0.649041
8.2198 0.177285 0.648089
8.22072 0.177877 0.647135
8.22163 0.178468 0.646177
8.22255 0.179059 0.645216
8.22346 0.179649 0.644251
8.22438 0.180239 0.643284
8.22529 0.180828 0.642314
8.22621 0.181417 0.641341
8.22713 0.182005 0.640364
8.22805 0.182593 0.639385
8.22897 0.18318 0.638402
8.22989 0.183766 0.637417
8.23081 0.184353 0.636428
8.23173 0.184938 0.635436
8.23265 0.185523 0.634441
8.23357 0.186108 0.633443
8.23449 0.186692 0.632442
8.23542 0.187276 0.631438
8.23634 0.187859 0.630431
8.23727 0.188441 0.62942
8.23819 0.189023 0.628407
8.23912 0.189604 0.62739
8.24004 0.190185 0.62637
8.24097 0.190766 0.625347
8.2419 0.191345 0.624321
8.24283 0.191925 0.623292
8.24376 0.192503 0.62226
8.24469 0.193081 0.621225
8.24562 0.193659 0.620186
8.24655 0.194236 0.619145
8.24748 0.194813 0.6181
8.24841 0.195388 0.617052
8.24935 0.195964 0.616001
8.25028 0.196538 0.614947
8.25121 0.197113 0.61389
8.25215 0.197686 0.612829
8.25309 0.198259 0.611766
8.25402 0.198832 0.610699
8.25496 0.199404 0.609629
8.2559 0.199975 0.608556
8.25684 0.200546 0.60748
8.25778 0.201116 0.6064
8.25872 0.201685 0.605318
8.25966 0.202254 0.604232
8.2606 0.202822 0.603143
8.26154 0.20339 0.602051
8.26248 0.203957 0.600956
8.26343 0.204523 0.599858
8.26437 0.205089 0.598756
8.26531 0.205655 0.597651
8.26626 0.206219 0.596543
8.26721 0.206783 0.595432
8.26815 0.207347 0.594318
8.2691 0.207909 0.5932
8.27005 0.208471 0.59208
8.271 0.209033 0.590956
8.27195 0.209594 0.589829
8.2729 0.210154 0.588698
8.27385 0.210713 0.587565
8.2748 0.211272 0.586428
8.27576 0.211831 0.585288
8.27671 0.212388 0.584145
8.27766 0.212945 0.582998
8.27862 0.213501 0.581849
8.27957 0.214057 0.580696
8.28053 0.214612 0.57954
8.28149 0.215166 0.57838
8.28245 0.21572 0.577218
8.28341 0.216273 0.576052
8.28437 0.216825 0.574883
8.28533 0.217377 0.573711
8.28629 0.217928 0.572535
8.28725 0.218478 0.571356
8.28821 0.219027 0.570174
8.28918 0.219576 0.568989
8.29014 0.220124 0.5678
8.29111 0.220672 0.566608
8.29207 0.221218 0.565413
8.29304 0.221764 0.564215
8.29401 0.22231 0.563013
8.29497 0.222854 0.561809
8.29594 0.223398 0.5606
8.29691 0.223941 0.559389
8.29788 0.224484 0.558174
8.29885 0.225025 0.556956
8.29983 0.225566 0.555735
8.3008 0.226107 0.55451
8.30177 0.226646 0.553282
8.30275 0.227185 0.552051
8.30372 0.227723 0.550817
8.3047 0.22826 0.549579
8.30568 0.228797 0.548338
8.30666 0.229332 0.547093
8.30764 0.229867 0.545846
8.30862 0.230401 0.544595
8.3096 0.230935 0.54334
8.31058 0.231467 0.542083
8.31156 0.231999 0.540822
8.31254 0.23253 0.539557
8.31353 0.233061 0.53829
8.31451 0.23359 0.537019
8.3155 0.234119 0.535744
8.31648 0.234647 0.534467
8.31747 0.235174 0.533186
8.31846 0.2357 0.531901
8.31945 0.236226 0.530614
8.32044 0.236751 0.529323
8.32143 0.237275 0.528028
8.32242 0.237798 0.526731
8.32341 0.23832 0.525429
8.32441 0.238841 0.524125
8.3254 0.239362 0.522817
8.3264 0.239882 0.521506
8.32739 0.240401 0.520192
8.32839 0.240919 0.518874
8.32939 0.241436 0.517552
8.33039 0.241952 0.516228
8.33139 0.242468 0.5149
8.33239 0.242983 0.513568
8.33339 0.243496 0.512233
8.33439 0.244009 0.510895
8.3354 0.244521 0.509554
8.3364 0.245033 0.508209
8.33741 0.245543 0.50686
8.33841 0.246052 0.505509
8.33942 0.246561 0.504153
8.34043 0.247068 0.502795
8.34144 0.247575 0.501433
8.34245 0.248081 0.500068
8.34346 0.248586 0.498699
8.34447 0.24909 0.497327
8.34548 0.249593 0.495951
8.3465 0.250095 0.494572
8.34751 0.250596 0.493189
8.34853 0.251097 0.491804
8.34955 0.251596 0.490414
8.35056 0.252094 0.489022
8.35158 0.252592 0.487625
8.3526 0.253088 0.486226
8.35362 0.253584 0.484823
8.35465 0.254079 0.483416
8.35567 0.254572 0.482006
8.35669 0.255065 0.480593
8.35772 0.255557 0.479176
8.35874 0.256047 0.477756
8.35977 0.256537 0.476333
8.3608 0.257026 0.474905
8.36182 0.257514 0.473475
8.36285 0.258 0.472041
8.36388 0.258486 0.470603
8.36492 0.258971 0.469162
8.36595 0.259455 0.467718
8.36698 0.259937 0.46627
8.36802 0.260419 0.464819
8.36905 0.2609 0.463364
8.37009 0.261379 0.461906
8.37113 0.261858 0.460444
8.37217 0.262335 0.458979
8.37321 0.262812 0.45751
8.37425 0.263287 0.456038
8.37529 0.263762 0.454563
8.37633 0.264235 0.453084
8.37738 0.264707 0.451601
8.37842 0.265178 0.450115
8.37947 0.265649 0.448626
8.38051 0.266118 0.447133
8.38156 0.266585 0.445636
8.38261 0.267052 0.444136
8.38366 0.267518 0.442633
8.38471 0.267982 0.441126
8.38577 0.268446 0.439616
8.38682 0.268908 0.438102
8.38787 0.269369 0.436585
8.38893 0.269829 0.435064
8.38999 0.270288 0.433539
8.39104 0.270746 0.432012
8.3921 0.271203 0.43048
8.39316 0.271658 0.428946
8.39422 0.272113 0.427407
8.39529 0.272566 0.425866
8.39635 0.273018 0.42432
8.39741 0.273468 0.422772
8.39848 0.273918 0.421219
8.39954 0.274366 0.419664
8.40061 0.274814 0.418105
8.40168 0.27526 0.416542
8.40275 0.275704 0.414976
8.40382 0.276148 0.413406
8.40489 0.27659 0.411833
8.40597 0.277031 0.410256
8.40704 0.277471 0.408676
8.40812 0.27791 0.407093
8.40919 0.278347 0.405506
8.41027 0.278783 0.403915
8.41135 0.279218 0.402321
8.41243 0.279652 0.400724
8.41351 0.280084 0.399123
8.41459 0.280515 0.397518
8.41568 0.280945 0.39591
8.41676 0.281373 0.394299
8.41784 0.2818 0.392684
8.41893 0.282226 0.391066
8.42002 0.28265 0.389444
8.42111 0.283074 0.387818
8.4222 0.283495 0.38619
8.42329 0.283916 0.384558
8.42438 0.284335 0.382922
8.42547 0.284753 0.381283
8.42657 0.285169 0.37964
8.42766 0.285584 0.377994
8.42876 0.285998 0.376345
8.42986 0.28641 0.374692
8.43096 0.286821 0.373036
8.43206 0.287231 0.371376
8.43316 0.287639 0.369713
8.43426 0.288046 0.368046
8.43537 0.288451 0.366376
8.43647 0.288855 0.364703
8.43758 0.289257 0.363026
8.43868 0.289658 0.361346
8.43979 0.290058 0.359662
8.4409 0.290456 0.357975
8.44201 0.290852 0.356284
8.44312 0.291247 0.354591
8.44424 0.291641 0.352893
8.44535 0.292033 0.351193
8.44647 0.292424 0.349489
8.44758 0.292813 0.347782
8.4487 0.293201 0.346071
8.44982 0.293587 0.344357
8.45094 0.293971 0.34264
8.45206 0.294355 0.340919
8.45318 0.294736 0.339195
8.4543 0.295116 0.337468
8.45543 0.295495 0.335737
8.45655 0.295871 0.334003
8.45768 0.296247 0.332266
8.45881 0.29662 0.330525
8.45994 0.296993 0.328781
8.46107 0.297363 0.327034
8.4622 0.297732 0.325284
8.46333 0.298099 0.32353
8.46446 0.298465 0.321774
8.4656 0.298829 0.320014
8.46673 0.299192 0.31825
8.46787 0.299552 0.316484
8.46901 0.299911 0.314714
8.47015 0.300269 0.312941
8.47129 0.300625 0.311165
8.47243 0.300979 0.309386
8.47357 0.301331 0.307604
8.47471 0.301682 0.305818
8.47586 0.302031 0.30403
8.477 0.302378 0.302238
8.47815 0.302724 0.300443
8.4793 0.303068 0.298645
8.48045 0.30341 0.296844
8.4816 0.30375 0.29504
8.48275 0.304089 0.293233
8.4839 0.304425 0.291423
8.48506 0.304761 0.289609
8.48621 0.305094 0.287793
8.48737 0.305425 0.285974
8.48852 0.305755 0.284152
8.48968 0.306083 0.282327
8.49084 0.306409 0.280499
8.492 0.306733 0.278668
8.49316 0.307056 0.276834
8.49432 0.307376 0.274997
8.49548 0.307695 0.273157
8.49665 0.308012 0.271315
8.49781 0.308327 0.26947
8.49898 0.30864 0.267621
8.50014 0.308951 0.26577
8.50131 0.30926 0.263917
8.50248 0.309568 0.26206
8.50365 0.309873 0.260201
8.50482 0.310177 0.258339
8.50599 0.310478 0.256474
8.50717 0.310778 0.254607
8.50834 0.311076 0.252737
8.50952 0.311372 0.250864
8.51069 0.311665 0.248989
8.51187 0.311957 0.247111
8.51304 0.312247 0.245231
8.51422 0.312535 0.243348
8.5154 0.312821 0.241463
8.51658 0.313105 0.239575
8.51776 0.313387 0.237684
8.51895 0.313667 0.235791
8.52013 0.313944 0.233896
8.52131 0.31422 0.231998
8.5225 0.314494 0.230098
8.52368 0.314766 0.228196
8.52487 0.315035 0.226291
8.52606 0.315303 0.224384
8.52725 0.315568 0.222475
8.52843 0.315832 0.220563
8.52962 0.316093 0.218649
8.53081 0.316352 0.216733
8.53201 0.316609 0.214815
8.5332 0.316864 0.212895
8.53439 0.317117 0.210973
8.53558 0.317367 0.209048
8.53678 0.317616 0.207122
8.53797 0.317862 0.205194
8.53917 0.318107 0.203263
8.54037 0.318349 0.201331
8.54156 0.318588 0.199397
8.54276 0.318826 0.197461
8.54396 0.319062 0.195523
8.54516 0.319295 0.193583
8.54636 0.319526 0.191641
8.54756 0.319755 0.189698
8.54876 0.319982 0.187753
8.54996 0.320206 0.185806
8.55116 0.320428 0.183858
8.55237 0.320648 0.181908
8.55357 0.320866 0.179956
8.55477 0.321082 0.178003
8.55598 0.321295 0.176049
8.55718 0.321506 0.174092
8.55839 0.321714 0.172135
8.5596 0.321921 0.170176
8.5608 0.322125 0.168216
8.56201 0.322327 0.166254
8.56322 0.322526 0.164291
8.56442 0.322724 0.162327
8.56563 0.322919 0.160362
8.56684 0.323111 0.158395
8.56805 0.323302 0.156427
8.56926 0.32349 0.154458
8.57047 0.323675 0.152488
8.57168 0.323859 0.150518
8.57289 0.32404 0.148546
8.5741 0.324218 0.146573
8.57531 0.324395 0.144599
8.57652 0.324569 0.142624
8.57774 0.32474 0.140649
8.57895 0.32491 0.138672
8.58016 0.325076 0.136695
8.58137 0.325241 0.134718
8.58259 0.325403 0.132739
8.5838 0.325563 0.13076
8.58501 0.32572 0.12878
8.58622 0.325875 0.1268
8.58744 0.326028 0.124819
8.58865 0.326178 0.122838
8.58987 0.326326 0.120857
8.59108 0.326472 0.118874
8.59229 0.326615 0.116892
8.59351 0.326755 0.114909
8.59472 0.326894 0.112926
8.59593 0.32703 0.110943
8.59715 0.327163 0.10896
8.59836 0.327294 0.106976
8.59958 0.327423 0.104992
8.60079 0.327549 0.103008
8.602 0.327673 0.101025
8.60322 0.327794 0.0990409
8.60443 0.327913 0.0970571
8.60564 0.32803 0.0950735
8.60686 0.328144 0.0930899
8.60807 0.328256 0.0911066
8.60928 0.328365 0.0891234
8.6105 0.328472 0.0871405
8.61171 0.328576 0.0851579
8.61292 0.328678 0.0831756
8.61413 0.328778 0.0811937
8.61535 0.328875 0.0792122
8.61656 0.32897 0.0772312
8.61777 0.329062 0.0752506
8.61898 0.329152 0.0732706
8.62019 0.32924 0.0712911
8.6214 0.329325 0.0693123
8.62261 0.329408 0.0673341
8.62382 0.329488 0.0653565
8.62503 0.329566 0.0633797
8.62624 0.329641 0.0614037
8.62745 0.329714 0.0594284
8.62866 0.329785 0.057454
8.62987 0.329853 0.0554804
8.63108 0.329919 0.0535078
8.63228 0.329983 0.0515361
8.63349 0.330044 0.0495654
8.6347 0.330102 0.0475957
8.6359 0.330158 0.045627
8.63711 0.330212 0.0436595
8.63831 0.330264 0.041693
8.63952 0.330313 0.0397278
8.64072 0.330359 0.0377637
8.64192 0.330403 0.0358009
8.64313 0.330445 0.0338393
8.64433 0.330485 0.031879
8.64553 0.330522 0.0299201
8.64673 0.330557 0.0279625
8.64793 0.330589 0.0260063
8.64913 0.330619 0.0240516
8.65033 0.330647 0.0220983
8.65153 0.330672 0.0201465
8.65273 0.330695 0.0181963
8.65392 0.330716 0.0162476
8.65512 0.330734 0.0143005
8.65632 0.33075 0.012355
8.65751 0.330764 0.0104112
8.65871 0.330775 0.00846904
8.6599 0.330784 0.00652861
8.66109 0.33079 0.00458991
8.66228 0.330795 0.00265299
8.66348 0.330797 0.000717872
8.66467 0.330796 -0.00121542
8.66586 0.330794 -0.00314686
8.66704 0.330789 -0.00507642
8.66823 0.330782 -0.00700407
8.66942 0.330772 -0.00892978
8.67061 0.330761 -0.0108535
8.67179 0.330747 -0.0127753
8.67298 0.33073 -0.014695
8.67416 0.330712 -0.0166127
8.67534 0.330691 -0.0185284
8.67653 0.330668 -0.0204419
8.67771 0.330643 -0.0223534
8.67889 0.330615 -0.0242627
8.68007 0.330585 -0.0261698
8.68125 0.330553 -0.0280748
8.68242 0.330519 -0.0299775
8.6836 0.330483 -0.0318781
8.68478 0.330444 -0.0337763
8.68595 0.330403 -0.0356723
8.68713 0.33036 -0.037566
8.6883 0.330315 -0.0394574
8.68947 0.330268 -0.0413465
8.69064 0.330218 -0.0432332
8.69181 0.330167 -0.0451175
8.69298 0.330113 -0.0469995
8.69415 0.330057 -0.048879
8.69532 0.329999 -0.0507561
8.69649 0.329938 -0.0526307
8.69765 0.329876 -0.0545029
8.69882 0.329811 -0.0563726
8.69998 0.329745 -0.0582398
8.70114 0.329676 -0.0601045
8.7023 0.329605 -0.0619666
8.70346 0.329532 -0.0638262
8.70462 0.329457 -0.0656832
8.70578 0.32938 -0.0675376
8.70694 0.329301 -0.0693894
8.70809 0.329219 -0.0712386
8.70925 0.329136 -0.0730852
8.7104 0.32905 -0.0749292
8.71156 0.328963 -0.0767704
8.71271 0.328873 -0.0786091
8.71386 0.328782 -0.080445
8.71501 0.328688 -0.0822782
8.71616 0.328593 -0.0841087
8.71731 0.328495 -0.0859365
8.71846 0.328395 -0.0877616
8.7196 0.328294 -0.0895839
8.72075 0.32819 -0.0914034
8.72189 0.328085 -0.0932202
8.72303 0.327977 -0.0950342
8.72417 0.327868 -0.0968454
8.72532 0.327756 -0.0986538
8.72646 0.327643 -0.100459
8.72759 0.327527 -0.102262
8.72873 0.32741 -0.104062
8.72987 0.327291 -0.105859
8.731 0.327169 -0.107653
8.73214 0.327046 -0.109445
8.73327 0.326921 -0.111233
8.7344 0.326794 -0.113019
8.73553 0.326665 -0.114801
8.73666 0.326535 -0.116581
8.73779 0.326402 -0.118358
8.73892 0.326268 -0.120132
8.74005 0.326131 -0.121903
8.74117 0.325993 -0.123672
8.7423 0.325853 -0.125437
8.74342 0.325711 -0.127199
8.74454 0.325567 -0.128958
8.74566 0.325422 -0.130715
8.74678 0.325274 -0.132468
8.7479 0.325125 -0.134219
8.74902 0.324974 -0.135966
8.75014 0.324821 -0.137711
8.75125 0.324667 -0.139452
8.75237 0.32451 -0.141191
8.75348 0.324352 -0.142926
8.75459 0.324192 -0.144659
8.75571 0.32403 -0.146388
8.75682 0.323867 -0.148115
8.75793 0.323701 -0.149838
8.75903 0.323534 -0.151559
8.76014 0.323366 -0.153276
8.76125 0.323195 -0.154991
8.76235 0.323023 -0.156702
8.76346 0.322849 -0.158411
8.76456 0.322673 -0.160116
8.76566 0.322496 -0.161819
8.76676 0.322317 -0.163518
8.76786 0.322136 -0.165214
8.76896 0.321954 -0.166907
8.77006 0.321769 -0.168597
8.77116 0.321584 -0.170285
8.77225 0.321396 -0.171969
8.77335 0.321207 -0.17365
8.77444 0.321016 -0.175328
8.77553 0.320824 -0.177002
8.77662 0.32063 -0.178674
8.77771 0.320434 -0.180343
8.7788 0.320237 -0.182009
8.77989 0.320038 -0.183671
8.78098 0.319837 -0.185331
8.78206 0.319635 -0.186987
8.78315 0.319431 -0.188641
8.78423 0.319226 -0.190291
8.78532 0.319019 -0.191938
8.7864 0.31881 -0.193583
8.78748 0.3186 -0.195224
8.78856 0.318388 -0.196862
8.78964 0.318175 -0.198497
8.79072 0.31796 -0.200128
8.79179 0.317744 -0.201757
8.79287 0.317526 -0.203383
8.79394 0.317306 -0.205006
8.79502 0.317085 -0.206625
8.79609 0.316863 -0.208242
8.79716 0.316638 -0.209855
8.79823 0.316413 -0.211465
8.7993 0.316186 -0.213072
8.80037 0.315957 -0.214677
8.80144 0.315727 -0.216278
8.80251 0.315495 -0.217876
8.80357 0.315262 -0.219471
8.80464 0.315028 -0.221062
8.8057 0.314792 -0.222651
8.80677 0.314554 -0.224237
8.80783 0.314315 -0.225819
8.80889 0.314075 -0.227399
8.80995 0.313833 -0.228975
8.81101 0.31359 -0.230549
8.81207 0.313345 -0.232119
8.81312 0.313099 -0.233686
8.81418 0.312851 -0.23525
8.81524 0.312602 -0.236811
8.81629 0.312351 -0.238369
8.81734 0.312099 -0.239924
8.8184 0.311846 -0.241476
8.81945 0.311591 -0.243025
8.8205 0.311335 -0.24457
8.82155 0.311078 -0.246113
8.8226 0.310819 -0.247652
8.82364 0.310558 -0.249189
8.82469 0.310297 -0.250722
8.82574 0.310034 -0.252253
8.82678 0.309769 -0.25378
8.82783 0.309504 -0.255304
8.82887 0.309237 -0.256825
8.82991 0.308968 -0.258344
8.83095 0.308698 -0.259859
8.83199 0.308427 -0.261371
8.83303 0.308155 -0.26288
8.83407 0.307881 -0.264386
8.83511 0.307606 -0.265888
8.83614 0.307329 -0.267388
8.83718 0.307051 -0.268885
8.83822 0.306772 -0.270379
8.83925 0.306492 -0.27187
8.84028 0.30621 -0.273357
8.84132 0.305927 -0.274842
8.84235 0.305643 -0.276323
8.84338 0.305358 -0.277802
8.84441 0.305071 -0.279277
8.84544 0.304783 -0.28075
8.84646 0.304493 -0.282219
8.84749 0.304203 -0.283686
8.84852 0.303911 -0.285149
8.84954 0.303617 -0.28661
8.85057 0.303323 -0.288067
8.85159 0.303027 -0.289521
8.85261 0.302731 -0.290973
8.85364 0.302432 -0.292421
8.85466 0.302133 -0.293866
8.85568 0.301832 -0.295309
8.8567 0.301531 -0.296748
8.85772 0.301228 -0.298184
8.85874 0.300923 -0.299617
8.85975 0.300618 -0.301048
8.86077 0.300311 -0.302475
8.86178 0.300003 -0.303899
8.8628 0.299694 -0.30532
8.86381 0.299384 -0.306739
8.86483 0.299072 -0.308154
8.86584 0.29876 -0.309566
8.86685 0.298446 -0.310976
8.86786 0.298131 -0.312382
8.86887 0.297815 -0.313785
8.86988 0.297497 -0.315186
8.87089 0.297179 -0.316583
8.87189 0.296859 -0.317977
8.8729 0.296539 -0.319369
8.87391 0.296217 -0.320757
8.87491 0.295893 -0.322143
8.87592 0.295569 -0.323525
8.87692 0.295244 -0.324905
8.87792 0.294917 -0.326281
8.87893 0.29459 -0.327655
8.87993 0.294261 -0.329026
8.88093 0.293931 -0.330393
8.88193 0.2936 -0.331758
8.88293 0.293268 -0.33312
8.88392 0.292935 -0.334479
8.88492 0.2926 -0.335835
8.88592 0.292265 -0.337187
8.88691 0.291928 -0.338538
8.88791 0.291591 -0.339885
8.8889 0.291252 -0.341229
8.8899 0.290912 -0.34257
8.89089 0.290571 -0.343908
8.89188 0.290229 -0.345243
8.89288 0.289886 -0.346576
8.89387 0.289542 -0.347905
8.89486 0.289197 -0.349232
8.89585 0.288851 -0.350555
8.89684 0.288503 -0.351876
8.89782 0.288155 -0.353194
8.89881 0.287806 -0.354509
8.8998 0.287455 -0.355821
8.90078 0.287104 -0.35713
8.90177 0.286751 -0.358436
8.90275 0.286398 -0.359739
8.90374 0.286043 -0.361039
8.90472 0.285688 -0.362337
8.9057 0.285331 -0.363631
8.90668 0.284973 -0.364923
8.90767 0.284614 -0.366212
8.90865 0.284255 -0.367497
8.90963 0.283894 -0.36878
8.91061 0.283532 -0.37006
8.91158 0.28317 -0.371337
8.91256 0.282806 -0.372612
8.91354 0.282441 -0.373883
8.91452 0.282075 -0.375152
8.91549 0.281709 -0.376417
8.91647 0.281341 -0.37768
8.91744 0.280972 -0.37894
8.91842 0.280603 -0.380197
8.91939 0.280232 -0.381451
8.92036 0.27986 -0.382702
8.92133 0.279488 -0.38395
8.9223 0.279114 -0.385196
8.92327 0.27874 -0.386439
8.92424 0.278364 -0.387678
8.92521 0.277988 -0.388915
8.92618 0.277611 -0.390149
8.92715 0.277232 -0.391381
8.92812 0.276853 -0.392609
8.92909 0.276473 -0.393834
8.93005 0.276092 -0.395057
8.93102 0.275709 -0.396277
8.93198 0.275326 -0.397494
8.93295 0.274943 -0.398708
8.93391 0.274558 -0.399919
8.93487 0.274172 -0.401128
8.93584 0.273785 -0.402333
8.9368 0.273397 -0.403536
8.93776 0.273009 -0.404736
8.93872 0.272619 -0.405933
8.93968 0.272229 -0.407127
8.94064 0.271838 -0.408319
8.9416 0.271446 -0.409508
8.94256 0.271053 -0.410693
8.94352 0.270659 -0.411876
8.94447 0.270264 -0.413057
8.94543 0.269868 -0.414234
8.94639 0.269471 -0.415408
8.94734 0.269074 -0.41658
8.9483 0.268675 -0.417749
8.94925 0.268276 -0.418915
8.95021 0.267876 -0.420078
8.95116 0.267475 -0.421239
8.95211 0.267073 -0.422397
8.95306 0.26667 -0.423552
8.95402 0.266267 -0.424704
8.95497 0.265862 -0.425853
8.95592 0.265457 -0.426999
8.95687 0.26505 -0.428143
8.95782 0.264643 -0.429284
8.95877 0.264236 -0.430422
8.95971 0.263827 -0.431558
8.96066 0.263417 -0.43269
8.96161 0.263007 -0.43382
8.96256 0.262595 -0.434947
8.9635 0.262183 -0.436071
8.96445 0.26177 -0.437192
8.96539 0.261357 -0.438311
8.96634 0.260942 -0.439427
8.96728 0.260527 -0.44054
8.96823 0.26011 -0.44165
8.96917 0.259693 -0.442758
8.97011 0.259276 -0.443863
8.97105 0.258857 -0.444965
8.972 0.258437 -0.446064
8.97294 0.258017 -0.447161
8.97388 0.257596 -0.448254
8.97482 0.257174 -0.449345
8.97576 0.256751 -0.450433
8.9767 0.256328 -0.451519
8.97763 0.255904 -0.452602
8.97857 0.255479 -0.453682
8.97951 0.255053 -0.454759
8.98045 0.254626 -0.455833
8.98138 0.254199 -0.456905
8.98232 0.253771 -0.457974
8.98326 0.253342 -0.45904
8.98419 0.252912 -0.460104
8.98512 0.252481 -0.461164
8.98606 0.25205 -0.462222
8.98699 0.251618 -0.463277
8.98793 0.251185 -0.46433
8.98886 0.250752 -0.46538
8.98979 0.250317 -0.466427
8.99072 0.249882 -0.467471
8.99165 0.249446 -0.468513
8.99258 0.24901 -0.469551
8.99352 0.248572 -0.470588
8.99445 0.248134 -0.471621
8.99537 0.247695 -0.472652
8.9963 0.247256 -0.47368
8.99723 0.246816 -0.474705
8.99816 0.246375 -0.475727
8.99909 0.245933 -0.476747
9.00001 0.24549 -0.477764
9.00094 0.245047 -0.478779
9.00187 0.244603 -0.47979
9.00279 0.244158 -0.480799
9.00372 0.243713 -0.481805
9.00464 0.243267 -0.482809
9.00557 0.24282 -0.48381
9.00649 0.242372 -0.484808
9.00742 0.241924 -0.485803
9.00834 0.241475 -0.486796
9.00926 0.241025 -0.487786
9.01019 0.240575 -0.488773
9.01111 0.240124 -0.489758
9.01203 0.239672 -0.490739
9.01295 0.23922 -0.491719
9.01387 0.238767 -0.492695
9.01479 0.238313 -0.493669
9.01571 0.237858 -0.49464
9.01663 0.237403 -0.495608
9.01755 0.236947 -0.496574
9.01847 0.23649 -0.497537
9.01939 0.236033 -0.498497
9.0203 0.235575 -0.499455
9.02122 0.235116 -0.50041
9.02214 0.234657 -0.501362
9.02306 0.234197 -0.502312
9.02397 0.233736 -0.503259
9.02489 0.233275 -0.504203
9.0258 0.232813 -0.505145
9.02672 0.23235 -0.506084
9.02763 0.231887 -0.50702
9.02855 0.231423 -0.507953
9.02946 0.230958 -0.508884
9.03037 0.230493 -0.509812
9.03129 0.230027 -0.510738
9.0322 0.229561 -0.511661
9.03311 0.229093 -0.512581
9.03402 0.228625 -0.513498
9.03494 0.228157 -0.514413
9.03585 0.227688 -0.515326
9.03676 0.227218 -0.516235
9.03767 0.226748 -0.517142
9.03858 0.226276 -0.518046
9.03949 0.225805 -0.518948
9.0404 0.225332 -0.519847
9.04131 0.224859 -0.520743
9.04222 0.224386 -0.521636
9.04312 0.223912 -0.522527
9.04403 0.223437 -0.523416
9.04494 0.222961 -0.524301
9.04585 0.222485 -0.525184
9.04675 0.222009 -0.526064
9.04766 0.221531 -0.526942
9.04857 0.221053 -0.527817
9.04947 0.220575 -0.528689
9.05038 0.220096 -0.529559
9.05128 0.219616 -0.530426
9.05219 0.219136 -0.531291
9.05309 0.218655 -0.532152
9.054 0.218173 -0.533012
9.0549 0.217691 -0.533868
9.0558 0.217209 -0.534722
9.05671 0.216725 -0.535573
9.05761 0.216241 -0.536422
9.05851 0.215757 -0.537268
9.05941 0.215272 -0.538111
9.06031 0.214786 -0.538952
9.06122 0.2143 -0.53979
9.06212 0.213813 -0.540625
9.06302 0.213326 -0.541458
9.06392 0.212838 -0.542288
9.06482 0.212349 -0.543116
9.06572 0.21186 -0.54394
9.06662 0.211371 -0.544763
9.06752 0.21088 -0.545582
9.06842 0.21039 -0.546399
9.06932 0.209898 -0.547214
9.07021 0.209406 -0.548025
9.07111 0.208914 -0.548835
9.07201 0.208421 -0.549641
9.07291 0.207927 -0.550445
9.0738 0.207433 -0.551246
9.0747 0.206939 -0.552045
9.0756 0.206443 -0.552841
9.07649 0.205948 -0.553634
9.07739 0.205451 -0.554425
9.07828 0.204954 -0.555213
9.07918 0.204457 -0.555999
9.08007 0.203959 -0.556782
9.08097 0.20346 -0.557562
9.08186 0.202961 -0.55834
9.08276 0.202462 -0.559115
9.08365 0.201962 -0.559888
9.08454 0.201461 -0.560658
9.08544 0.20096 -0.561425
9.08633 0.200458 -0.56219
9.08722 0.199956 -0.562952
9.08812 0.199453 -0.563711
9.08901 0.19895 -0.564468
9.0899 0.198446 -0.565222
9.09079 0.197942 -0.565974
9.09168 0.197437 -0.566723
9.09257 0.196932 -0.56747
9.09346 0.196426 -0.568214
9.09436 0.19592 -0.568955
9.09525 0.195413 -0.569693
9.09614 0.194906 -0.57043
9.09702 0.194398 -0.571163
9.09791 0.19389 -0.571894
9.0988 0.193381 -0.572622
9.09969 0.192872 -0.573348
9.10058 0.192362 -0.574071
9.10147 0.191851 -0.574792
9.10236 0.191341 -0.575509
9.10325 0.190829 -0.576225
9.10413 0.190317 -0.576938
9.10502 0.189805 -0.577648
9.10591 0.189292 -0.578355
9.10679 0.188779 -0.57906
9.10768 0.188265 -0.579763
9.10857 0.187751 -0.580462
9.10945 0.187237 -0.58116
9.11034 0.186721 -0.581854
9.11123 0.186206 -0.582546
9.11211 0.18569 -0.583236
9.113 0.185173 -0.583923
9.11388 0.184656 -0.584607
9.11477 0.184139 -0.585289
9.11565 0.183621 -0.585968
9.11653 0.183102 -0.586644
9.11742 0.182583 -0.587318
9.1183 0.182064 -0.58799
9.11919 0.181544 -0.588658
9.12007 0.181024 -0.589325
9.12095 0.180503 -0.589988
9.12183 0.179982 -0.590649
9.12272 0.17946 -0.591308
9.1236 0.178938 -0.591964
9.12448 0.178416 -0.592617
9.12536 0.177893 -0.593268
9.12625 0.177369 -0.593916
9.12713 0.176845 -0.594562
9.12801 0.176321 -0.595205
9.12889 0.175796 -0.595845
9.12977 0.175271 -0.596483
9.13065 0.174746 -0.597118
9.13153 0.174219 -0.597751
9.13241 0.173693 -0.598381
9.13329 0.173166 -0.599009
9.13417 0.172639 -0.599634
9.13505 0.172111 -0.600257
9.13593 0.171583 -0.600876
9.13681 0.171054 -0.601494
9.13769 0.170525 -0.602109
9.13857 0.169996 -0.602721
9.13945 0.169466 -0.60333
9.14033 0.168935 -0.603938
9.1412 0.168405 -0.604542
9.14208 0.167874 -0.605144
9.14296 0.167342 -0.605744
9.14384 0.16681 -0.60634
9.14472 0.166278 -0.606935
9.14559 0.165745 -0.607526
9.14647 0.165212 -0.608116
9.14735 0.164678 -0.608702
9.14822 0.164144 -0.609286
9.1491 0.16361 -0.609868
9.14998 0.163075 -0.610447
9.15085 0.16254 -0.611023
9.15173 0.162004 -0.611597
9.15261 0.161469 -0.612168
9.15348 0.160932 -0.612737
9.15436 0.160395 -0.613303
9.15523 0.159858 -0.613867
9.15611 0.159321 -0.614428
9.15698 0.158783 -0.614986
9.15786 0.158245 -0.615542
9.15873 0.157706 -0.616095
9.15961 0.157167 -0.616646
9.16048 0.156627 -0.617194
9.16136 0.156088 -0.61774
9.16223 0.155548 -0.618283
9.1631 0.155007 -0.618824
9.16398 0.154466 -0.619362
9.16485 0.153925 -0.619898
9.16572 0.153383 -0.620431
9.1666 0.152841 -0.620961
9.16747 0.152299 -0.621489
9.16834 0.151756 -0.622014
9.16922 0.151213 -0.622537
9.17009 0.150669 -0.623057
9.17096 0.150125 -0.623575
9.17183 0.149581 -0.62409
9.17271 0.149037 -0.624603
9.17358 0.148492 -0.625113
9.17445 0.147946 -0.62562
9.17532 0.147401 -0.626125
9.17619 0.146855 -0.626627
9.17706 0.146309 -0.627127
9.17794 0.145762 -0.627625
9.17881 0.145215 -0.628119
9.17968 0.144668 -0.628612
9.18055 0.14412 -0.629101
9.18142 0.143572 -0.629588
9.18229 0.143023 -0.630073
9.18316 0.142475 -0.630555
9.18403 0.141926 -0.631035
9.1849 0.141376 -0.631512
9.18577 0.140826 -0.631986
9.18664 0.140276 -0.632458
9.18751 0.139726 -0.632927
9.18838 0.139175 -0.633394
9.18925 0.138624 -0.633858
9.19012 0.138073 -0.63432
9.19099 0.137521 -0.634779
9.19186 0.136969 -0.635236
9.19273 0.136417 -0.63569
9.1936 0.135864 -0.636142
9.19447 0.135311 -0.636591
9.19534 0.134758 -0.637037
9.1962 0.134204 -0.637481
9.19707 0.13365 -0.637923
9.19794 0.133096 -0.638362
9.19881 0.132542 -0.638798
9.19968 0.131987 -0.639232
9.20055 0.131432 -0.639663
9.20141 0.130876 -0.640092
9.20228 0.13032 -0.640518
9.20315 0.129764 -0.640942
9.20402 0.129208 -0.641363
9.20489 0.128651 -0.641782
9.20575 0.128094 -0.642198
9.20662 0.127537 -0.642611
9.20749 0.12698 -0.643022
9.20836 0.126422 -0.643431
9.20922 0.125864 -0.643837
9.21009 0.125305 -0.64424
9.21096 0.124746 -0.644641
9.21182 0.124187 -0.645039
9.21269 0.123628 -0.645435
9.21356 0.123069 -0.645828
9.21442 0.122509 -0.646219
9.21529 0.121948 -0.646607
9.21616 0.121388 -0.646993
9.21702 0.120827 -0.647376
9.21789 0.120266 -0.647757
9.21876 0.119705 -0.648135
9.21962 0.119144 -0.648511
9.22049 0.118582 -0.648884
9.22135 0.11802 -0.649254
9.22222 0.117457 -0.649622
9.22309 0.116895 -0.649988
9.22395 0.116332 -0.650351
9.22482 0.115769 -0.650711
9.22568 0.115205 -0.651069
9.22655 0.114642 -0.651424
9.22741 0.114078 -0.651777
9.22828 0.113513 -0.652127
9.22914 0.112949 -0.652475
9.23001 0.112384 -0.65282
9.23087 0.111819 -0.653163
9.23174 0.111254 -0.653503
9.23261 0.110689 -0.653841
9.23347 0.110123 -0.654176
9.23434 0.109557 -0.654508
9.2352 0.108991 -0.654839
9.23606 0.108424 -0.655166
9.23693 0.107857 -0.655491
9.23779 0.10729 -0.655814
9.23866 0.106723 -0.656134
9.23952 0.106156 -0.656451
9.24039 0.105588 -0.656766
9.24125 0.10502 -0.657078
9.24212 0.104452 -0.657388
9.24298 0.103884 -0.657695
9.24385 0.103315 -0.658
9.24471 0.102746 -0.658302
9.24557 0.102177 -0.658602
9.24644 0.101608 -0.658899
9.2473 0.101038 -0.659194
9.24817 0.100468 -0.659486
9.24903 0.0998984 -0.659776
9.2499 0.0993282 -0.660063
9.25076 0.0987577 -0.660347
9.25162 0.0981871 -0.66063
9.25249 0.0976162 -0.660909
9.25335 0.0970451 -0.661186
9.25422 0.0964737 -0.661461
9.25508 0.0959022 -0.661733
9.25594 0.0953304 -0.662002
9.25681 0.0947585 -0.662269
9.25767 0.0941863 -0.662533
9.25853 0.0936139 -0.662795
9.2594 0.0930413 -0.663054
9.26026 0.0924685 -0.663311
9.26113 0.0918955 -0.663565
9.26199 0.0913223 -0.663817
9.26285 0.0907488 -0.664066
9.26372 0.0901752 -0.664313
9.26458 0.0896014 -0.664557
9.26544 0.0890274 -0.664799
9.26631 0.0884532 -0.665038
9.26717 0.0878787 -0.665275
9.26803 0.0873041 -0.665509
9.2689 0.0867293 -0.66574
9.26976 0.0861544 -0.665969
9.27063 0.0855792 -0.666196
9.27149 0.0850038 -0.66642
9.27235 0.0844282 -0.666641
9.27322 0.0838525 -0.66686
9.27408 0.0832766 -0.667076
9.27494 0.0827005 -0.66729
9.27581 0.0821242 -0.667502
9.27667 0.0815477 -0.66771
9.27753 0.080971 -0.667917
9.2784 0.0803942 -0.668121
9.27926 0.0798172 -0.668322
9.28012 0.07924 -0.66852
9.28099 0.0786627 -0.668717
9.28185 0.0780851 -0.66891
9.28271 0.0775074 -0.669101
9.28358 0.0769296 -0.66929
9.28444 0.0763515 -0.669476
9.2853 0.0757733 -0.66966
9.28617 0.075195 -0.669841
9.28703 0.0746164 -0.670019
9.2879 0.0740378 -0.670195
9.28876 0.0734589 -0.670369
9.28962 0.0728799 -0.670539
9.29049 0.0723007 -0.670708
9.29135 0.0717214 -0.670874
9.29221 0.0711419 -0.671037
9.29308 0.0705623 -0.671198
9.29394 0.0699825 -0.671356
9.2948 0.0694025 -0.671512
9.29567 0.0688224 -0.671665
9.29653 0.0682422 -0.671816
9.2974 0.0676618 -0.671964
9.29826 0.0670813 -0.67211
9.29912 0.0665006 -0.672253
9.29999 0.0659198 -0.672393
9.30085 0.0653388 -0.672531
9.30172 0.0647577 -0.672667
9.30258 0.0641764 -0.6728
9.30344 0.0635951 -0.67293
9.30431 0.0630135 -0.673058
9.30517 0.0624319 -0.673184
9.30604 0.0618501 -0.673307
9.3069 0.0612682 -0.673427
9.30776 0.0606861 -0.673545
9.30863 0.060104 -0.67366
9.30949 0.0595216 -0.673773
9.31036 0.0589392 -0.673883
9.31122 0.0583566 -0.673991
9.31209 0.057774 -0.674096
9.31295 0.0571912 -0.674198
9.31382 0.0566082 -0.674299
9.31468 0.0560252 -0.674396
9.31554 0.055442 -0.674491
9.31641 0.0548587 -0.674584
9.31727 0.0542753 -0.674674
9.31814 0.0536918 -0.674761
9.319 0.0531082 -0.674846
9.31987 0.0525244 -0.674928
9.32073 0.0519406 -0.675008
9.3216 0.0513566 -0.675086
9.32246 0.0507726 -0.67516
9.32333 0.0501884 -0.675233
9.32419 0.0496041 -0.675302
9.32506 0.0490197 -0.675369
9.32593 0.0484352 -0.675434
9.32679 0.0478506 -0.675496
9.32766 0.047266 -0.675556
9.32852 0.0466812 -0.675613
9.32939 0.0460963 -0.675667
9.33025 0.0455113 -0.675719
9.33112 0.0449262 -0.675769
9.33199 0.0443411 -0.675816
9.33285 0.0437558 -0.67586
9.33372 0.0431705 -0.675902
9.33458 0.042585 -0.675941
9.33545 0.0419995 -0.675978
9.33632 0.0414139 -0.676012
9.33718 0.0408282 -0.676044
9.33805 0.0402424 -0.676073
9.33892 0.0396566 -0.676099
9.33978 0.0390706 -0.676123
9.34065 0.0384846 -0.676145
9.34152 0.0378985 -0.676164
9.34238 0.0373124 -0.67618
9.34325 0.0367261 -0.676194
9.34412 0.0361398 -0.676205
9.34498 0.0355534 -0.676214
9.34585 0.0349669 -0.67622
9.34672 0.0343804 -0.676224
9.34759 0.0337938 -0.676225
9.34845 0.0332071 -0.676224
9.34932 0.0326204 -0.67622
9.35019 0.0320336 -0.676214
9.35106 0.0314467 -0.676205
9.35192 0.0308598 -0.676193
9.35279 0.0302728 -0.676179
9.35366 0.0296858 -0.676162
9.35453 0.0290987 -0.676143
9.3554 0.0285115 -0.676121
9.35627 0.0279243 -0.676097
9.35713 0.027337 -0.67607
9.358 0.0267497 -0.676041
9.35887 0.0261623 -0.676009
9.35974 0.0255749 -0.675974
9.36061 0.0249874 -0.675937
9.36148 0.0243999 -0.675898
9.36235 0.0238124 -0.675856
9.36322 0.0232248 -0.675811
9.36409 0.0226371 -0.675764
9.36496 0.0220494 -0.675714
9.36583 0.0214617 -0.675662
9.3667 0.0208739 -0.675607
9.36757 0.0202861 -0.675549
9.36844 0.0196983 -0.675489
9.36931 0.0191104 -0.675427
9.37018 0.0185225 -0.675362
9.37105 0.0179346 -0.675294
9.37192 0.0173466 -0.675224
9.37279 0.0167586 -0.675151
9.37366 0.0161706 -0.675076
9.37453 0.0155826 -0.674998
9.3754 0.0149945 -0.674918
9.37628 0.0144064 -0.674835
9.37715 0.0138183 -0.674749
9.37802 0.0132301 -0.674661
9.37889 0.012642 -0.67457
9.37976 0.0120538 -0.674477
9.38063 0.0114656 -0.674381
9.38151 0.0108774 -0.674283
9.38238 0.0102891 -0.674182
9.38325 0.00970091 -0.674079
9.38412 0.00911266 -0.673973
9.385 0.0085244 -0.673864
9.38587 0.00793613 -0.673753
9.38674 0.00734786 -0.673639
9.38762 0.00675958 -0.673523
9.38849 0.00617129 -0.673404
9.38936 0.00558301 -0.673283
9.39024 0.00499472 -0.673159
9.39111 0.00440643 -0.673032
9.39199 0.00381814 -0.672903
9.39286 0.00322986 -0.672772
9.39374 0.00264158 -0.672637
9.39461 0.0020533 -0.672501
9.39548 0.00146503 -0.672361
9.39636 0.000876773 -0.672219
9.39723 0.000288522 -0.672075
9.39811 -0.000299718 -0.671928
9.39899 -0.000887946 -0.671778
9.39986 -0.00147616 -0.671626
9.40074 -0.00206436 -0.671471
9.40161 -0.00265254 -0.671314
9.40249 -0.00324071 -0.671154
9.40337 -0.00382885 -0.670991
9.40424 -0.00441698 -0.670826
9.40512 -0.00500508 -0.670658
9.406 -0.00559316 -0.670488
9.40687 -0.00618122 -0.670315
9.40775 -0.00676924 -0.67014
9.40863 -0.00735725 -0.669962
9.40951 -0.00794522 -0.669781
9.41038 -0.00853316 -0.669598
9.41126 -0.00912107 -0.669412
9.41214 -0.00970895 -0.669224
9.41302 -0.0102968 -0.669033
9.4139 -0.0108846 -0.66884
9.41478 -0.0114724 -0.668644
9.41566 -0.0120601 -0.668445
9.41654 -0.0126478 -0.668244
9.41741 -0.0132354 -0.66804
9.41829 -0.013823 -0.667833
9.41917 -0.0144106 -0.667624
9.42005 -0.0149981 -0.667413
9.42093 -0.0155856 -0.667199
9.42182 -0.016173 -0.666982
9.4227 -0.0167604 -0.666763
9.42358 -0.0173477 -0.666541
9.42446 -0.017935 -0.666316
9.42534 -0.0185222 -0.666089
9.42622 -0.0191093 -0.665859
9.4271 -0.0196964 -0.665627
9.42799 -0.0202835 -0.665392
9.42887 -0.0208704 -0.665154
9.42975 -0.0214574 -0.664914
9.43063 -0.0220442 -0.664672
9.43152 -0.022631 -0.664426
9.4324 -0.0232177 -0.664178
9.43328 -0.0238044 -0.663928
9.43417 -0.024391 -0.663675
9.43505 -0.0249775 -0.663419
9.43593 -0.025564 -0.663161
9.43682 -0.0261503 -0.6629
9.4377 -0.0267366 -0.662636
9.43859 -0.0273229 -0.66237
9.43947 -0.027909 -0.662101
9.44036 -0.0284951 -0.66183
9.44124 -0.0290811 -0.661556
9.44213 -0.029667 -0.66128
9.44302 -0.0302528 -0.661
9.4439 -0.0308385 -0.660719
9.44479 -0.0314242 -0.660434
9.44568 -0.0320098 -0.660147
9.44656 -0.0325952 -0.659858
9.44745 -0.0331806 -0.659565
9.44834 -0.0337659 -0.659271
9.44923 -0.0343511 -0.658973
9.45011 -0.0349362 -0.658673
9.451 -0.0355213 -0.65837
9.45189 -0.0361062 -0.658065
9.45278 -0.036691 -0.657757
9.45367 -0.0372757 -0.657446
9.45456 -0.0378603 -0.657133
9.45545 -0.0384448 -0.656817
9.45634 -0.0390292 -0.656499
9.45723 -0.0396135 -0.656178
9.45812 -0.0401977 -0.655854
9.45901 -0.0407818 -0.655528
9.4599 -0.0413658 -0.655199
9.46079 -0.0419496 -0.654867
9.46168 -0.0425334 -0.654533
9.46258 -0.043117 -0.654196
9.46347 -0.0437005 -0.653857
9.46436 -0.0442839 -0.653515
9.46525 -0.0448672 -0.65317
9.46615 -0.0454504 -0.652823
9.46704 -0.0460334 -0.652473
9.46793 -0.0466163 -0.65212
9.46883 -0.0471991 -0.651765
9.46972 -0.0477817 -0.651407
9.47062 -0.0483643 -0.651046
9.47151 -0.0489467 -0.650683
9.47241 -0.0495289 -0.650317
9.4733 -0.0501111 -0.649949
9.4742 -0.0506931 -0.649578
9.47509 -0.0512749 -0.649204
9.47599 -0.0518566 -0.648828
9.47689 -0.0524382 -0.648448
9.47778 -0.0530197 -0.648067
9.47868 -0.053601 -0.647682
9.47958 -0.0541821 -0.647295
9.48048 -0.0547631 -0.646906
9.48137 -0.055344 -0.646513
9.48227 -0.0559247 -0.646118
9.48317 -0.0565053 -0.645721
9.48407 -0.0570857 -0.64532
9.48497 -0.057666 -0.644917
9.48587 -0.0582461 -0.644512
9.48677 -0.058826 -0.644104
9.48767 -0.0594058 -0.643693
9.48857 -0.0599854 -0.643279
9.48947 -0.0605649 -0.642863
9.49037 -0.0611442 -0.642444
9.49127 -0.0617234 -0.642022
9.49218 -0.0623023 -0.641598
9.49308 -0.0628812 -0.641171
9.49398 -0.0634598 -0.640741
9.49489 -0.0640383 -0.640309
9.49579 -0.0646166 -0.639874
9.49669 -0.0651947 -0.639436
9.4976 -0.0657726 -0.638996
9.4985 -0.0663504 -0.638553
9.49941 -0.066928 -0.638107
9.50031 -0.0675054 -0.637659
9.50122 -0.0680827 -0.637208
9.50212 -0.0686597 -0.636754
9.50303 -0.0692366 -0.636298
9.50394 -0.0698133 -0.635839
9.50484 -0.0703898 -0.635377
9.50575 -0.0709661 -0.634913
9.50666 -0.0715422 -0.634446
9.50757 -0.0721181 -0.633976
9.50847 -0.0726938 -0.633503
9.50938 -0.0732694 -0.633028
9.51029 -0.0738447 -0.63255
9.5112 -0.0744198 -0.632069
9.51211 -0.0749948 -0.631586
9.51302 -0.0755695 -0.6311
9.51393 -0.076144 -0.630611
9.51484 -0.0767183 -0.63012
9.51576 -0.0772925 -0.629626
9.51667 -0.0778664 -0.629129
9.51758 -0.0784401 -0.628629
9.51849 -0.0790135 -0.628127
9.51941 -0.0795868 -0.627622
9.52032 -0.0801599 -0.627115
9.52123 -0.0807327 -0.626604
9.52215 -0.0813053 -0.626091
9.52306 -0.0818777 -0.625575
9.52398 -0.0824499 -0.625057
9.52489 -0.0830218 -0.624536
9.52581 -0.0835935 -0.624012
9.52672 -0.084165 -0.623485
9.52764 -0.0847363 -0.622955
9.52856 -0.0853073 -0.622423
9.52947 -0.0858781 -0.621888
9.53039 -0.0864487 -0.621351
9.53131 -0.087019 -0.620811
9.53223 -0.0875891 -0.620268
9.53315 -0.088159 -0.619722
9.53407 -0.0887286 -0.619173
9.53499 -0.0892979 -0.618622
9.53591 -0.0898671 -0.618068
9.53683 -0.0904359 -0.617511
9.53775 -0.0910046 -0.616952
9.53867 -0.0915729 -0.61639
9.53959 -0.0921411 -0.615825
9.54052 -0.092709 -0.615257
9.54144 -0.0932766 -0.614686
9.54236 -0.0938439 -0.614113
9.54329 -0.094411 -0.613537
9.54421 -0.0949779 -0.612959
9.54514 -0.0955445 -0.612377
9.54606 -0.0961108 -0.611793
9.54699 -0.0966768 -0.611206
9.54791 -0.0972426 -0.610616
9.54884 -0.0978081 -0.610024
9.54977 -0.0983734 -0.609429
9.55069 -0.0989383 -0.608831
9.55162 -0.099503 -0.60823
9.55255 -0.100067 -0.607626
9.55348 -0.100632 -0.60702
9.55441 -0.101195 -0.606411
9.55534 -0.101759 -0.605799
9.55627 -0.102322 -0.605184
9.5572 -0.102885 -0.604567
9.55813 -0.103448 -0.603947
9.55906 -0.10401 -0.603324
9.56 -0.104573 -0.602698
9.56093 -0.105134 -0.602069
9.56186 -0.105696 -0.601438
9.5628 -0.106257 -0.600804
9.56373 -0.106818 -0.600167
9.56466 -0.107379 -0.599527
9.5656 -0.107939 -0.598885
9.56653 -0.108499 -0.598239
9.56747 -0.109059 -0.597591
9.56841 -0.109618 -0.59694
9.56934 -0.110178 -0.596287
9.57028 -0.110736 -0.59563
9.57122 -0.111295 -0.594971
9.57216 -0.111853 -0.594309
9.5731 -0.112411 -0.593644
9.57404 -0.112968 -0.592976
9.57498 -0.113526 -0.592306
9.57592 -0.114083 -0.591632
9.57686 -0.114639 -0.590956
9.5778 -0.115195 -0.590277
9.57874 -0.115751 -0.589595
9.57969 -0.116307 -0.58891
9.58063 -0.116862 -0.588223
9.58157 -0.117417 -0.587533
9.58252 -0.117972 -0.586839
9.58346 -0.118526 -0.586143
9.58441 -0.11908 -0.585445
9.58536 -0.119633 -0.584743
9.5863 -0.120186 -0.584038
9.58725 -0.120739 -0.583331
9.5882 -0.121292 -0.582621
9.58915 -0.121844 -0.581908
9.59009 -0.122396 -0.581192
9.59104 -0.122947 -0.580473
9.59199 -0.123498 -0.579752
9.59294 -0.124049 -0.579027
9.5939 -0.124599 -0.5783
9.59485 -0.125149 -0.57757
9.5958 -0.125699 -0.576837
9.59675 -0.126248 -0.576101
9.59771 -0.126797 -0.575362
9.59866 -0.127346 -0.574621
9.59961 -0.127894 -0.573876
9.60057 -0.128442 -0.573129
9.60152 -0.128989 -0.572379
9.60248 -0.129536 -0.571625
9.60344 -0.130083 -0.570869
9.6044 -0.130629 -0.570111
9.60535 -0.131175 -0.569349
9.60631 -0.13172 -0.568584
9.60727 -0.132265 -0.567817
9.60823 -0.13281 -0.567046
9.60919 -0.133354 -0.566273
9.61015 -0.133898 -0.565497
9.61111 -0.134442 -0.564718
9.61208 -0.134985 -0.563936
9.61304 -0.135527 -0.563151
9.614 -0.13607 -0.562363
9.61497 -0.136612 -0.561572
9.61593 -0.137153 -0.560778
9.6169 -0.137694 -0.559982
9.61786 -0.138235 -0.559182
9.61883 -0.138775 -0.55838
9.6198 -0.139315 -0.557575
9.62077 -0.139854 -0.556766
9.62174 -0.140393 -0.555955
9.6227 -0.140931 -0.555141
9.62367 -0.14147 -0.554324
9.62465 -0.142007 -0.553504
9.62562 -0.142544 -0.552681
9.62659 -0.143081 -0.551855
9.62756 -0.143617 -0.551026
9.62853 -0.144153 -0.550195
9.62951 -0.144689 -0.54936
9.63048 -0.145224 -0.548522
9.63146 -0.145758 -0.547682
9.63243 -0.146292 -0.546838
9.63341 -0.146826 -0.545992
9.63439 -0.147359 -0.545142
9.63537 -0.147892 -0.54429
9.63634 -0.148424 -0.543434
9.63732 -0.148956 -0.542576
9.6383 -0.149487 -0.541715
9.63928 -0.150018 -0.54085
9.64027 -0.150549 -0.539983
9.64125 -0.151079 -0.539113
9.64223 -0.151608 -0.538239
9.64321 -0.152137 -0.537363
9.6442 -0.152666 -0.536484
9.64518 -0.153194 -0.535602
9.64617 -0.153721 -0.534716
9.64716 -0.154248 -0.533828
9.64814 -0.154775 -0.532937
9.64913 -0.155301 -0.532043
9.65012 -0.155826 -0.531145
9.65111 -0.156351 -0.530245
9.6521 -0.156876 -0.529342
9.65309 -0.1574 -0.528435
9.65408 -0.157923 -0.527526
9.65507 -0.158446 -0.526614
9.65607 -0.158969 -0.525698
9.65706 -0.159491 -0.52478
9.65806 -0.160012 -0.523859
9.65905 -0.160533 -0.522934
9.66005 -0.161054 -0.522007
9.66104 -0.161574 -0.521076
9.66204 -0.162093 -0.520143
9.66304 -0.162612 -0.519206
9.66404 -0.16313 -0.518266
9.66504 -0.163648 -0.517323
9.66604 -0.164165 -0.516378
9.66704 -0.164682 -0.515429
9.66804 -0.165198 -0.514477
9.66905 -0.165714 -0.513522
9.67005 -0.166229 -0.512564
9.67106 -0.166743 -0.511603
9.67206 -0.167257 -0.510639
9.67307 -0.167771 -0.509671
9.67407 -0.168283 -0.508701
9.67508 -0.168796 -0.507727
9.67609 -0.169307 -0.506751
9.6771 -0.169818 -0.505771
9.67811 -0.170329 -0.504789
9.67912 -0.170839 -0.503803
9.68013 -0.171348 -0.502814
9.68115 -0.171857 -0.501822
9.68216 -0.172365 -0.500827
9.68318 -0.172873 -0.499828
9.68419 -0.17338 -0.498827
9.68521 -0.173886 -0.497823
9.68622 -0.174392 -0.496815
9.68724 -0.174897 -0.495804
9.68826 -0.175402 -0.49479
9.68928 -0.175906 -0.493773
9.6903 -0.17641 -0.492753
9.69132 -0.176912 -0.49173
9.69235 -0.177415 -0.490704
9.69337 -0.177916 -0.489674
9.69439 -0.178417 -0.488641
9.69542 -0.178917 -0.487606
9.69644 -0.179417 -0.486567
9.69747 -0.179916 -0.485524
9.6985 -0.180414 -0.484479
9.69953 -0.180912 -0.483431
9.70056 -0.181409 -0.482379
9.70159 -0.181906 -0.481324
9.70262 -0.182402 -0.480266
9.70365 -0.182897 -0.479205
9.70468 -0.183391 -0.478141
9.70572 -0.183885 -0.477073
9.70675 -0.184378 -0.476002
9.70779 -0.184871 -0.474928
9.70882 -0.185363 -0.473851
9.70986 -0.185854 -0.472771
9.7109 -0.186344 -0.471687
9.71194 -0.186834 -0.470601
9.71298 -0.187323 -0.469511
9.71402 -0.187812 -0.468417
9.71507 -0.1883 -0.467321
9.71611 -0.188787 -0.466221
9.71715 -0.189273 -0.465119
9.7182 -0.189759 -0.464012
9.71924 -0.190244 -0.462903
9.72029 -0.190728 -0.461791
9.72134 -0.191211 -0.460675
9.72239 -0.191694 -0.459556
9.72344 -0.192176 -0.458433
9.72449 -0.192658 -0.457308
9.72554 -0.193138 -0.456179
9.7266 -0.193618 -0.455047
9.72765 -0.194097 -0.453912
9.72871 -0.194576 -0.452773
9.72976 -0.195053 -0.451631
9.73082 -0.19553 -0.450486
9.73188 -0.196006 -0.449338
9.73294 -0.196482 -0.448186
9.734 -0.196956 -0.447031
9.73506 -0.19743 -0.445873
9.73612 -0.197903 -0.444711
9.73719 -0.198376 -0.443546
9.73825 -0.198847 -0.442378
9.73932 -0.199318 -0.441207
9.74038 -0.199788 -0.440032
9.74145 -0.200257 -0.438854
9.74252 -0.200726 -0.437673
9.74359 -0.201193 -0.436488
9.74466 -0.20166 -0.4353
9.74573 -0.202126 -0.434109
9.74681 -0.202591 -0.432914
9.74788 -0.203056 -0.431716
9.74895 -0.203519 -0.430515
9.75003 -0.203982 -0.42931
9.75111 -0.204444 -0.428102
9.75219 -0.204905 -0.426891
9.75327 -0.205365 -0.425676
9.75435 -0.205825 -0.424458
9.75543 -0.206283 -0.423236
9.75651 -0.206741 -0.422012
9.7576 -0.207198 -0.420783
9.75868 -0.207654 -0.419552
9.75977 -0.208109 -0.418317
9.76086 -0.208563 -0.417079
9.76194 -0.209017 -0.415837
9.76303 -0.209469 -0.414592
9.76413 -0.209921 -0.413344
9.76522 -0.210372 -0.412092
9.76631 -0.210821 -0.410837
9.7674 -0.21127 -0.409578
9.7685 -0.211718 -0.408316
9.7696 -0.212166 -0.407051
9.7707 -0.212612 -0.405782
9.77179 -0.213057 -0.40451
9.77289 -0.213501 -0.403234
9.774 -0.213945 -0.401955
9.7751 -0.214387 -0.400673
9.7762 -0.214829 -0.399387
9.77731 -0.21527 -0.398098
9.77841 -0.215709 -0.396805
9.77952 -0.216148 -0.395509
9.78063 -0.216586 -0.39421
9.78174 -0.217023 -0.392907
9.78285 -0.217459 -0.3916
9.78396 -0.217893 -0.39029
9.78508 -0.218327 -0.388977
9.78619 -0.21876 -0.38766
9.78731 -0.219192 -0.38634
9.78843 -0.219623 -0.385016
9.78954 -0.220053 -0.383689
9.79066 -0.220482 -0.382359
9.79178 -0.22091 -0.381025
9.79291 -0.221337 -0.379687
9.79403 -0.221762 -0.378346
9.79516 -0.222187 -0.377002
9.79628 -0.222611 -0.375654
9.79741 -0.223034 -0.374303
9.79854 -0.223456 -0.372948
9.79967 -0.223876 -0.37159
9.8008 -0.224296 -0.370228
9.80193 -0.224714 -0.368863
9.80307 -0.225132 -0.367494
9.8042 -0.225548 -0.366122
9.80534 -0.225963 -0.364746
9.80647 -0.226378 -0.363367
9.80761 -0.226791 -0.361984
9.80875 -0.227203 -0.360598
9.8099 -0.227614 -0.359208
9.81104 -0.228023 -0.357815
9.81218 -0.228432 -0.356419
9.81333 -0.228839 -0.355018
9.81448 -0.229246 -0.353615
9.81562 -0.229651 -0.352208
9.81677 -0.230055 -0.350797
9.81792 -0.230458 -0.349383
9.81908 -0.23086 -0.347965
9.82023 -0.23126 -0.346544
9.82138 -0.23166 -0.345119
9.82254 -0.232058 -0.343691
9.8237 -0.232455 -0.34226
9.82486 -0.232851 -0.340825
9.82602 -0.233246 -0.339386
9.82718 -0.233639 -0.337944
9.82834 -0.234031 -0.336498
9.82951 -0.234423 -0.335049
9.83067 -0.234812 -0.333596
9.83184 -0.235201 -0.33214
9.83301 -0.235588 -0.33068
9.83418 -0.235974 -0.329217
9.83535 -0.236359 -0.327751
9.83652 -0.236743 -0.32628
9.8377 -0.237125 -0.324807
9.83887 -0.237506 -0.32333
9.84005 -0.237886 -0.321849
9.84123 -0.238264 -0.320365
9.84241 -0.238641 -0.318877
9.84359 -0.239017 -0.317386
9.84477 -0.239391 -0.315891
9.84596 -0.239764 -0.314393
9.84714 -0.240136 -0.312892
9.84833 -0.240507 -0.311386
9.84952 -0.240876 -0.309878
9.85071 -0.241244 -0.308366
9.8519 -0.24161 -0.30685
9.85309 -0.241975 -0.305331
9.85429 -0.242339 -0.303809
9.85548 -0.242701 -0.302283
9.85668 -0.243062 -0.300754
9.85788 -0.243421 -0.299221
9.85908 -0.243779 -0.297685
9.86028 -0.244136 -0.296145
9.86148 -0.244491 -0.294602
9.86268 -0.244845 -0.293055
9.86389 -0.245197 -0.291505
9.86509 -0.245548 -0.289952
9.8663 -0.245897 -0.288395
9.86751 -0.246245 -0.286835
9.86872 -0.246592 -0.285271
9.86994 -0.246937 -0.283704
9.87115 -0.24728 -0.282133
9.87237 -0.247622 -0.280559
9.87358 -0.247962 -0.278982
9.8748 -0.248301 -0.277402
9.87602 -0.248639 -0.275818
9.87724 -0.248974 -0.27423
9.87846 -0.249309 -0.27264
9.87969 -0.249641 -0.271046
9.88091 -0.249973 -0.269448
9.88214 -0.250302 -0.267848
9.88337 -0.25063 -0.266244
9.8846 -0.250956 -0.264636
9.88583 -0.251281 -0.263026
9.88706 -0.251604 -0.261412
9.88829 -0.251926 -0.259795
9.88953 -0.252246 -0.258174
9.89077 -0.252564 -0.256551
9.892 -0.252881 -0.254924
9.89324 -0.253196 -0.253294
9.89448 -0.253509 -0.25166
9.89573 -0.25382 -0.250024
9.89697 -0.25413 -0.248384
9.89821 -0.254438 -0.246741
9.89946 -0.254745 -0.245095
9.90071 -0.25505 -0.243446
9.90196 -0.255353 -0.241794
9.90321 -0.255654 -0.240138
9.90446 -0.255954 -0.23848
9.90571 -0.256251 -0.236818
9.90697 -0.256548 -0.235153
9.90822 -0.256842 -0.233486
9.90948 -0.257134 -0.231815
9.91074 -0.257425 -0.230141
9.912 -0.257714 -0.228464
9.91326 -0.258001 -0.226785
9.91452 -0.258286 -0.225102
9.91579 -0.25857 -0.223416
9.91705 -0.258851 -0.221728
9.91832 -0.259131 -0.220036
9.91959 -0.259409 -0.218342
9.92085 -0.259685 -0.216645
9.92212 -0.259959 -0.214944
9.9234 -0.260231 -0.213242
9.92467 -0.260501 -0.211536
9.92594 -0.26077 -0.209827
9.92722 -0.261036 -0.208116
9.92849 -0.261301 -0.206402
9.92977 -0.261563 -0.204686
9.93105 -0.261824 -0.202966
9.93233 -0.262082 -0.201244
9.93361 -0.262339 -0.19952
9.93489 -0.262594 -0.197792
9.93618 -0.262847 -0.196063
9.93746 -0.263097 -0.19433
9.93875 -0.263346 -0.192595
9.94003 -0.263593 -0.190858
9.94132 -0.263838 -0.189118
9.94261 -0.26408 -0.187376
9.9439 -0.264321 -0.185631
9.94519 -0.264559 -0.183884
9.94648 -0.264796 -0.182135
9.94778 -0.26503 -0.180383
9.94907 -0.265263 -0.178629
9.95037 -0.265493 -0.176873
9.95166 -0.265721 -0.175114
9.95296 -0.265947 -0.173353
9.95426 -0.266171 -0.17159
9.95556 -0.266393 -0.169825
9.95686 -0.266613 -0.168058
9.95816 -0.26683 -0.166289
9.95946 -0.267045 -0.164518
9.96077 -0.267259 -0.162745
9.96207 -0.26747 -0.16097
9.96337 -0.267679 -0.159193
9.96468 -0.267885 -0.157414
9.96599 -0.26809 -0.155633
9.96729 -0.268292 -0.15385
9.9686 -0.268492 -0.152066
9.96991 -0.26869 -0.15028
9.97122 -0.268886 -0.148492
9.97253 -0.269079 -0.146703
9.97384 -0.26927 -0.144912
9.97515 -0.269459 -0.143119
9.97647 -0.269646 -0.141325
9.97778 -0.26983 -0.139529
9.97909 -0.270012 -0.137732
9.98041 -0.270192 -0.135934
9.98172 -0.27037 -0.134134
9.98304 -0.270545 -0.132333
9.98435 -0.270718 -0.13053
9.98567 -0.270889 -0.128726
9.98699 -0.271057 -0.126921
9.9883 -0.271223 -0.125115
9.98962 -0.271387 -0.123308
9.99094 -0.271548 -0.1215
9.99226 -0.271707 -0.11969
9.99358 -0.271864 -0.11788
9.9949 -0.272018 -0.116069
9.99622 -0.27217 -0.114257
9.99754 -0.27232 -0.112444
9.99886 -0.272467 -0.11063
10 -0.272592 -0.109067
